ISO-10303-21;
HEADER;
/* Generated by software containing ST-Developer
 * from STEP Tools, Inc. (www.steptools.com) 
 */
/* OPTION: using custom renumber hook */

FILE_DESCRIPTION(
/* description */ ('STEP AP242 Edition 2',
'CAx-IF Rec.Pracs.---Representation and Presentation of Product Manufa
cturing Information (PMI)---4.0---2014-10-13',
'CAx-IF Rec.Pracs.---3D Tessellated Geometry---0.4---2014-09-14','2;1',
'CAx-IF Rec.Pracs.---User Defined Attributes---1.5---2016-08-15'),
/* implementation_level */ '2;1');

FILE_NAME(
/* name */ 'Part Studio 2',
/* time_stamp */ '2026-05-30T05:13:02Z',
/* author */ (''),
/* organization */ (''),
/* preprocessor_version */ 'ST-DEVELOPER v20',
/* originating_system */ 'ONSHAPE BY PTC INC, 1.215',
/* authorisation */ '  ');

FILE_SCHEMA (('AP242_MANAGED_MODEL_BASED_3D_ENGINEERING_MIM_LF { 1 0 10303 442 3 1 4 }'));
ENDSEC;

DATA;
#10=SHAPE_REPRESENTATION_RELATIONSHIP('','',#2431,#12);
#11=SHAPE_REPRESENTATION_RELATIONSHIP('','',#2432,#13);
#12=ADVANCED_BREP_SHAPE_REPRESENTATION('',(#2427),#4050);
#13=ADVANCED_BREP_SHAPE_REPRESENTATION('',(#2428),#4051);
#14=CYLINDRICAL_SURFACE('',#2460,0.0015);
#15=CYLINDRICAL_SURFACE('',#2462,0.0015);
#16=CYLINDRICAL_SURFACE('',#2464,0.0015);
#17=CYLINDRICAL_SURFACE('',#2466,0.0015);
#18=CYLINDRICAL_SURFACE('',#2495,0.065);
#19=CYLINDRICAL_SURFACE('',#2500,0.065);
#20=CYLINDRICAL_SURFACE('',#2505,0.065);
#21=CYLINDRICAL_SURFACE('',#2510,0.065);
#22=CYLINDRICAL_SURFACE('',#2534,0.002);
#23=CYLINDRICAL_SURFACE('',#2535,0.002);
#24=CYLINDRICAL_SURFACE('',#2536,0.002);
#25=CYLINDRICAL_SURFACE('',#2537,0.002);
#26=CYLINDRICAL_SURFACE('',#2540,0.0005);
#27=CYLINDRICAL_SURFACE('',#2542,0.0005);
#28=CYLINDRICAL_SURFACE('',#2544,0.0005);
#29=CYLINDRICAL_SURFACE('',#2547,0.0005);
#30=CYLINDRICAL_SURFACE('',#2552,0.0005);
#31=CYLINDRICAL_SURFACE('',#2554,0.0005);
#32=CYLINDRICAL_SURFACE('',#2556,0.0005);
#33=CYLINDRICAL_SURFACE('',#2559,0.0005);
#34=CYLINDRICAL_SURFACE('',#2565,0.0005);
#35=CYLINDRICAL_SURFACE('',#2567,0.0005);
#36=CYLINDRICAL_SURFACE('',#2569,0.0005);
#37=CYLINDRICAL_SURFACE('',#2571,0.0005);
#38=CYLINDRICAL_SURFACE('',#2577,0.0005);
#39=CYLINDRICAL_SURFACE('',#2579,0.0005);
#40=CYLINDRICAL_SURFACE('',#2581,0.0005);
#41=CYLINDRICAL_SURFACE('',#2583,0.0005);
#42=CYLINDRICAL_SURFACE('',#2586,0.0012);
#43=CYLINDRICAL_SURFACE('',#2587,0.0012);
#44=CYLINDRICAL_SURFACE('',#2588,0.0012);
#45=CYLINDRICAL_SURFACE('',#2589,0.0012);
#46=CYLINDRICAL_SURFACE('',#2590,0.0012);
#47=CYLINDRICAL_SURFACE('',#2591,0.0012);
#48=CYLINDRICAL_SURFACE('',#2592,0.0012);
#49=CYLINDRICAL_SURFACE('',#2593,0.0012);
#50=CYLINDRICAL_SURFACE('',#2596,0.0015);
#51=CYLINDRICAL_SURFACE('',#2599,0.0015);
#52=CYLINDRICAL_SURFACE('',#2602,0.0015);
#53=CYLINDRICAL_SURFACE('',#2605,0.0015);
#54=CYLINDRICAL_SURFACE('',#2607,0.065);
#55=CYLINDRICAL_SURFACE('',#2617,0.056);
#56=CYLINDRICAL_SURFACE('',#2620,0.056);
#57=CYLINDRICAL_SURFACE('',#2625,0.051);
#58=CYLINDRICAL_SURFACE('',#2645,0.00263999484735901);
#59=CYLINDRICAL_SURFACE('',#2648,0.0015);
#60=CYLINDRICAL_SURFACE('',#2652,0.00263999484735901);
#61=CYLINDRICAL_SURFACE('',#2655,0.0015);
#62=CYLINDRICAL_SURFACE('',#2659,0.00263999484735901);
#63=CYLINDRICAL_SURFACE('',#2662,0.0015);
#64=CYLINDRICAL_SURFACE('',#2666,0.00263999484735901);
#65=CYLINDRICAL_SURFACE('',#2669,0.0015);
#66=LINE('',#3372,#282);
#67=LINE('',#3377,#283);
#68=LINE('',#3381,#284);
#69=LINE('',#3385,#285);
#70=LINE('',#3389,#286);
#71=LINE('',#3393,#287);
#72=LINE('',#3397,#288);
#73=LINE('',#3401,#289);
#74=LINE('',#3405,#290);
#75=LINE('',#3409,#291);
#76=LINE('',#3413,#292);
#77=LINE('',#3417,#293);
#78=LINE('',#3424,#294);
#79=LINE('',#3427,#295);
#80=LINE('',#3429,#296);
#81=LINE('',#3431,#297);
#82=LINE('',#3433,#298);
#83=LINE('',#3435,#299);
#84=LINE('',#3437,#300);
#85=LINE('',#3439,#301);
#86=LINE('',#3441,#302);
#87=LINE('',#3443,#303);
#88=LINE('',#3445,#304);
#89=LINE('',#3449,#305);
#90=LINE('',#3453,#306);
#91=LINE('',#3455,#307);
#92=LINE('',#3457,#308);
#93=LINE('',#3459,#309);
#94=LINE('',#3461,#310);
#95=LINE('',#3463,#311);
#96=LINE('',#3465,#312);
#97=LINE('',#3467,#313);
#98=LINE('',#3469,#314);
#99=LINE('',#3471,#315);
#100=LINE('',#3473,#316);
#101=LINE('',#3475,#317);
#102=LINE('',#3477,#318);
#103=LINE('',#3479,#319);
#104=LINE('',#3481,#320);
#105=LINE('',#3483,#321);
#106=LINE('',#3485,#322);
#107=LINE('',#3489,#323);
#108=LINE('',#3493,#324);
#109=LINE('',#3495,#325);
#110=LINE('',#3497,#326);
#111=LINE('',#3499,#327);
#112=LINE('',#3501,#328);
#113=LINE('',#3503,#329);
#114=LINE('',#3505,#330);
#115=LINE('',#3508,#331);
#116=LINE('',#3510,#332);
#117=LINE('',#3512,#333);
#118=LINE('',#3514,#334);
#119=LINE('',#3516,#335);
#120=LINE('',#3518,#336);
#121=LINE('',#3520,#337);
#122=LINE('',#3522,#338);
#123=LINE('',#3524,#339);
#124=LINE('',#3526,#340);
#125=LINE('',#3528,#341);
#126=LINE('',#3530,#342);
#127=LINE('',#3532,#343);
#128=LINE('',#3534,#344);
#129=LINE('',#3536,#345);
#130=LINE('',#3538,#346);
#131=LINE('',#3540,#347);
#132=LINE('',#3542,#348);
#133=LINE('',#3545,#349);
#134=LINE('',#3546,#350);
#135=LINE('',#3548,#351);
#136=LINE('',#3550,#352);
#137=LINE('',#3552,#353);
#138=LINE('',#3582,#354);
#139=LINE('',#3584,#355);
#140=LINE('',#3586,#356);
#141=LINE('',#3587,#357);
#142=LINE('',#3589,#358);
#143=LINE('',#3591,#359);
#144=LINE('',#3592,#360);
#145=LINE('',#3594,#361);
#146=LINE('',#3596,#362);
#147=LINE('',#3598,#363);
#148=LINE('',#3601,#364);
#149=LINE('',#3602,#365);
#150=LINE('',#3620,#366);
#151=LINE('',#3622,#367);
#152=LINE('',#3624,#368);
#153=LINE('',#3625,#369);
#154=LINE('',#3627,#370);
#155=LINE('',#3629,#371);
#156=LINE('',#3630,#372);
#157=LINE('',#3632,#373);
#158=LINE('',#3634,#374);
#159=LINE('',#3636,#375);
#160=LINE('',#3639,#376);
#161=LINE('',#3640,#377);
#162=LINE('',#3642,#378);
#163=LINE('',#3644,#379);
#164=LINE('',#3645,#380);
#165=LINE('',#3647,#381);
#166=LINE('',#3648,#382);
#167=LINE('',#3650,#383);
#168=LINE('',#3651,#384);
#169=LINE('',#3653,#385);
#170=LINE('',#3659,#386);
#171=LINE('',#3661,#387);
#172=LINE('',#3663,#388);
#173=LINE('',#3665,#389);
#174=LINE('',#3668,#390);
#175=LINE('',#3669,#391);
#176=LINE('',#3671,#392);
#177=LINE('',#3675,#393);
#178=LINE('',#3677,#394);
#179=LINE('',#3679,#395);
#180=LINE('',#3682,#396);
#181=LINE('',#3683,#397);
#182=LINE('',#3685,#398);
#183=LINE('',#3688,#399);
#184=LINE('',#3689,#400);
#185=LINE('',#3691,#401);
#186=LINE('',#3695,#402);
#187=LINE('',#3697,#403);
#188=LINE('',#3699,#404);
#189=LINE('',#3702,#405);
#190=LINE('',#3703,#406);
#191=LINE('',#3705,#407);
#192=LINE('',#3708,#408);
#193=LINE('',#3709,#409);
#194=LINE('',#3711,#410);
#195=LINE('',#3715,#411);
#196=LINE('',#3717,#412);
#197=LINE('',#3719,#413);
#198=LINE('',#3721,#414);
#199=LINE('',#3723,#415);
#200=LINE('',#3725,#416);
#201=LINE('',#3728,#417);
#202=LINE('',#3729,#418);
#203=LINE('',#3731,#419);
#204=LINE('',#3735,#420);
#205=LINE('',#3737,#421);
#206=LINE('',#3756,#422);
#207=LINE('',#3759,#423);
#208=LINE('',#3762,#424);
#209=LINE('',#3765,#425);
#210=LINE('',#3772,#426);
#211=LINE('',#3774,#427);
#212=LINE('',#3776,#428);
#213=LINE('',#3778,#429);
#214=LINE('',#3786,#430);
#215=LINE('',#3791,#431);
#216=LINE('',#3793,#432);
#217=LINE('',#3795,#433);
#218=LINE('',#3797,#434);
#219=LINE('',#3805,#435);
#220=LINE('',#3810,#436);
#221=LINE('',#3812,#437);
#222=LINE('',#3814,#438);
#223=LINE('',#3816,#439);
#224=LINE('',#3818,#440);
#225=LINE('',#3829,#441);
#226=LINE('',#3831,#442);
#227=LINE('',#3833,#443);
#228=LINE('',#3835,#444);
#229=LINE('',#3837,#445);
#230=LINE('',#3875,#446);
#231=LINE('',#3880,#447);
#232=LINE('',#3884,#448);
#233=LINE('',#3888,#449);
#234=LINE('',#3892,#450);
#235=LINE('',#3896,#451);
#236=LINE('',#3900,#452);
#237=LINE('',#3904,#453);
#238=LINE('',#3911,#454);
#239=LINE('',#3915,#455);
#240=LINE('',#3917,#456);
#241=LINE('',#3922,#457);
#242=LINE('',#3928,#458);
#243=LINE('',#3930,#459);
#244=LINE('',#3932,#460);
#245=LINE('',#3933,#461);
#246=LINE('',#3935,#462);
#247=LINE('',#3937,#463);
#248=LINE('',#3942,#464);
#249=LINE('',#3944,#465);
#250=LINE('',#3946,#466);
#251=LINE('',#3947,#467);
#252=LINE('',#3949,#468);
#253=LINE('',#3951,#469);
#254=LINE('',#3954,#470);
#255=LINE('',#3958,#471);
#256=LINE('',#3959,#472);
#257=LINE('',#3963,#473);
#258=LINE('',#3964,#474);
#259=LINE('',#3968,#475);
#260=LINE('',#3969,#476);
#261=LINE('',#3973,#477);
#262=LINE('',#3983,#478);
#263=LINE('',#3984,#479);
#264=LINE('',#3988,#480);
#265=LINE('',#3990,#481);
#266=LINE('',#3993,#482);
#267=LINE('',#3995,#483);
#268=LINE('',#3999,#484);
#269=LINE('',#4001,#485);
#270=LINE('',#4007,#486);
#271=LINE('',#4009,#487);
#272=LINE('',#4013,#488);
#273=LINE('',#4015,#489);
#274=LINE('',#4021,#490);
#275=LINE('',#4023,#491);
#276=LINE('',#4027,#492);
#277=LINE('',#4029,#493);
#278=LINE('',#4035,#494);
#279=LINE('',#4037,#495);
#280=LINE('',#4041,#496);
#281=LINE('',#4043,#497);
#282=VECTOR('',#2680,1.);
#283=VECTOR('',#2683,1.);
#284=VECTOR('',#2686,1.);
#285=VECTOR('',#2689,1.);
#286=VECTOR('',#2692,1.);
#287=VECTOR('',#2695,1.);
#288=VECTOR('',#2698,1.);
#289=VECTOR('',#2701,1.);
#290=VECTOR('',#2704,1.);
#291=VECTOR('',#2707,1.);
#292=VECTOR('',#2710,1.);
#293=VECTOR('',#2713,1.);
#294=VECTOR('',#2720,1.);
#295=VECTOR('',#2721,1.);
#296=VECTOR('',#2722,1.);
#297=VECTOR('',#2723,1.);
#298=VECTOR('',#2724,1.);
#299=VECTOR('',#2725,1.);
#300=VECTOR('',#2726,1.);
#301=VECTOR('',#2727,1.);
#302=VECTOR('',#2728,1.);
#303=VECTOR('',#2729,1.);
#304=VECTOR('',#2730,1.);
#305=VECTOR('',#2733,1.);
#306=VECTOR('',#2736,1.);
#307=VECTOR('',#2737,1.);
#308=VECTOR('',#2738,1.);
#309=VECTOR('',#2739,1.);
#310=VECTOR('',#2740,1.);
#311=VECTOR('',#2741,1.);
#312=VECTOR('',#2742,1.);
#313=VECTOR('',#2743,1.);
#314=VECTOR('',#2744,1.);
#315=VECTOR('',#2745,1.);
#316=VECTOR('',#2746,1.);
#317=VECTOR('',#2747,1.);
#318=VECTOR('',#2748,1.);
#319=VECTOR('',#2749,1.);
#320=VECTOR('',#2750,1.);
#321=VECTOR('',#2751,1.);
#322=VECTOR('',#2752,1.);
#323=VECTOR('',#2755,1.);
#324=VECTOR('',#2758,1.);
#325=VECTOR('',#2759,1.);
#326=VECTOR('',#2760,1.);
#327=VECTOR('',#2761,1.);
#328=VECTOR('',#2762,1.);
#329=VECTOR('',#2763,1.);
#330=VECTOR('',#2766,1.);
#331=VECTOR('',#2767,1.);
#332=VECTOR('',#2768,1.);
#333=VECTOR('',#2769,1.);
#334=VECTOR('',#2770,1.);
#335=VECTOR('',#2771,1.);
#336=VECTOR('',#2772,1.);
#337=VECTOR('',#2773,1.);
#338=VECTOR('',#2774,1.);
#339=VECTOR('',#2775,1.);
#340=VECTOR('',#2776,1.);
#341=VECTOR('',#2777,1.);
#342=VECTOR('',#2780,1.);
#343=VECTOR('',#2781,1.);
#344=VECTOR('',#2782,1.);
#345=VECTOR('',#2785,1.);
#346=VECTOR('',#2786,1.);
#347=VECTOR('',#2787,1.);
#348=VECTOR('',#2790,1.);
#349=VECTOR('',#2791,1.);
#350=VECTOR('',#2792,1.);
#351=VECTOR('',#2795,1.);
#352=VECTOR('',#2796,1.);
#353=VECTOR('',#2797,1.);
#354=VECTOR('',#2832,1.);
#355=VECTOR('',#2833,1.);
#356=VECTOR('',#2834,1.);
#357=VECTOR('',#2835,1.);
#358=VECTOR('',#2836,1.);
#359=VECTOR('',#2837,1.);
#360=VECTOR('',#2838,1.);
#361=VECTOR('',#2839,1.);
#362=VECTOR('',#2840,1.);
#363=VECTOR('',#2843,1.);
#364=VECTOR('',#2844,1.);
#365=VECTOR('',#2845,1.);
#366=VECTOR('',#2864,1.);
#367=VECTOR('',#2865,1.);
#368=VECTOR('',#2866,1.);
#369=VECTOR('',#2867,1.);
#370=VECTOR('',#2868,1.);
#371=VECTOR('',#2869,1.);
#372=VECTOR('',#2870,1.);
#373=VECTOR('',#2871,1.);
#374=VECTOR('',#2872,1.);
#375=VECTOR('',#2875,1.);
#376=VECTOR('',#2876,1.);
#377=VECTOR('',#2877,1.);
#378=VECTOR('',#2880,1.);
#379=VECTOR('',#2881,1.);
#380=VECTOR('',#2882,1.);
#381=VECTOR('',#2883,1.);
#382=VECTOR('',#2884,1.);
#383=VECTOR('',#2885,1.);
#384=VECTOR('',#2886,1.);
#385=VECTOR('',#2887,1.);
#386=VECTOR('',#2898,1.);
#387=VECTOR('',#2899,1.);
#388=VECTOR('',#2900,1.);
#389=VECTOR('',#2903,1.);
#390=VECTOR('',#2904,1.);
#391=VECTOR('',#2905,1.);
#392=VECTOR('',#2908,1.);
#393=VECTOR('',#2913,1.);
#394=VECTOR('',#2914,1.);
#395=VECTOR('',#2917,1.);
#396=VECTOR('',#2918,1.);
#397=VECTOR('',#2919,1.);
#398=VECTOR('',#2922,1.);
#399=VECTOR('',#2923,1.);
#400=VECTOR('',#2924,1.);
#401=VECTOR('',#2927,1.);
#402=VECTOR('',#2932,1.);
#403=VECTOR('',#2933,1.);
#404=VECTOR('',#2936,1.);
#405=VECTOR('',#2937,1.);
#406=VECTOR('',#2938,1.);
#407=VECTOR('',#2941,1.);
#408=VECTOR('',#2942,1.);
#409=VECTOR('',#2943,1.);
#410=VECTOR('',#2946,1.);
#411=VECTOR('',#2951,1.);
#412=VECTOR('',#2952,1.);
#413=VECTOR('',#2955,1.);
#414=VECTOR('',#2956,1.);
#415=VECTOR('',#2957,1.);
#416=VECTOR('',#2960,1.);
#417=VECTOR('',#2961,1.);
#418=VECTOR('',#2962,1.);
#419=VECTOR('',#2965,1.);
#420=VECTOR('',#2970,1.);
#421=VECTOR('',#2971,1.);
#422=VECTOR('',#3000,1.);
#423=VECTOR('',#3005,1.);
#424=VECTOR('',#3010,1.);
#425=VECTOR('',#3015,1.);
#426=VECTOR('',#3028,1.);
#427=VECTOR('',#3029,1.);
#428=VECTOR('',#3030,1.);
#429=VECTOR('',#3033,1.);
#430=VECTOR('',#3048,1.);
#431=VECTOR('',#3057,1.);
#432=VECTOR('',#3058,1.);
#433=VECTOR('',#3059,1.);
#434=VECTOR('',#3062,1.);
#435=VECTOR('',#3077,1.);
#436=VECTOR('',#3086,1.);
#437=VECTOR('',#3087,1.);
#438=VECTOR('',#3090,1.);
#439=VECTOR('',#3091,1.);
#440=VECTOR('',#3094,1.);
#441=VECTOR('',#3115,1.);
#442=VECTOR('',#3116,1.);
#443=VECTOR('',#3119,1.);
#444=VECTOR('',#3120,1.);
#445=VECTOR('',#3123,1.);
#446=VECTOR('',#3188,1.);
#447=VECTOR('',#3191,1.);
#448=VECTOR('',#3194,1.);
#449=VECTOR('',#3197,1.);
#450=VECTOR('',#3200,1.);
#451=VECTOR('',#3203,1.);
#452=VECTOR('',#3206,1.);
#453=VECTOR('',#3209,1.);
#454=VECTOR('',#3216,1.);
#455=VECTOR('',#3219,1.);
#456=VECTOR('',#3222,1.);
#457=VECTOR('',#3225,1.);
#458=VECTOR('',#3232,1.);
#459=VECTOR('',#3233,1.);
#460=VECTOR('',#3234,1.);
#461=VECTOR('',#3235,1.);
#462=VECTOR('',#3236,1.);
#463=VECTOR('',#3237,1.);
#464=VECTOR('',#3244,1.);
#465=VECTOR('',#3245,1.);
#466=VECTOR('',#3246,1.);
#467=VECTOR('',#3247,1.);
#468=VECTOR('',#3248,1.);
#469=VECTOR('',#3249,1.);
#470=VECTOR('',#3254,1.);
#471=VECTOR('',#3257,1.);
#472=VECTOR('',#3258,1.);
#473=VECTOR('',#3261,1.);
#474=VECTOR('',#3262,1.);
#475=VECTOR('',#3265,1.);
#476=VECTOR('',#3266,1.);
#477=VECTOR('',#3269,1.);
#478=VECTOR('',#3280,1.);
#479=VECTOR('',#3281,1.);
#480=VECTOR('',#3288,1.);
#481=VECTOR('',#3291,1.);
#482=VECTOR('',#3296,1.);
#483=VECTOR('',#3297,1.);
#484=VECTOR('',#3302,1.);
#485=VECTOR('',#3305,1.);
#486=VECTOR('',#3314,1.);
#487=VECTOR('',#3315,1.);
#488=VECTOR('',#3320,1.);
#489=VECTOR('',#3323,1.);
#490=VECTOR('',#3332,1.);
#491=VECTOR('',#3333,1.);
#492=VECTOR('',#3338,1.);
#493=VECTOR('',#3341,1.);
#494=VECTOR('',#3350,1.);
#495=VECTOR('',#3351,1.);
#496=VECTOR('',#3356,1.);
#497=VECTOR('',#3359,1.);
#498=ORIENTED_EDGE('',*,*,#1152,.T.);
#499=ORIENTED_EDGE('',*,*,#1153,.F.);
#500=ORIENTED_EDGE('',*,*,#1154,.T.);
#501=ORIENTED_EDGE('',*,*,#1155,.T.);
#502=ORIENTED_EDGE('',*,*,#1156,.T.);
#503=ORIENTED_EDGE('',*,*,#1157,.T.);
#504=ORIENTED_EDGE('',*,*,#1158,.F.);
#505=ORIENTED_EDGE('',*,*,#1159,.T.);
#506=ORIENTED_EDGE('',*,*,#1160,.T.);
#507=ORIENTED_EDGE('',*,*,#1161,.T.);
#508=ORIENTED_EDGE('',*,*,#1162,.T.);
#509=ORIENTED_EDGE('',*,*,#1163,.T.);
#510=ORIENTED_EDGE('',*,*,#1164,.F.);
#511=ORIENTED_EDGE('',*,*,#1165,.T.);
#512=ORIENTED_EDGE('',*,*,#1166,.T.);
#513=ORIENTED_EDGE('',*,*,#1167,.T.);
#514=ORIENTED_EDGE('',*,*,#1168,.T.);
#515=ORIENTED_EDGE('',*,*,#1169,.T.);
#516=ORIENTED_EDGE('',*,*,#1170,.F.);
#517=ORIENTED_EDGE('',*,*,#1171,.T.);
#518=ORIENTED_EDGE('',*,*,#1172,.T.);
#519=ORIENTED_EDGE('',*,*,#1173,.T.);
#520=ORIENTED_EDGE('',*,*,#1174,.T.);
#521=ORIENTED_EDGE('',*,*,#1175,.T.);
#522=ORIENTED_EDGE('',*,*,#1176,.F.);
#523=ORIENTED_EDGE('',*,*,#1177,.T.);
#524=ORIENTED_EDGE('',*,*,#1178,.F.);
#525=ORIENTED_EDGE('',*,*,#1179,.T.);
#526=ORIENTED_EDGE('',*,*,#1180,.T.);
#527=ORIENTED_EDGE('',*,*,#1181,.T.);
#528=ORIENTED_EDGE('',*,*,#1182,.T.);
#529=ORIENTED_EDGE('',*,*,#1183,.F.);
#530=ORIENTED_EDGE('',*,*,#1184,.T.);
#531=ORIENTED_EDGE('',*,*,#1185,.T.);
#532=ORIENTED_EDGE('',*,*,#1186,.T.);
#533=ORIENTED_EDGE('',*,*,#1187,.T.);
#534=ORIENTED_EDGE('',*,*,#1188,.T.);
#535=ORIENTED_EDGE('',*,*,#1189,.T.);
#536=ORIENTED_EDGE('',*,*,#1190,.T.);
#537=ORIENTED_EDGE('',*,*,#1191,.T.);
#538=ORIENTED_EDGE('',*,*,#1192,.F.);
#539=ORIENTED_EDGE('',*,*,#1193,.T.);
#540=ORIENTED_EDGE('',*,*,#1194,.F.);
#541=ORIENTED_EDGE('',*,*,#1195,.F.);
#542=ORIENTED_EDGE('',*,*,#1196,.T.);
#543=ORIENTED_EDGE('',*,*,#1197,.T.);
#544=ORIENTED_EDGE('',*,*,#1198,.T.);
#545=ORIENTED_EDGE('',*,*,#1199,.T.);
#546=ORIENTED_EDGE('',*,*,#1200,.T.);
#547=ORIENTED_EDGE('',*,*,#1201,.T.);
#548=ORIENTED_EDGE('',*,*,#1202,.F.);
#549=ORIENTED_EDGE('',*,*,#1203,.F.);
#550=ORIENTED_EDGE('',*,*,#1204,.T.);
#551=ORIENTED_EDGE('',*,*,#1205,.T.);
#552=ORIENTED_EDGE('',*,*,#1206,.T.);
#553=ORIENTED_EDGE('',*,*,#1207,.T.);
#554=ORIENTED_EDGE('',*,*,#1208,.T.);
#555=ORIENTED_EDGE('',*,*,#1209,.T.);
#556=ORIENTED_EDGE('',*,*,#1210,.F.);
#557=ORIENTED_EDGE('',*,*,#1211,.T.);
#558=ORIENTED_EDGE('',*,*,#1212,.T.);
#559=ORIENTED_EDGE('',*,*,#1213,.T.);
#560=ORIENTED_EDGE('',*,*,#1214,.T.);
#561=ORIENTED_EDGE('',*,*,#1215,.F.);
#562=ORIENTED_EDGE('',*,*,#1216,.T.);
#563=ORIENTED_EDGE('',*,*,#1217,.T.);
#564=ORIENTED_EDGE('',*,*,#1218,.T.);
#565=ORIENTED_EDGE('',*,*,#1219,.T.);
#566=ORIENTED_EDGE('',*,*,#1220,.F.);
#567=ORIENTED_EDGE('',*,*,#1221,.T.);
#568=ORIENTED_EDGE('',*,*,#1222,.F.);
#569=ORIENTED_EDGE('',*,*,#1223,.F.);
#570=ORIENTED_EDGE('',*,*,#1224,.T.);
#571=ORIENTED_EDGE('',*,*,#1225,.F.);
#572=ORIENTED_EDGE('',*,*,#1226,.T.);
#573=ORIENTED_EDGE('',*,*,#1227,.T.);
#574=ORIENTED_EDGE('',*,*,#1228,.F.);
#575=ORIENTED_EDGE('',*,*,#1229,.T.);
#576=ORIENTED_EDGE('',*,*,#1230,.T.);
#577=ORIENTED_EDGE('',*,*,#1231,.F.);
#578=ORIENTED_EDGE('',*,*,#1232,.F.);
#579=ORIENTED_EDGE('',*,*,#1233,.T.);
#580=ORIENTED_EDGE('',*,*,#1234,.T.);
#581=ORIENTED_EDGE('',*,*,#1226,.F.);
#582=ORIENTED_EDGE('',*,*,#1235,.F.);
#583=ORIENTED_EDGE('',*,*,#1236,.F.);
#584=ORIENTED_EDGE('',*,*,#1237,.T.);
#585=ORIENTED_EDGE('',*,*,#1223,.T.);
#586=ORIENTED_EDGE('',*,*,#1238,.F.);
#587=ORIENTED_EDGE('',*,*,#1239,.T.);
#588=ORIENTED_EDGE('',*,*,#1220,.T.);
#589=ORIENTED_EDGE('',*,*,#1240,.F.);
#590=ORIENTED_EDGE('',*,*,#1241,.F.);
#591=ORIENTED_EDGE('',*,*,#1242,.T.);
#592=ORIENTED_EDGE('',*,*,#1243,.T.);
#593=ORIENTED_EDGE('',*,*,#1229,.F.);
#594=ORIENTED_EDGE('',*,*,#1153,.T.);
#595=ORIENTED_EDGE('',*,*,#1244,.F.);
#596=ORIENTED_EDGE('',*,*,#1152,.F.);
#597=ORIENTED_EDGE('',*,*,#1245,.T.);
#598=ORIENTED_EDGE('',*,*,#1178,.T.);
#599=ORIENTED_EDGE('',*,*,#1246,.F.);
#600=ORIENTED_EDGE('',*,*,#1179,.F.);
#601=ORIENTED_EDGE('',*,*,#1247,.T.);
#602=ORIENTED_EDGE('',*,*,#1248,.F.);
#603=ORIENTED_EDGE('',*,*,#1249,.F.);
#604=ORIENTED_EDGE('',*,*,#1250,.F.);
#605=ORIENTED_EDGE('',*,*,#1251,.F.);
#606=ORIENTED_EDGE('',*,*,#1252,.T.);
#607=ORIENTED_EDGE('',*,*,#1253,.T.);
#608=ORIENTED_EDGE('',*,*,#1254,.T.);
#609=ORIENTED_EDGE('',*,*,#1255,.T.);
#610=ORIENTED_EDGE('',*,*,#1210,.T.);
#611=ORIENTED_EDGE('',*,*,#1256,.F.);
#612=ORIENTED_EDGE('',*,*,#1257,.F.);
#613=ORIENTED_EDGE('',*,*,#1258,.T.);
#614=ORIENTED_EDGE('',*,*,#1202,.T.);
#615=ORIENTED_EDGE('',*,*,#1259,.F.);
#616=ORIENTED_EDGE('',*,*,#1260,.T.);
#617=ORIENTED_EDGE('',*,*,#1261,.T.);
#618=ORIENTED_EDGE('',*,*,#1194,.T.);
#619=ORIENTED_EDGE('',*,*,#1262,.T.);
#620=ORIENTED_EDGE('',*,*,#1263,.F.);
#621=ORIENTED_EDGE('',*,*,#1264,.T.);
#622=ORIENTED_EDGE('',*,*,#1265,.T.);
#623=ORIENTED_EDGE('',*,*,#1266,.T.);
#624=ORIENTED_EDGE('',*,*,#1212,.F.);
#625=ORIENTED_EDGE('',*,*,#1267,.T.);
#626=ORIENTED_EDGE('',*,*,#1268,.F.);
#627=ORIENTED_EDGE('',*,*,#1269,.F.);
#628=ORIENTED_EDGE('',*,*,#1270,.F.);
#629=ORIENTED_EDGE('',*,*,#1271,.F.);
#630=ORIENTED_EDGE('',*,*,#1272,.T.);
#631=ORIENTED_EDGE('',*,*,#1273,.T.);
#632=ORIENTED_EDGE('',*,*,#1274,.T.);
#633=ORIENTED_EDGE('',*,*,#1275,.T.);
#634=ORIENTED_EDGE('',*,*,#1190,.F.);
#635=ORIENTED_EDGE('',*,*,#1276,.F.);
#636=ORIENTED_EDGE('',*,*,#1277,.F.);
#637=ORIENTED_EDGE('',*,*,#1278,.T.);
#638=ORIENTED_EDGE('',*,*,#1182,.F.);
#639=ORIENTED_EDGE('',*,*,#1279,.F.);
#640=ORIENTED_EDGE('',*,*,#1280,.T.);
#641=ORIENTED_EDGE('',*,*,#1281,.T.);
#642=ORIENTED_EDGE('',*,*,#1214,.F.);
#643=ORIENTED_EDGE('',*,*,#1282,.T.);
#644=ORIENTED_EDGE('',*,*,#1283,.T.);
#645=ORIENTED_EDGE('',*,*,#1284,.T.);
#646=ORIENTED_EDGE('',*,*,#1285,.F.);
#647=ORIENTED_EDGE('',*,*,#1286,.T.);
#648=ORIENTED_EDGE('',*,*,#1192,.T.);
#649=ORIENTED_EDGE('',*,*,#1287,.T.);
#650=ORIENTED_EDGE('',*,*,#1233,.F.);
#651=ORIENTED_EDGE('',*,*,#1288,.T.);
#652=ORIENTED_EDGE('',*,*,#1289,.F.);
#653=ORIENTED_EDGE('',*,*,#1236,.T.);
#654=ORIENTED_EDGE('',*,*,#1290,.T.);
#655=ORIENTED_EDGE('',*,*,#1291,.F.);
#656=ORIENTED_EDGE('',*,*,#1238,.T.);
#657=ORIENTED_EDGE('',*,*,#1292,.T.);
#658=ORIENTED_EDGE('',*,*,#1293,.F.);
#659=ORIENTED_EDGE('',*,*,#1242,.F.);
#660=ORIENTED_EDGE('',*,*,#1294,.T.);
#661=ORIENTED_EDGE('',*,*,#1295,.F.);
#662=ORIENTED_EDGE('',*,*,#1283,.F.);
#663=ORIENTED_EDGE('',*,*,#1296,.T.);
#664=ORIENTED_EDGE('',*,*,#1265,.F.);
#665=ORIENTED_EDGE('',*,*,#1297,.T.);
#666=ORIENTED_EDGE('',*,*,#1263,.T.);
#667=ORIENTED_EDGE('',*,*,#1298,.T.);
#668=ORIENTED_EDGE('',*,*,#1285,.T.);
#669=ORIENTED_EDGE('',*,*,#1299,.T.);
#670=ORIENTED_EDGE('',*,*,#1244,.T.);
#671=ORIENTED_EDGE('',*,*,#1245,.F.);
#672=ORIENTED_EDGE('',*,*,#1247,.F.);
#673=ORIENTED_EDGE('',*,*,#1246,.T.);
#674=ORIENTED_EDGE('',*,*,#1156,.F.);
#675=ORIENTED_EDGE('',*,*,#1300,.T.);
#676=ORIENTED_EDGE('',*,*,#1301,.F.);
#677=ORIENTED_EDGE('',*,*,#1302,.T.);
#678=ORIENTED_EDGE('',*,*,#1303,.F.);
#679=ORIENTED_EDGE('',*,*,#1304,.T.);
#680=ORIENTED_EDGE('',*,*,#1154,.F.);
#681=ORIENTED_EDGE('',*,*,#1305,.T.);
#682=ORIENTED_EDGE('',*,*,#1177,.F.);
#683=ORIENTED_EDGE('',*,*,#1306,.T.);
#684=ORIENTED_EDGE('',*,*,#1307,.F.);
#685=ORIENTED_EDGE('',*,*,#1305,.F.);
#686=ORIENTED_EDGE('',*,*,#1176,.T.);
#687=ORIENTED_EDGE('',*,*,#1308,.T.);
#688=ORIENTED_EDGE('',*,*,#1309,.T.);
#689=ORIENTED_EDGE('',*,*,#1306,.F.);
#690=ORIENTED_EDGE('',*,*,#1310,.F.);
#691=ORIENTED_EDGE('',*,*,#1311,.T.);
#692=ORIENTED_EDGE('',*,*,#1174,.F.);
#693=ORIENTED_EDGE('',*,*,#1312,.T.);
#694=ORIENTED_EDGE('',*,*,#1313,.F.);
#695=ORIENTED_EDGE('',*,*,#1314,.T.);
#696=ORIENTED_EDGE('',*,*,#1172,.F.);
#697=ORIENTED_EDGE('',*,*,#1315,.T.);
#698=ORIENTED_EDGE('',*,*,#1171,.F.);
#699=ORIENTED_EDGE('',*,*,#1316,.T.);
#700=ORIENTED_EDGE('',*,*,#1317,.F.);
#701=ORIENTED_EDGE('',*,*,#1315,.F.);
#702=ORIENTED_EDGE('',*,*,#1170,.T.);
#703=ORIENTED_EDGE('',*,*,#1318,.T.);
#704=ORIENTED_EDGE('',*,*,#1319,.T.);
#705=ORIENTED_EDGE('',*,*,#1316,.F.);
#706=ORIENTED_EDGE('',*,*,#1320,.F.);
#707=ORIENTED_EDGE('',*,*,#1321,.T.);
#708=ORIENTED_EDGE('',*,*,#1168,.F.);
#709=ORIENTED_EDGE('',*,*,#1322,.T.);
#710=ORIENTED_EDGE('',*,*,#1323,.F.);
#711=ORIENTED_EDGE('',*,*,#1324,.T.);
#712=ORIENTED_EDGE('',*,*,#1166,.F.);
#713=ORIENTED_EDGE('',*,*,#1325,.T.);
#714=ORIENTED_EDGE('',*,*,#1165,.F.);
#715=ORIENTED_EDGE('',*,*,#1326,.T.);
#716=ORIENTED_EDGE('',*,*,#1327,.F.);
#717=ORIENTED_EDGE('',*,*,#1325,.F.);
#718=ORIENTED_EDGE('',*,*,#1164,.T.);
#719=ORIENTED_EDGE('',*,*,#1328,.T.);
#720=ORIENTED_EDGE('',*,*,#1329,.T.);
#721=ORIENTED_EDGE('',*,*,#1326,.F.);
#722=ORIENTED_EDGE('',*,*,#1162,.F.);
#723=ORIENTED_EDGE('',*,*,#1330,.T.);
#724=ORIENTED_EDGE('',*,*,#1331,.F.);
#725=ORIENTED_EDGE('',*,*,#1332,.T.);
#726=ORIENTED_EDGE('',*,*,#1333,.F.);
#727=ORIENTED_EDGE('',*,*,#1334,.T.);
#728=ORIENTED_EDGE('',*,*,#1160,.F.);
#729=ORIENTED_EDGE('',*,*,#1335,.T.);
#730=ORIENTED_EDGE('',*,*,#1159,.F.);
#731=ORIENTED_EDGE('',*,*,#1336,.T.);
#732=ORIENTED_EDGE('',*,*,#1337,.F.);
#733=ORIENTED_EDGE('',*,*,#1335,.F.);
#734=ORIENTED_EDGE('',*,*,#1158,.T.);
#735=ORIENTED_EDGE('',*,*,#1338,.T.);
#736=ORIENTED_EDGE('',*,*,#1339,.T.);
#737=ORIENTED_EDGE('',*,*,#1336,.F.);
#738=ORIENTED_EDGE('',*,*,#1340,.F.);
#739=ORIENTED_EDGE('',*,*,#1341,.F.);
#740=ORIENTED_EDGE('',*,*,#1342,.F.);
#741=ORIENTED_EDGE('',*,*,#1343,.F.);
#742=ORIENTED_EDGE('',*,*,#1309,.F.);
#743=ORIENTED_EDGE('',*,*,#1344,.T.);
#744=ORIENTED_EDGE('',*,*,#1310,.T.);
#745=ORIENTED_EDGE('',*,*,#1345,.T.);
#746=ORIENTED_EDGE('',*,*,#1313,.T.);
#747=ORIENTED_EDGE('',*,*,#1317,.T.);
#748=ORIENTED_EDGE('',*,*,#1319,.F.);
#749=ORIENTED_EDGE('',*,*,#1346,.T.);
#750=ORIENTED_EDGE('',*,*,#1320,.T.);
#751=ORIENTED_EDGE('',*,*,#1347,.T.);
#752=ORIENTED_EDGE('',*,*,#1323,.T.);
#753=ORIENTED_EDGE('',*,*,#1327,.T.);
#754=ORIENTED_EDGE('',*,*,#1329,.F.);
#755=ORIENTED_EDGE('',*,*,#1348,.T.);
#756=ORIENTED_EDGE('',*,*,#1331,.T.);
#757=ORIENTED_EDGE('',*,*,#1349,.T.);
#758=ORIENTED_EDGE('',*,*,#1333,.T.);
#759=ORIENTED_EDGE('',*,*,#1337,.T.);
#760=ORIENTED_EDGE('',*,*,#1339,.F.);
#761=ORIENTED_EDGE('',*,*,#1350,.T.);
#762=ORIENTED_EDGE('',*,*,#1301,.T.);
#763=ORIENTED_EDGE('',*,*,#1351,.T.);
#764=ORIENTED_EDGE('',*,*,#1303,.T.);
#765=ORIENTED_EDGE('',*,*,#1307,.T.);
#766=ORIENTED_EDGE('',*,*,#1221,.F.);
#767=ORIENTED_EDGE('',*,*,#1239,.F.);
#768=ORIENTED_EDGE('',*,*,#1291,.T.);
#769=ORIENTED_EDGE('',*,*,#1352,.T.);
#770=ORIENTED_EDGE('',*,*,#1222,.T.);
#771=ORIENTED_EDGE('',*,*,#1352,.F.);
#772=ORIENTED_EDGE('',*,*,#1290,.F.);
#773=ORIENTED_EDGE('',*,*,#1235,.T.);
#774=ORIENTED_EDGE('',*,*,#1225,.T.);
#775=ORIENTED_EDGE('',*,*,#1353,.F.);
#776=ORIENTED_EDGE('',*,*,#1288,.F.);
#777=ORIENTED_EDGE('',*,*,#1232,.T.);
#778=ORIENTED_EDGE('',*,*,#1224,.F.);
#779=ORIENTED_EDGE('',*,*,#1237,.F.);
#780=ORIENTED_EDGE('',*,*,#1289,.T.);
#781=ORIENTED_EDGE('',*,*,#1353,.T.);
#782=ORIENTED_EDGE('',*,*,#1227,.F.);
#783=ORIENTED_EDGE('',*,*,#1234,.F.);
#784=ORIENTED_EDGE('',*,*,#1295,.T.);
#785=ORIENTED_EDGE('',*,*,#1354,.T.);
#786=ORIENTED_EDGE('',*,*,#1228,.T.);
#787=ORIENTED_EDGE('',*,*,#1354,.F.);
#788=ORIENTED_EDGE('',*,*,#1294,.F.);
#789=ORIENTED_EDGE('',*,*,#1241,.T.);
#790=ORIENTED_EDGE('',*,*,#1231,.T.);
#791=ORIENTED_EDGE('',*,*,#1355,.F.);
#792=ORIENTED_EDGE('',*,*,#1292,.F.);
#793=ORIENTED_EDGE('',*,*,#1240,.T.);
#794=ORIENTED_EDGE('',*,*,#1230,.F.);
#795=ORIENTED_EDGE('',*,*,#1243,.F.);
#796=ORIENTED_EDGE('',*,*,#1293,.T.);
#797=ORIENTED_EDGE('',*,*,#1355,.T.);
#798=ORIENTED_EDGE('',*,*,#1213,.F.);
#799=ORIENTED_EDGE('',*,*,#1266,.F.);
#800=ORIENTED_EDGE('',*,*,#1296,.F.);
#801=ORIENTED_EDGE('',*,*,#1282,.F.);
#802=ORIENTED_EDGE('',*,*,#1211,.F.);
#803=ORIENTED_EDGE('',*,*,#1264,.F.);
#804=ORIENTED_EDGE('',*,*,#1297,.F.);
#805=ORIENTED_EDGE('',*,*,#1267,.F.);
#806=ORIENTED_EDGE('',*,*,#1193,.F.);
#807=ORIENTED_EDGE('',*,*,#1286,.F.);
#808=ORIENTED_EDGE('',*,*,#1298,.F.);
#809=ORIENTED_EDGE('',*,*,#1262,.F.);
#810=ORIENTED_EDGE('',*,*,#1191,.F.);
#811=ORIENTED_EDGE('',*,*,#1284,.F.);
#812=ORIENTED_EDGE('',*,*,#1299,.F.);
#813=ORIENTED_EDGE('',*,*,#1287,.F.);
#814=ORIENTED_EDGE('',*,*,#1257,.T.);
#815=ORIENTED_EDGE('',*,*,#1356,.F.);
#816=ORIENTED_EDGE('',*,*,#1357,.F.);
#817=ORIENTED_EDGE('',*,*,#1358,.T.);
#818=ORIENTED_EDGE('',*,*,#1359,.T.);
#819=ORIENTED_EDGE('',*,*,#1203,.T.);
#820=ORIENTED_EDGE('',*,*,#1258,.F.);
#821=ORIENTED_EDGE('',*,*,#1358,.F.);
#822=ORIENTED_EDGE('',*,*,#1360,.T.);
#823=ORIENTED_EDGE('',*,*,#1254,.F.);
#824=ORIENTED_EDGE('',*,*,#1361,.T.);
#825=ORIENTED_EDGE('',*,*,#1253,.F.);
#826=ORIENTED_EDGE('',*,*,#1362,.T.);
#827=ORIENTED_EDGE('',*,*,#1252,.F.);
#828=ORIENTED_EDGE('',*,*,#1209,.F.);
#829=ORIENTED_EDGE('',*,*,#1363,.F.);
#830=ORIENTED_EDGE('',*,*,#1356,.T.);
#831=ORIENTED_EDGE('',*,*,#1256,.T.);
#832=ORIENTED_EDGE('',*,*,#1364,.T.);
#833=ORIENTED_EDGE('',*,*,#1255,.F.);
#834=ORIENTED_EDGE('',*,*,#1204,.F.);
#835=ORIENTED_EDGE('',*,*,#1359,.F.);
#836=ORIENTED_EDGE('',*,*,#1357,.T.);
#837=ORIENTED_EDGE('',*,*,#1363,.T.);
#838=ORIENTED_EDGE('',*,*,#1208,.F.);
#839=ORIENTED_EDGE('',*,*,#1362,.F.);
#840=ORIENTED_EDGE('',*,*,#1207,.F.);
#841=ORIENTED_EDGE('',*,*,#1361,.F.);
#842=ORIENTED_EDGE('',*,*,#1206,.F.);
#843=ORIENTED_EDGE('',*,*,#1360,.F.);
#844=ORIENTED_EDGE('',*,*,#1205,.F.);
#845=ORIENTED_EDGE('',*,*,#1364,.F.);
#846=ORIENTED_EDGE('',*,*,#1260,.F.);
#847=ORIENTED_EDGE('',*,*,#1365,.F.);
#848=ORIENTED_EDGE('',*,*,#1366,.T.);
#849=ORIENTED_EDGE('',*,*,#1367,.T.);
#850=ORIENTED_EDGE('',*,*,#1368,.T.);
#851=ORIENTED_EDGE('',*,*,#1195,.T.);
#852=ORIENTED_EDGE('',*,*,#1261,.F.);
#853=ORIENTED_EDGE('',*,*,#1367,.F.);
#854=ORIENTED_EDGE('',*,*,#1249,.T.);
#855=ORIENTED_EDGE('',*,*,#1369,.F.);
#856=ORIENTED_EDGE('',*,*,#1250,.T.);
#857=ORIENTED_EDGE('',*,*,#1370,.F.);
#858=ORIENTED_EDGE('',*,*,#1251,.T.);
#859=ORIENTED_EDGE('',*,*,#1371,.F.);
#860=ORIENTED_EDGE('',*,*,#1201,.F.);
#861=ORIENTED_EDGE('',*,*,#1372,.F.);
#862=ORIENTED_EDGE('',*,*,#1365,.T.);
#863=ORIENTED_EDGE('',*,*,#1259,.T.);
#864=ORIENTED_EDGE('',*,*,#1248,.T.);
#865=ORIENTED_EDGE('',*,*,#1373,.F.);
#866=ORIENTED_EDGE('',*,*,#1196,.F.);
#867=ORIENTED_EDGE('',*,*,#1368,.F.);
#868=ORIENTED_EDGE('',*,*,#1366,.F.);
#869=ORIENTED_EDGE('',*,*,#1372,.T.);
#870=ORIENTED_EDGE('',*,*,#1200,.F.);
#871=ORIENTED_EDGE('',*,*,#1373,.T.);
#872=ORIENTED_EDGE('',*,*,#1199,.F.);
#873=ORIENTED_EDGE('',*,*,#1369,.T.);
#874=ORIENTED_EDGE('',*,*,#1198,.F.);
#875=ORIENTED_EDGE('',*,*,#1370,.T.);
#876=ORIENTED_EDGE('',*,*,#1197,.F.);
#877=ORIENTED_EDGE('',*,*,#1371,.T.);
#878=ORIENTED_EDGE('',*,*,#1189,.F.);
#879=ORIENTED_EDGE('',*,*,#1374,.F.);
#880=ORIENTED_EDGE('',*,*,#1375,.T.);
#881=ORIENTED_EDGE('',*,*,#1276,.T.);
#882=ORIENTED_EDGE('',*,*,#1277,.T.);
#883=ORIENTED_EDGE('',*,*,#1375,.F.);
#884=ORIENTED_EDGE('',*,*,#1376,.F.);
#885=ORIENTED_EDGE('',*,*,#1377,.T.);
#886=ORIENTED_EDGE('',*,*,#1378,.T.);
#887=ORIENTED_EDGE('',*,*,#1183,.T.);
#888=ORIENTED_EDGE('',*,*,#1278,.F.);
#889=ORIENTED_EDGE('',*,*,#1377,.F.);
#890=ORIENTED_EDGE('',*,*,#1379,.T.);
#891=ORIENTED_EDGE('',*,*,#1274,.F.);
#892=ORIENTED_EDGE('',*,*,#1380,.T.);
#893=ORIENTED_EDGE('',*,*,#1275,.F.);
#894=ORIENTED_EDGE('',*,*,#1381,.T.);
#895=ORIENTED_EDGE('',*,*,#1272,.F.);
#896=ORIENTED_EDGE('',*,*,#1382,.T.);
#897=ORIENTED_EDGE('',*,*,#1273,.F.);
#898=ORIENTED_EDGE('',*,*,#1184,.F.);
#899=ORIENTED_EDGE('',*,*,#1378,.F.);
#900=ORIENTED_EDGE('',*,*,#1376,.T.);
#901=ORIENTED_EDGE('',*,*,#1374,.T.);
#902=ORIENTED_EDGE('',*,*,#1188,.F.);
#903=ORIENTED_EDGE('',*,*,#1380,.F.);
#904=ORIENTED_EDGE('',*,*,#1187,.F.);
#905=ORIENTED_EDGE('',*,*,#1379,.F.);
#906=ORIENTED_EDGE('',*,*,#1186,.F.);
#907=ORIENTED_EDGE('',*,*,#1382,.F.);
#908=ORIENTED_EDGE('',*,*,#1185,.F.);
#909=ORIENTED_EDGE('',*,*,#1381,.F.);
#910=ORIENTED_EDGE('',*,*,#1181,.F.);
#911=ORIENTED_EDGE('',*,*,#1383,.F.);
#912=ORIENTED_EDGE('',*,*,#1384,.T.);
#913=ORIENTED_EDGE('',*,*,#1279,.T.);
#914=ORIENTED_EDGE('',*,*,#1280,.F.);
#915=ORIENTED_EDGE('',*,*,#1384,.F.);
#916=ORIENTED_EDGE('',*,*,#1385,.T.);
#917=ORIENTED_EDGE('',*,*,#1386,.T.);
#918=ORIENTED_EDGE('',*,*,#1387,.T.);
#919=ORIENTED_EDGE('',*,*,#1215,.T.);
#920=ORIENTED_EDGE('',*,*,#1281,.F.);
#921=ORIENTED_EDGE('',*,*,#1386,.F.);
#922=ORIENTED_EDGE('',*,*,#1271,.T.);
#923=ORIENTED_EDGE('',*,*,#1388,.F.);
#924=ORIENTED_EDGE('',*,*,#1270,.T.);
#925=ORIENTED_EDGE('',*,*,#1389,.F.);
#926=ORIENTED_EDGE('',*,*,#1269,.T.);
#927=ORIENTED_EDGE('',*,*,#1390,.F.);
#928=ORIENTED_EDGE('',*,*,#1268,.T.);
#929=ORIENTED_EDGE('',*,*,#1391,.F.);
#930=ORIENTED_EDGE('',*,*,#1216,.F.);
#931=ORIENTED_EDGE('',*,*,#1387,.F.);
#932=ORIENTED_EDGE('',*,*,#1385,.F.);
#933=ORIENTED_EDGE('',*,*,#1383,.T.);
#934=ORIENTED_EDGE('',*,*,#1180,.F.);
#935=ORIENTED_EDGE('',*,*,#1388,.T.);
#936=ORIENTED_EDGE('',*,*,#1219,.F.);
#937=ORIENTED_EDGE('',*,*,#1389,.T.);
#938=ORIENTED_EDGE('',*,*,#1218,.F.);
#939=ORIENTED_EDGE('',*,*,#1390,.T.);
#940=ORIENTED_EDGE('',*,*,#1217,.F.);
#941=ORIENTED_EDGE('',*,*,#1391,.T.);
#942=ORIENTED_EDGE('',*,*,#1175,.F.);
#943=ORIENTED_EDGE('',*,*,#1311,.F.);
#944=ORIENTED_EDGE('',*,*,#1344,.F.);
#945=ORIENTED_EDGE('',*,*,#1308,.F.);
#946=ORIENTED_EDGE('',*,*,#1173,.F.);
#947=ORIENTED_EDGE('',*,*,#1314,.F.);
#948=ORIENTED_EDGE('',*,*,#1345,.F.);
#949=ORIENTED_EDGE('',*,*,#1312,.F.);
#950=ORIENTED_EDGE('',*,*,#1155,.F.);
#951=ORIENTED_EDGE('',*,*,#1304,.F.);
#952=ORIENTED_EDGE('',*,*,#1351,.F.);
#953=ORIENTED_EDGE('',*,*,#1300,.F.);
#954=ORIENTED_EDGE('',*,*,#1157,.F.);
#955=ORIENTED_EDGE('',*,*,#1302,.F.);
#956=ORIENTED_EDGE('',*,*,#1350,.F.);
#957=ORIENTED_EDGE('',*,*,#1338,.F.);
#958=ORIENTED_EDGE('',*,*,#1161,.F.);
#959=ORIENTED_EDGE('',*,*,#1334,.F.);
#960=ORIENTED_EDGE('',*,*,#1349,.F.);
#961=ORIENTED_EDGE('',*,*,#1330,.F.);
#962=ORIENTED_EDGE('',*,*,#1163,.F.);
#963=ORIENTED_EDGE('',*,*,#1332,.F.);
#964=ORIENTED_EDGE('',*,*,#1348,.F.);
#965=ORIENTED_EDGE('',*,*,#1328,.F.);
#966=ORIENTED_EDGE('',*,*,#1169,.F.);
#967=ORIENTED_EDGE('',*,*,#1321,.F.);
#968=ORIENTED_EDGE('',*,*,#1346,.F.);
#969=ORIENTED_EDGE('',*,*,#1318,.F.);
#970=ORIENTED_EDGE('',*,*,#1167,.F.);
#971=ORIENTED_EDGE('',*,*,#1324,.F.);
#972=ORIENTED_EDGE('',*,*,#1347,.F.);
#973=ORIENTED_EDGE('',*,*,#1322,.F.);
#974=ORIENTED_EDGE('',*,*,#1392,.F.);
#975=ORIENTED_EDGE('',*,*,#1392,.T.);
#976=ORIENTED_EDGE('',*,*,#1343,.T.);
#977=ORIENTED_EDGE('',*,*,#1393,.F.);
#978=ORIENTED_EDGE('',*,*,#1393,.T.);
#979=ORIENTED_EDGE('',*,*,#1342,.T.);
#980=ORIENTED_EDGE('',*,*,#1394,.F.);
#981=ORIENTED_EDGE('',*,*,#1394,.T.);
#982=ORIENTED_EDGE('',*,*,#1341,.T.);
#983=ORIENTED_EDGE('',*,*,#1395,.F.);
#984=ORIENTED_EDGE('',*,*,#1395,.T.);
#985=ORIENTED_EDGE('',*,*,#1340,.T.);
#986=ORIENTED_EDGE('',*,*,#1396,.F.);
#987=ORIENTED_EDGE('',*,*,#1397,.F.);
#988=ORIENTED_EDGE('',*,*,#1398,.T.);
#989=ORIENTED_EDGE('',*,*,#1399,.T.);
#990=ORIENTED_EDGE('',*,*,#1400,.T.);
#991=ORIENTED_EDGE('',*,*,#1401,.F.);
#992=ORIENTED_EDGE('',*,*,#1402,.T.);
#993=ORIENTED_EDGE('',*,*,#1403,.T.);
#994=ORIENTED_EDGE('',*,*,#1404,.T.);
#995=ORIENTED_EDGE('',*,*,#1405,.F.);
#996=ORIENTED_EDGE('',*,*,#1406,.T.);
#997=ORIENTED_EDGE('',*,*,#1407,.T.);
#998=ORIENTED_EDGE('',*,*,#1408,.T.);
#999=ORIENTED_EDGE('',*,*,#1409,.F.);
#1000=ORIENTED_EDGE('',*,*,#1410,.T.);
#1001=ORIENTED_EDGE('',*,*,#1411,.T.);
#1002=ORIENTED_EDGE('',*,*,#1412,.T.);
#1003=ORIENTED_EDGE('',*,*,#1413,.F.);
#1004=ORIENTED_EDGE('',*,*,#1414,.T.);
#1005=ORIENTED_EDGE('',*,*,#1415,.T.);
#1006=ORIENTED_EDGE('',*,*,#1416,.F.);
#1007=ORIENTED_EDGE('',*,*,#1417,.F.);
#1008=ORIENTED_EDGE('',*,*,#1418,.F.);
#1009=ORIENTED_EDGE('',*,*,#1419,.T.);
#1010=ORIENTED_EDGE('',*,*,#1420,.T.);
#1011=ORIENTED_EDGE('',*,*,#1421,.T.);
#1012=ORIENTED_EDGE('',*,*,#1415,.F.);
#1013=ORIENTED_EDGE('',*,*,#1422,.F.);
#1014=ORIENTED_EDGE('',*,*,#1423,.T.);
#1015=ORIENTED_EDGE('',*,*,#1424,.T.);
#1016=ORIENTED_EDGE('',*,*,#1420,.F.);
#1017=ORIENTED_EDGE('',*,*,#1425,.F.);
#1018=ORIENTED_EDGE('',*,*,#1426,.T.);
#1019=ORIENTED_EDGE('',*,*,#1427,.T.);
#1020=ORIENTED_EDGE('',*,*,#1421,.F.);
#1021=ORIENTED_EDGE('',*,*,#1428,.T.);
#1022=ORIENTED_EDGE('',*,*,#1413,.T.);
#1023=ORIENTED_EDGE('',*,*,#1429,.F.);
#1024=ORIENTED_EDGE('',*,*,#1430,.F.);
#1025=ORIENTED_EDGE('',*,*,#1431,.T.);
#1026=ORIENTED_EDGE('',*,*,#1418,.T.);
#1027=ORIENTED_EDGE('',*,*,#1432,.F.);
#1028=ORIENTED_EDGE('',*,*,#1433,.F.);
#1029=ORIENTED_EDGE('',*,*,#1434,.T.);
#1030=ORIENTED_EDGE('',*,*,#1428,.F.);
#1031=ORIENTED_EDGE('',*,*,#1396,.T.);
#1032=ORIENTED_EDGE('',*,*,#1404,.F.);
#1033=ORIENTED_EDGE('',*,*,#1435,.F.);
#1034=ORIENTED_EDGE('',*,*,#1436,.T.);
#1035=ORIENTED_EDGE('',*,*,#1437,.T.);
#1036=ORIENTED_EDGE('',*,*,#1400,.F.);
#1037=ORIENTED_EDGE('',*,*,#1438,.F.);
#1038=ORIENTED_EDGE('',*,*,#1439,.T.);
#1039=ORIENTED_EDGE('',*,*,#1440,.T.);
#1040=ORIENTED_EDGE('',*,*,#1412,.F.);
#1041=ORIENTED_EDGE('',*,*,#1441,.F.);
#1042=ORIENTED_EDGE('',*,*,#1442,.T.);
#1043=ORIENTED_EDGE('',*,*,#1443,.T.);
#1044=ORIENTED_EDGE('',*,*,#1408,.F.);
#1045=ORIENTED_EDGE('',*,*,#1444,.F.);
#1046=ORIENTED_EDGE('',*,*,#1445,.T.);
#1047=ORIENTED_EDGE('',*,*,#1446,.T.);
#1048=ORIENTED_EDGE('',*,*,#1447,.F.);
#1049=ORIENTED_EDGE('',*,*,#1448,.F.);
#1050=ORIENTED_EDGE('',*,*,#1449,.F.);
#1051=ORIENTED_EDGE('',*,*,#1450,.F.);
#1052=ORIENTED_EDGE('',*,*,#1430,.T.);
#1053=ORIENTED_EDGE('',*,*,#1451,.F.);
#1054=ORIENTED_EDGE('',*,*,#1426,.F.);
#1055=ORIENTED_EDGE('',*,*,#1452,.T.);
#1056=ORIENTED_EDGE('',*,*,#1431,.F.);
#1057=ORIENTED_EDGE('',*,*,#1452,.F.);
#1058=ORIENTED_EDGE('',*,*,#1425,.T.);
#1059=ORIENTED_EDGE('',*,*,#1419,.F.);
#1060=ORIENTED_EDGE('',*,*,#1416,.T.);
#1061=ORIENTED_EDGE('',*,*,#1427,.F.);
#1062=ORIENTED_EDGE('',*,*,#1451,.T.);
#1063=ORIENTED_EDGE('',*,*,#1429,.T.);
#1064=ORIENTED_EDGE('',*,*,#1417,.T.);
#1065=ORIENTED_EDGE('',*,*,#1424,.F.);
#1066=ORIENTED_EDGE('',*,*,#1453,.T.);
#1067=ORIENTED_EDGE('',*,*,#1432,.T.);
#1068=ORIENTED_EDGE('',*,*,#1433,.T.);
#1069=ORIENTED_EDGE('',*,*,#1453,.F.);
#1070=ORIENTED_EDGE('',*,*,#1423,.F.);
#1071=ORIENTED_EDGE('',*,*,#1454,.T.);
#1072=ORIENTED_EDGE('',*,*,#1434,.F.);
#1073=ORIENTED_EDGE('',*,*,#1454,.F.);
#1074=ORIENTED_EDGE('',*,*,#1422,.T.);
#1075=ORIENTED_EDGE('',*,*,#1414,.F.);
#1076=ORIENTED_EDGE('',*,*,#1441,.T.);
#1077=ORIENTED_EDGE('',*,*,#1411,.F.);
#1078=ORIENTED_EDGE('',*,*,#1455,.F.);
#1079=ORIENTED_EDGE('',*,*,#1456,.T.);
#1080=ORIENTED_EDGE('',*,*,#1442,.F.);
#1081=ORIENTED_EDGE('',*,*,#1456,.F.);
#1082=ORIENTED_EDGE('',*,*,#1457,.T.);
#1083=ORIENTED_EDGE('',*,*,#1458,.T.);
#1084=ORIENTED_EDGE('',*,*,#1443,.F.);
#1085=ORIENTED_EDGE('',*,*,#1458,.F.);
#1086=ORIENTED_EDGE('',*,*,#1459,.T.);
#1087=ORIENTED_EDGE('',*,*,#1409,.T.);
#1088=ORIENTED_EDGE('',*,*,#1460,.F.);
#1089=ORIENTED_EDGE('',*,*,#1447,.T.);
#1090=ORIENTED_EDGE('',*,*,#1455,.T.);
#1091=ORIENTED_EDGE('',*,*,#1410,.F.);
#1092=ORIENTED_EDGE('',*,*,#1459,.F.);
#1093=ORIENTED_EDGE('',*,*,#1457,.F.);
#1094=ORIENTED_EDGE('',*,*,#1460,.T.);
#1095=ORIENTED_EDGE('',*,*,#1444,.T.);
#1096=ORIENTED_EDGE('',*,*,#1407,.F.);
#1097=ORIENTED_EDGE('',*,*,#1461,.F.);
#1098=ORIENTED_EDGE('',*,*,#1462,.T.);
#1099=ORIENTED_EDGE('',*,*,#1445,.F.);
#1100=ORIENTED_EDGE('',*,*,#1462,.F.);
#1101=ORIENTED_EDGE('',*,*,#1463,.T.);
#1102=ORIENTED_EDGE('',*,*,#1464,.T.);
#1103=ORIENTED_EDGE('',*,*,#1446,.F.);
#1104=ORIENTED_EDGE('',*,*,#1464,.F.);
#1105=ORIENTED_EDGE('',*,*,#1465,.T.);
#1106=ORIENTED_EDGE('',*,*,#1405,.T.);
#1107=ORIENTED_EDGE('',*,*,#1466,.F.);
#1108=ORIENTED_EDGE('',*,*,#1448,.T.);
#1109=ORIENTED_EDGE('',*,*,#1461,.T.);
#1110=ORIENTED_EDGE('',*,*,#1406,.F.);
#1111=ORIENTED_EDGE('',*,*,#1465,.F.);
#1112=ORIENTED_EDGE('',*,*,#1463,.F.);
#1113=ORIENTED_EDGE('',*,*,#1466,.T.);
#1114=ORIENTED_EDGE('',*,*,#1435,.T.);
#1115=ORIENTED_EDGE('',*,*,#1403,.F.);
#1116=ORIENTED_EDGE('',*,*,#1467,.F.);
#1117=ORIENTED_EDGE('',*,*,#1468,.T.);
#1118=ORIENTED_EDGE('',*,*,#1436,.F.);
#1119=ORIENTED_EDGE('',*,*,#1468,.F.);
#1120=ORIENTED_EDGE('',*,*,#1469,.T.);
#1121=ORIENTED_EDGE('',*,*,#1470,.T.);
#1122=ORIENTED_EDGE('',*,*,#1437,.F.);
#1123=ORIENTED_EDGE('',*,*,#1470,.F.);
#1124=ORIENTED_EDGE('',*,*,#1471,.T.);
#1125=ORIENTED_EDGE('',*,*,#1401,.T.);
#1126=ORIENTED_EDGE('',*,*,#1472,.F.);
#1127=ORIENTED_EDGE('',*,*,#1449,.T.);
#1128=ORIENTED_EDGE('',*,*,#1467,.T.);
#1129=ORIENTED_EDGE('',*,*,#1402,.F.);
#1130=ORIENTED_EDGE('',*,*,#1471,.F.);
#1131=ORIENTED_EDGE('',*,*,#1469,.F.);
#1132=ORIENTED_EDGE('',*,*,#1472,.T.);
#1133=ORIENTED_EDGE('',*,*,#1438,.T.);
#1134=ORIENTED_EDGE('',*,*,#1399,.F.);
#1135=ORIENTED_EDGE('',*,*,#1473,.F.);
#1136=ORIENTED_EDGE('',*,*,#1474,.T.);
#1137=ORIENTED_EDGE('',*,*,#1439,.F.);
#1138=ORIENTED_EDGE('',*,*,#1474,.F.);
#1139=ORIENTED_EDGE('',*,*,#1475,.T.);
#1140=ORIENTED_EDGE('',*,*,#1476,.T.);
#1141=ORIENTED_EDGE('',*,*,#1440,.F.);
#1142=ORIENTED_EDGE('',*,*,#1476,.F.);
#1143=ORIENTED_EDGE('',*,*,#1477,.T.);
#1144=ORIENTED_EDGE('',*,*,#1397,.T.);
#1145=ORIENTED_EDGE('',*,*,#1478,.F.);
#1146=ORIENTED_EDGE('',*,*,#1450,.T.);
#1147=ORIENTED_EDGE('',*,*,#1473,.T.);
#1148=ORIENTED_EDGE('',*,*,#1398,.F.);
#1149=ORIENTED_EDGE('',*,*,#1477,.F.);
#1150=ORIENTED_EDGE('',*,*,#1475,.F.);
#1151=ORIENTED_EDGE('',*,*,#1478,.T.);
#1152=EDGE_CURVE('',#1479,#1479,#1706,.T.);
#1153=EDGE_CURVE('',#1480,#1480,#1707,.T.);
#1154=EDGE_CURVE('',#1481,#1482,#66,.T.);
#1155=EDGE_CURVE('',#1482,#1483,#1708,.F.);
#1156=EDGE_CURVE('',#1483,#1484,#67,.T.);
#1157=EDGE_CURVE('',#1484,#1485,#1709,.F.);
#1158=EDGE_CURVE('',#1486,#1485,#68,.T.);
#1159=EDGE_CURVE('',#1486,#1487,#1710,.F.);
#1160=EDGE_CURVE('',#1487,#1488,#69,.T.);
#1161=EDGE_CURVE('',#1488,#1489,#1711,.F.);
#1162=EDGE_CURVE('',#1489,#1490,#70,.T.);
#1163=EDGE_CURVE('',#1490,#1491,#1712,.F.);
#1164=EDGE_CURVE('',#1492,#1491,#71,.T.);
#1165=EDGE_CURVE('',#1492,#1493,#1713,.F.);
#1166=EDGE_CURVE('',#1493,#1494,#72,.T.);
#1167=EDGE_CURVE('',#1494,#1495,#1714,.F.);
#1168=EDGE_CURVE('',#1495,#1496,#73,.T.);
#1169=EDGE_CURVE('',#1496,#1497,#1715,.F.);
#1170=EDGE_CURVE('',#1498,#1497,#74,.T.);
#1171=EDGE_CURVE('',#1498,#1499,#1716,.F.);
#1172=EDGE_CURVE('',#1499,#1500,#75,.T.);
#1173=EDGE_CURVE('',#1500,#1501,#1717,.F.);
#1174=EDGE_CURVE('',#1501,#1502,#76,.T.);
#1175=EDGE_CURVE('',#1502,#1503,#1718,.F.);
#1176=EDGE_CURVE('',#1504,#1503,#77,.T.);
#1177=EDGE_CURVE('',#1504,#1481,#1719,.F.);
#1178=EDGE_CURVE('',#1505,#1505,#1720,.T.);
#1179=EDGE_CURVE('',#1506,#1506,#1721,.T.);
#1180=EDGE_CURVE('',#1507,#1508,#78,.T.);
#1181=EDGE_CURVE('',#1508,#1509,#79,.T.);
#1182=EDGE_CURVE('',#1509,#1510,#80,.T.);
#1183=EDGE_CURVE('',#1511,#1510,#81,.T.);
#1184=EDGE_CURVE('',#1511,#1512,#82,.T.);
#1185=EDGE_CURVE('',#1512,#1513,#83,.T.);
#1186=EDGE_CURVE('',#1513,#1514,#84,.T.);
#1187=EDGE_CURVE('',#1514,#1515,#85,.T.);
#1188=EDGE_CURVE('',#1515,#1516,#86,.T.);
#1189=EDGE_CURVE('',#1516,#1517,#87,.T.);
#1190=EDGE_CURVE('',#1517,#1518,#88,.T.);
#1191=EDGE_CURVE('',#1518,#1519,#1722,.T.);
#1192=EDGE_CURVE('',#1520,#1519,#89,.T.);
#1193=EDGE_CURVE('',#1520,#1521,#1723,.T.);
#1194=EDGE_CURVE('',#1522,#1521,#90,.T.);
#1195=EDGE_CURVE('',#1523,#1522,#91,.T.);
#1196=EDGE_CURVE('',#1523,#1524,#92,.T.);
#1197=EDGE_CURVE('',#1524,#1525,#93,.T.);
#1198=EDGE_CURVE('',#1525,#1526,#94,.T.);
#1199=EDGE_CURVE('',#1526,#1527,#95,.T.);
#1200=EDGE_CURVE('',#1527,#1528,#96,.T.);
#1201=EDGE_CURVE('',#1528,#1529,#97,.T.);
#1202=EDGE_CURVE('',#1530,#1529,#98,.T.);
#1203=EDGE_CURVE('',#1531,#1530,#99,.T.);
#1204=EDGE_CURVE('',#1531,#1532,#100,.T.);
#1205=EDGE_CURVE('',#1532,#1533,#101,.T.);
#1206=EDGE_CURVE('',#1533,#1534,#102,.T.);
#1207=EDGE_CURVE('',#1534,#1535,#103,.T.);
#1208=EDGE_CURVE('',#1535,#1536,#104,.T.);
#1209=EDGE_CURVE('',#1536,#1537,#105,.T.);
#1210=EDGE_CURVE('',#1538,#1537,#106,.T.);
#1211=EDGE_CURVE('',#1538,#1539,#1724,.T.);
#1212=EDGE_CURVE('',#1539,#1540,#107,.T.);
#1213=EDGE_CURVE('',#1540,#1541,#1725,.T.);
#1214=EDGE_CURVE('',#1541,#1542,#108,.T.);
#1215=EDGE_CURVE('',#1543,#1542,#109,.T.);
#1216=EDGE_CURVE('',#1543,#1544,#110,.T.);
#1217=EDGE_CURVE('',#1544,#1545,#111,.T.);
#1218=EDGE_CURVE('',#1545,#1546,#112,.T.);
#1219=EDGE_CURVE('',#1546,#1507,#113,.T.);
#1220=EDGE_CURVE('',#1547,#1548,#114,.T.);
#1221=EDGE_CURVE('',#1547,#1549,#115,.T.);
#1222=EDGE_CURVE('',#1550,#1549,#116,.T.);
#1223=EDGE_CURVE('',#1551,#1550,#117,.T.);
#1224=EDGE_CURVE('',#1551,#1552,#118,.T.);
#1225=EDGE_CURVE('',#1553,#1552,#119,.T.);
#1226=EDGE_CURVE('',#1553,#1554,#120,.T.);
#1227=EDGE_CURVE('',#1554,#1555,#121,.T.);
#1228=EDGE_CURVE('',#1556,#1555,#122,.T.);
#1229=EDGE_CURVE('',#1556,#1557,#123,.T.);
#1230=EDGE_CURVE('',#1557,#1558,#124,.T.);
#1231=EDGE_CURVE('',#1548,#1558,#125,.T.);
#1232=EDGE_CURVE('',#1559,#1553,#126,.T.);
#1233=EDGE_CURVE('',#1559,#1560,#127,.T.);
#1234=EDGE_CURVE('',#1560,#1554,#128,.T.);
#1235=EDGE_CURVE('',#1561,#1550,#129,.T.);
#1236=EDGE_CURVE('',#1562,#1561,#130,.T.);
#1237=EDGE_CURVE('',#1562,#1551,#131,.T.);
#1238=EDGE_CURVE('',#1563,#1564,#132,.T.);
#1239=EDGE_CURVE('',#1563,#1547,#133,.T.);
#1240=EDGE_CURVE('',#1564,#1548,#134,.T.);
#1241=EDGE_CURVE('',#1565,#1556,#135,.T.);
#1242=EDGE_CURVE('',#1565,#1566,#136,.T.);
#1243=EDGE_CURVE('',#1566,#1557,#137,.T.);
#1244=EDGE_CURVE('',#1567,#1567,#1726,.F.);
#1245=EDGE_CURVE('',#1568,#1568,#1727,.T.);
#1246=EDGE_CURVE('',#1569,#1569,#1728,.F.);
#1247=EDGE_CURVE('',#1570,#1570,#1729,.T.);
#1248=EDGE_CURVE('',#1571,#1571,#1730,.T.);
#1249=EDGE_CURVE('',#1572,#1572,#1731,.T.);
#1250=EDGE_CURVE('',#1573,#1573,#1732,.T.);
#1251=EDGE_CURVE('',#1574,#1574,#1733,.T.);
#1252=EDGE_CURVE('',#1575,#1575,#1734,.T.);
#1253=EDGE_CURVE('',#1576,#1576,#1735,.T.);
#1254=EDGE_CURVE('',#1577,#1577,#1736,.T.);
#1255=EDGE_CURVE('',#1578,#1578,#1737,.T.);
#1256=EDGE_CURVE('',#1579,#1537,#138,.T.);
#1257=EDGE_CURVE('',#1580,#1579,#139,.T.);
#1258=EDGE_CURVE('',#1580,#1530,#140,.T.);
#1259=EDGE_CURVE('',#1581,#1529,#141,.T.);
#1260=EDGE_CURVE('',#1581,#1582,#142,.T.);
#1261=EDGE_CURVE('',#1582,#1522,#143,.T.);
#1262=EDGE_CURVE('',#1521,#1583,#144,.T.);
#1263=EDGE_CURVE('',#1584,#1583,#145,.T.);
#1264=EDGE_CURVE('',#1584,#1538,#146,.F.);
#1265=EDGE_CURVE('',#1585,#1586,#147,.T.);
#1266=EDGE_CURVE('',#1586,#1540,#148,.F.);
#1267=EDGE_CURVE('',#1539,#1585,#149,.T.);
#1268=EDGE_CURVE('',#1587,#1587,#1738,.T.);
#1269=EDGE_CURVE('',#1588,#1588,#1739,.T.);
#1270=EDGE_CURVE('',#1589,#1589,#1740,.T.);
#1271=EDGE_CURVE('',#1590,#1590,#1741,.T.);
#1272=EDGE_CURVE('',#1591,#1591,#1742,.T.);
#1273=EDGE_CURVE('',#1592,#1592,#1743,.T.);
#1274=EDGE_CURVE('',#1593,#1593,#1744,.T.);
#1275=EDGE_CURVE('',#1594,#1594,#1745,.T.);
#1276=EDGE_CURVE('',#1595,#1517,#150,.T.);
#1277=EDGE_CURVE('',#1596,#1595,#151,.T.);
#1278=EDGE_CURVE('',#1596,#1510,#152,.T.);
#1279=EDGE_CURVE('',#1597,#1509,#153,.T.);
#1280=EDGE_CURVE('',#1597,#1598,#154,.T.);
#1281=EDGE_CURVE('',#1598,#1542,#155,.T.);
#1282=EDGE_CURVE('',#1541,#1599,#156,.T.);
#1283=EDGE_CURVE('',#1599,#1600,#157,.T.);
#1284=EDGE_CURVE('',#1600,#1518,#158,.F.);
#1285=EDGE_CURVE('',#1601,#1602,#159,.T.);
#1286=EDGE_CURVE('',#1601,#1520,#160,.F.);
#1287=EDGE_CURVE('',#1519,#1602,#161,.T.);
#1288=EDGE_CURVE('',#1559,#1603,#162,.T.);
#1289=EDGE_CURVE('',#1562,#1603,#163,.T.);
#1290=EDGE_CURVE('',#1561,#1604,#164,.T.);
#1291=EDGE_CURVE('',#1563,#1604,#165,.T.);
#1292=EDGE_CURVE('',#1564,#1605,#166,.T.);
#1293=EDGE_CURVE('',#1566,#1605,#167,.T.);
#1294=EDGE_CURVE('',#1565,#1606,#168,.T.);
#1295=EDGE_CURVE('',#1560,#1606,#169,.T.);
#1296=EDGE_CURVE('',#1599,#1586,#1746,.F.);
#1297=EDGE_CURVE('',#1585,#1584,#1747,.F.);
#1298=EDGE_CURVE('',#1583,#1601,#1748,.F.);
#1299=EDGE_CURVE('',#1602,#1600,#1749,.F.);
#1300=EDGE_CURVE('',#1483,#1607,#170,.T.);
#1301=EDGE_CURVE('',#1608,#1607,#171,.T.);
#1302=EDGE_CURVE('',#1608,#1484,#172,.F.);
#1303=EDGE_CURVE('',#1609,#1610,#173,.T.);
#1304=EDGE_CURVE('',#1609,#1482,#174,.F.);
#1305=EDGE_CURVE('',#1481,#1610,#175,.T.);
#1306=EDGE_CURVE('',#1504,#1611,#176,.T.);
#1307=EDGE_CURVE('',#1610,#1611,#1750,.T.);
#1308=EDGE_CURVE('',#1503,#1612,#177,.T.);
#1309=EDGE_CURVE('',#1612,#1611,#178,.T.);
#1310=EDGE_CURVE('',#1613,#1614,#179,.T.);
#1311=EDGE_CURVE('',#1613,#1502,#180,.F.);
#1312=EDGE_CURVE('',#1501,#1614,#181,.T.);
#1313=EDGE_CURVE('',#1615,#1616,#182,.T.);
#1314=EDGE_CURVE('',#1615,#1500,#183,.F.);
#1315=EDGE_CURVE('',#1499,#1616,#184,.T.);
#1316=EDGE_CURVE('',#1498,#1617,#185,.T.);
#1317=EDGE_CURVE('',#1616,#1617,#1751,.T.);
#1318=EDGE_CURVE('',#1497,#1618,#186,.T.);
#1319=EDGE_CURVE('',#1618,#1617,#187,.T.);
#1320=EDGE_CURVE('',#1619,#1620,#188,.T.);
#1321=EDGE_CURVE('',#1619,#1496,#189,.F.);
#1322=EDGE_CURVE('',#1495,#1620,#190,.T.);
#1323=EDGE_CURVE('',#1621,#1622,#191,.T.);
#1324=EDGE_CURVE('',#1621,#1494,#192,.F.);
#1325=EDGE_CURVE('',#1493,#1622,#193,.T.);
#1326=EDGE_CURVE('',#1492,#1623,#194,.T.);
#1327=EDGE_CURVE('',#1622,#1623,#1752,.T.);
#1328=EDGE_CURVE('',#1491,#1624,#195,.T.);
#1329=EDGE_CURVE('',#1624,#1623,#196,.T.);
#1330=EDGE_CURVE('',#1489,#1625,#197,.T.);
#1331=EDGE_CURVE('',#1626,#1625,#198,.T.);
#1332=EDGE_CURVE('',#1626,#1490,#199,.F.);
#1333=EDGE_CURVE('',#1627,#1628,#200,.T.);
#1334=EDGE_CURVE('',#1627,#1488,#201,.F.);
#1335=EDGE_CURVE('',#1487,#1628,#202,.T.);
#1336=EDGE_CURVE('',#1486,#1629,#203,.T.);
#1337=EDGE_CURVE('',#1628,#1629,#1753,.T.);
#1338=EDGE_CURVE('',#1485,#1630,#204,.T.);
#1339=EDGE_CURVE('',#1630,#1629,#205,.T.);
#1340=EDGE_CURVE('',#1631,#1631,#1754,.T.);
#1341=EDGE_CURVE('',#1632,#1632,#1755,.T.);
#1342=EDGE_CURVE('',#1633,#1633,#1756,.T.);
#1343=EDGE_CURVE('',#1634,#1634,#1757,.T.);
#1344=EDGE_CURVE('',#1612,#1613,#1758,.T.);
#1345=EDGE_CURVE('',#1614,#1615,#1759,.T.);
#1346=EDGE_CURVE('',#1618,#1619,#1760,.T.);
#1347=EDGE_CURVE('',#1620,#1621,#1761,.T.);
#1348=EDGE_CURVE('',#1624,#1626,#1762,.T.);
#1349=EDGE_CURVE('',#1625,#1627,#1763,.T.);
#1350=EDGE_CURVE('',#1630,#1608,#1764,.T.);
#1351=EDGE_CURVE('',#1607,#1609,#1765,.T.);
#1352=EDGE_CURVE('',#1604,#1549,#206,.T.);
#1353=EDGE_CURVE('',#1603,#1552,#207,.T.);
#1354=EDGE_CURVE('',#1606,#1555,#208,.T.);
#1355=EDGE_CURVE('',#1605,#1558,#209,.T.);
#1356=EDGE_CURVE('',#1635,#1579,#210,.T.);
#1357=EDGE_CURVE('',#1636,#1635,#211,.T.);
#1358=EDGE_CURVE('',#1636,#1580,#212,.T.);
#1359=EDGE_CURVE('',#1636,#1531,#213,.T.);
#1360=EDGE_CURVE('',#1533,#1533,#1766,.T.);
#1361=EDGE_CURVE('',#1534,#1534,#1767,.T.);
#1362=EDGE_CURVE('',#1535,#1535,#1768,.T.);
#1363=EDGE_CURVE('',#1635,#1536,#214,.T.);
#1364=EDGE_CURVE('',#1532,#1532,#1769,.T.);
#1365=EDGE_CURVE('',#1637,#1581,#215,.T.);
#1366=EDGE_CURVE('',#1637,#1638,#216,.T.);
#1367=EDGE_CURVE('',#1638,#1582,#217,.T.);
#1368=EDGE_CURVE('',#1638,#1523,#218,.T.);
#1369=EDGE_CURVE('',#1526,#1526,#1770,.T.);
#1370=EDGE_CURVE('',#1525,#1525,#1771,.T.);
#1371=EDGE_CURVE('',#1524,#1524,#1772,.T.);
#1372=EDGE_CURVE('',#1637,#1528,#219,.T.);
#1373=EDGE_CURVE('',#1527,#1527,#1773,.T.);
#1374=EDGE_CURVE('',#1639,#1516,#220,.T.);
#1375=EDGE_CURVE('',#1639,#1595,#221,.T.);
#1376=EDGE_CURVE('',#1640,#1639,#222,.T.);
#1377=EDGE_CURVE('',#1640,#1596,#223,.T.);
#1378=EDGE_CURVE('',#1640,#1511,#224,.T.);
#1379=EDGE_CURVE('',#1514,#1514,#1774,.T.);
#1380=EDGE_CURVE('',#1515,#1515,#1775,.T.);
#1381=EDGE_CURVE('',#1512,#1512,#1776,.T.);
#1382=EDGE_CURVE('',#1513,#1513,#1777,.T.);
#1383=EDGE_CURVE('',#1641,#1508,#225,.T.);
#1384=EDGE_CURVE('',#1641,#1597,#226,.T.);
#1385=EDGE_CURVE('',#1641,#1642,#227,.T.);
#1386=EDGE_CURVE('',#1642,#1598,#228,.T.);
#1387=EDGE_CURVE('',#1642,#1543,#229,.T.);
#1388=EDGE_CURVE('',#1507,#1507,#1778,.T.);
#1389=EDGE_CURVE('',#1546,#1546,#1779,.T.);
#1390=EDGE_CURVE('',#1545,#1545,#1780,.T.);
#1391=EDGE_CURVE('',#1544,#1544,#1781,.T.);
#1392=EDGE_CURVE('',#1643,#1643,#1782,.F.);
#1393=EDGE_CURVE('',#1644,#1644,#1783,.F.);
#1394=EDGE_CURVE('',#1645,#1645,#1784,.F.);
#1395=EDGE_CURVE('',#1646,#1646,#1785,.F.);
#1396=EDGE_CURVE('',#1647,#1647,#1786,.T.);
#1397=EDGE_CURVE('',#1648,#1649,#230,.T.);
#1398=EDGE_CURVE('',#1648,#1650,#1787,.T.);
#1399=EDGE_CURVE('',#1650,#1651,#231,.T.);
#1400=EDGE_CURVE('',#1651,#1652,#1788,.T.);
#1401=EDGE_CURVE('',#1653,#1652,#232,.T.);
#1402=EDGE_CURVE('',#1653,#1654,#1789,.T.);
#1403=EDGE_CURVE('',#1654,#1655,#233,.T.);
#1404=EDGE_CURVE('',#1655,#1656,#1790,.T.);
#1405=EDGE_CURVE('',#1657,#1656,#234,.T.);
#1406=EDGE_CURVE('',#1657,#1658,#1791,.T.);
#1407=EDGE_CURVE('',#1658,#1659,#235,.T.);
#1408=EDGE_CURVE('',#1659,#1660,#1792,.T.);
#1409=EDGE_CURVE('',#1661,#1660,#236,.T.);
#1410=EDGE_CURVE('',#1661,#1662,#1793,.T.);
#1411=EDGE_CURVE('',#1662,#1663,#237,.T.);
#1412=EDGE_CURVE('',#1663,#1649,#1794,.T.);
#1413=EDGE_CURVE('',#1664,#1665,#1795,.F.);
#1414=EDGE_CURVE('',#1664,#1666,#238,.F.);
#1415=EDGE_CURVE('',#1666,#1667,#1796,.F.);
#1416=EDGE_CURVE('',#1665,#1667,#239,.F.);
#1417=EDGE_CURVE('',#1668,#1669,#240,.F.);
#1418=EDGE_CURVE('',#1670,#1668,#1797,.F.);
#1419=EDGE_CURVE('',#1670,#1671,#241,.F.);
#1420=EDGE_CURVE('',#1671,#1669,#1798,.F.);
#1421=EDGE_CURVE('',#1672,#1672,#1799,.T.);
#1422=EDGE_CURVE('',#1673,#1666,#242,.T.);
#1423=EDGE_CURVE('',#1673,#1674,#243,.T.);
#1424=EDGE_CURVE('',#1674,#1669,#244,.T.);
#1425=EDGE_CURVE('',#1675,#1671,#245,.T.);
#1426=EDGE_CURVE('',#1675,#1676,#246,.T.);
#1427=EDGE_CURVE('',#1676,#1667,#247,.T.);
#1428=EDGE_CURVE('',#1677,#1677,#1800,.T.);
#1429=EDGE_CURVE('',#1678,#1665,#248,.T.);
#1430=EDGE_CURVE('',#1679,#1678,#249,.T.);
#1431=EDGE_CURVE('',#1679,#1670,#250,.T.);
#1432=EDGE_CURVE('',#1680,#1668,#251,.T.);
#1433=EDGE_CURVE('',#1681,#1680,#252,.T.);
#1434=EDGE_CURVE('',#1681,#1664,#253,.T.);
#1435=EDGE_CURVE('',#1682,#1655,#254,.T.);
#1436=EDGE_CURVE('',#1682,#1683,#1801,.T.);
#1437=EDGE_CURVE('',#1683,#1652,#255,.T.);
#1438=EDGE_CURVE('',#1684,#1651,#256,.T.);
#1439=EDGE_CURVE('',#1684,#1685,#1802,.T.);
#1440=EDGE_CURVE('',#1685,#1649,#257,.T.);
#1441=EDGE_CURVE('',#1686,#1663,#258,.T.);
#1442=EDGE_CURVE('',#1686,#1687,#1803,.T.);
#1443=EDGE_CURVE('',#1687,#1660,#259,.T.);
#1444=EDGE_CURVE('',#1688,#1659,#260,.T.);
#1445=EDGE_CURVE('',#1688,#1689,#1804,.T.);
#1446=EDGE_CURVE('',#1689,#1656,#261,.T.);
#1447=EDGE_CURVE('',#1690,#1690,#1805,.T.);
#1448=EDGE_CURVE('',#1691,#1691,#1806,.T.);
#1449=EDGE_CURVE('',#1692,#1692,#1807,.T.);
#1450=EDGE_CURVE('',#1693,#1693,#1808,.T.);
#1451=EDGE_CURVE('',#1676,#1678,#262,.T.);
#1452=EDGE_CURVE('',#1675,#1679,#263,.T.);
#1453=EDGE_CURVE('',#1674,#1680,#264,.T.);
#1454=EDGE_CURVE('',#1673,#1681,#265,.T.);
#1455=EDGE_CURVE('',#1694,#1662,#266,.T.);
#1456=EDGE_CURVE('',#1694,#1686,#267,.T.);
#1457=EDGE_CURVE('',#1694,#1695,#1809,.T.);
#1458=EDGE_CURVE('',#1695,#1687,#268,.T.);
#1459=EDGE_CURVE('',#1695,#1661,#269,.T.);
#1460=EDGE_CURVE('',#1696,#1696,#1810,.T.);
#1461=EDGE_CURVE('',#1697,#1658,#270,.T.);
#1462=EDGE_CURVE('',#1697,#1688,#271,.T.);
#1463=EDGE_CURVE('',#1697,#1698,#1811,.T.);
#1464=EDGE_CURVE('',#1698,#1689,#272,.T.);
#1465=EDGE_CURVE('',#1698,#1657,#273,.T.);
#1466=EDGE_CURVE('',#1699,#1699,#1812,.T.);
#1467=EDGE_CURVE('',#1700,#1654,#274,.T.);
#1468=EDGE_CURVE('',#1700,#1682,#275,.T.);
#1469=EDGE_CURVE('',#1700,#1701,#1813,.T.);
#1470=EDGE_CURVE('',#1701,#1683,#276,.T.);
#1471=EDGE_CURVE('',#1701,#1653,#277,.T.);
#1472=EDGE_CURVE('',#1702,#1702,#1814,.T.);
#1473=EDGE_CURVE('',#1703,#1650,#278,.T.);
#1474=EDGE_CURVE('',#1703,#1684,#279,.T.);
#1475=EDGE_CURVE('',#1703,#1704,#1815,.T.);
#1476=EDGE_CURVE('',#1704,#1685,#280,.T.);
#1477=EDGE_CURVE('',#1704,#1648,#281,.T.);
#1478=EDGE_CURVE('',#1705,#1705,#1816,.T.);
#1479=VERTEX_POINT('',#3369);
#1480=VERTEX_POINT('',#3371);
#1481=VERTEX_POINT('',#3373);
#1482=VERTEX_POINT('',#3374);
#1483=VERTEX_POINT('',#3376);
#1484=VERTEX_POINT('',#3378);
#1485=VERTEX_POINT('',#3380);
#1486=VERTEX_POINT('',#3382);
#1487=VERTEX_POINT('',#3384);
#1488=VERTEX_POINT('',#3386);
#1489=VERTEX_POINT('',#3388);
#1490=VERTEX_POINT('',#3390);
#1491=VERTEX_POINT('',#3392);
#1492=VERTEX_POINT('',#3394);
#1493=VERTEX_POINT('',#3396);
#1494=VERTEX_POINT('',#3398);
#1495=VERTEX_POINT('',#3400);
#1496=VERTEX_POINT('',#3402);
#1497=VERTEX_POINT('',#3404);
#1498=VERTEX_POINT('',#3406);
#1499=VERTEX_POINT('',#3408);
#1500=VERTEX_POINT('',#3410);
#1501=VERTEX_POINT('',#3412);
#1502=VERTEX_POINT('',#3414);
#1503=VERTEX_POINT('',#3416);
#1504=VERTEX_POINT('',#3418);
#1505=VERTEX_POINT('',#3421);
#1506=VERTEX_POINT('',#3423);
#1507=VERTEX_POINT('',#3425);
#1508=VERTEX_POINT('',#3426);
#1509=VERTEX_POINT('',#3428);
#1510=VERTEX_POINT('',#3430);
#1511=VERTEX_POINT('',#3432);
#1512=VERTEX_POINT('',#3434);
#1513=VERTEX_POINT('',#3436);
#1514=VERTEX_POINT('',#3438);
#1515=VERTEX_POINT('',#3440);
#1516=VERTEX_POINT('',#3442);
#1517=VERTEX_POINT('',#3444);
#1518=VERTEX_POINT('',#3446);
#1519=VERTEX_POINT('',#3448);
#1520=VERTEX_POINT('',#3450);
#1521=VERTEX_POINT('',#3452);
#1522=VERTEX_POINT('',#3454);
#1523=VERTEX_POINT('',#3456);
#1524=VERTEX_POINT('',#3458);
#1525=VERTEX_POINT('',#3460);
#1526=VERTEX_POINT('',#3462);
#1527=VERTEX_POINT('',#3464);
#1528=VERTEX_POINT('',#3466);
#1529=VERTEX_POINT('',#3468);
#1530=VERTEX_POINT('',#3470);
#1531=VERTEX_POINT('',#3472);
#1532=VERTEX_POINT('',#3474);
#1533=VERTEX_POINT('',#3476);
#1534=VERTEX_POINT('',#3478);
#1535=VERTEX_POINT('',#3480);
#1536=VERTEX_POINT('',#3482);
#1537=VERTEX_POINT('',#3484);
#1538=VERTEX_POINT('',#3486);
#1539=VERTEX_POINT('',#3488);
#1540=VERTEX_POINT('',#3490);
#1541=VERTEX_POINT('',#3492);
#1542=VERTEX_POINT('',#3494);
#1543=VERTEX_POINT('',#3496);
#1544=VERTEX_POINT('',#3498);
#1545=VERTEX_POINT('',#3500);
#1546=VERTEX_POINT('',#3502);
#1547=VERTEX_POINT('',#3506);
#1548=VERTEX_POINT('',#3507);
#1549=VERTEX_POINT('',#3509);
#1550=VERTEX_POINT('',#3511);
#1551=VERTEX_POINT('',#3513);
#1552=VERTEX_POINT('',#3515);
#1553=VERTEX_POINT('',#3517);
#1554=VERTEX_POINT('',#3519);
#1555=VERTEX_POINT('',#3521);
#1556=VERTEX_POINT('',#3523);
#1557=VERTEX_POINT('',#3525);
#1558=VERTEX_POINT('',#3527);
#1559=VERTEX_POINT('',#3531);
#1560=VERTEX_POINT('',#3533);
#1561=VERTEX_POINT('',#3537);
#1562=VERTEX_POINT('',#3539);
#1563=VERTEX_POINT('',#3543);
#1564=VERTEX_POINT('',#3544);
#1565=VERTEX_POINT('',#3549);
#1566=VERTEX_POINT('',#3551);
#1567=VERTEX_POINT('',#3555);
#1568=VERTEX_POINT('',#3558);
#1569=VERTEX_POINT('',#3561);
#1570=VERTEX_POINT('',#3564);
#1571=VERTEX_POINT('',#3567);
#1572=VERTEX_POINT('',#3569);
#1573=VERTEX_POINT('',#3571);
#1574=VERTEX_POINT('',#3573);
#1575=VERTEX_POINT('',#3575);
#1576=VERTEX_POINT('',#3577);
#1577=VERTEX_POINT('',#3579);
#1578=VERTEX_POINT('',#3581);
#1579=VERTEX_POINT('',#3583);
#1580=VERTEX_POINT('',#3585);
#1581=VERTEX_POINT('',#3588);
#1582=VERTEX_POINT('',#3590);
#1583=VERTEX_POINT('',#3593);
#1584=VERTEX_POINT('',#3595);
#1585=VERTEX_POINT('',#3599);
#1586=VERTEX_POINT('',#3600);
#1587=VERTEX_POINT('',#3605);
#1588=VERTEX_POINT('',#3607);
#1589=VERTEX_POINT('',#3609);
#1590=VERTEX_POINT('',#3611);
#1591=VERTEX_POINT('',#3613);
#1592=VERTEX_POINT('',#3615);
#1593=VERTEX_POINT('',#3617);
#1594=VERTEX_POINT('',#3619);
#1595=VERTEX_POINT('',#3621);
#1596=VERTEX_POINT('',#3623);
#1597=VERTEX_POINT('',#3626);
#1598=VERTEX_POINT('',#3628);
#1599=VERTEX_POINT('',#3631);
#1600=VERTEX_POINT('',#3633);
#1601=VERTEX_POINT('',#3637);
#1602=VERTEX_POINT('',#3638);
#1603=VERTEX_POINT('',#3643);
#1604=VERTEX_POINT('',#3646);
#1605=VERTEX_POINT('',#3649);
#1606=VERTEX_POINT('',#3652);
#1607=VERTEX_POINT('',#3660);
#1608=VERTEX_POINT('',#3662);
#1609=VERTEX_POINT('',#3666);
#1610=VERTEX_POINT('',#3667);
#1611=VERTEX_POINT('',#3672);
#1612=VERTEX_POINT('',#3676);
#1613=VERTEX_POINT('',#3680);
#1614=VERTEX_POINT('',#3681);
#1615=VERTEX_POINT('',#3686);
#1616=VERTEX_POINT('',#3687);
#1617=VERTEX_POINT('',#3692);
#1618=VERTEX_POINT('',#3696);
#1619=VERTEX_POINT('',#3700);
#1620=VERTEX_POINT('',#3701);
#1621=VERTEX_POINT('',#3706);
#1622=VERTEX_POINT('',#3707);
#1623=VERTEX_POINT('',#3712);
#1624=VERTEX_POINT('',#3716);
#1625=VERTEX_POINT('',#3720);
#1626=VERTEX_POINT('',#3722);
#1627=VERTEX_POINT('',#3726);
#1628=VERTEX_POINT('',#3727);
#1629=VERTEX_POINT('',#3732);
#1630=VERTEX_POINT('',#3736);
#1631=VERTEX_POINT('',#3740);
#1632=VERTEX_POINT('',#3742);
#1633=VERTEX_POINT('',#3744);
#1634=VERTEX_POINT('',#3746);
#1635=VERTEX_POINT('',#3773);
#1636=VERTEX_POINT('',#3775);
#1637=VERTEX_POINT('',#3792);
#1638=VERTEX_POINT('',#3794);
#1639=VERTEX_POINT('',#3811);
#1640=VERTEX_POINT('',#3815);
#1641=VERTEX_POINT('',#3830);
#1642=VERTEX_POINT('',#3834);
#1643=VERTEX_POINT('',#3857);
#1644=VERTEX_POINT('',#3861);
#1645=VERTEX_POINT('',#3865);
#1646=VERTEX_POINT('',#3869);
#1647=VERTEX_POINT('',#3874);
#1648=VERTEX_POINT('',#3876);
#1649=VERTEX_POINT('',#3877);
#1650=VERTEX_POINT('',#3879);
#1651=VERTEX_POINT('',#3881);
#1652=VERTEX_POINT('',#3883);
#1653=VERTEX_POINT('',#3885);
#1654=VERTEX_POINT('',#3887);
#1655=VERTEX_POINT('',#3889);
#1656=VERTEX_POINT('',#3891);
#1657=VERTEX_POINT('',#3893);
#1658=VERTEX_POINT('',#3895);
#1659=VERTEX_POINT('',#3897);
#1660=VERTEX_POINT('',#3899);
#1661=VERTEX_POINT('',#3901);
#1662=VERTEX_POINT('',#3903);
#1663=VERTEX_POINT('',#3905);
#1664=VERTEX_POINT('',#3909);
#1665=VERTEX_POINT('',#3910);
#1666=VERTEX_POINT('',#3912);
#1667=VERTEX_POINT('',#3914);
#1668=VERTEX_POINT('',#3918);
#1669=VERTEX_POINT('',#3919);
#1670=VERTEX_POINT('',#3921);
#1671=VERTEX_POINT('',#3923);
#1672=VERTEX_POINT('',#3927);
#1673=VERTEX_POINT('',#3929);
#1674=VERTEX_POINT('',#3931);
#1675=VERTEX_POINT('',#3934);
#1676=VERTEX_POINT('',#3936);
#1677=VERTEX_POINT('',#3940);
#1678=VERTEX_POINT('',#3943);
#1679=VERTEX_POINT('',#3945);
#1680=VERTEX_POINT('',#3948);
#1681=VERTEX_POINT('',#3950);
#1682=VERTEX_POINT('',#3955);
#1683=VERTEX_POINT('',#3957);
#1684=VERTEX_POINT('',#3960);
#1685=VERTEX_POINT('',#3962);
#1686=VERTEX_POINT('',#3965);
#1687=VERTEX_POINT('',#3967);
#1688=VERTEX_POINT('',#3970);
#1689=VERTEX_POINT('',#3972);
#1690=VERTEX_POINT('',#3975);
#1691=VERTEX_POINT('',#3977);
#1692=VERTEX_POINT('',#3979);
#1693=VERTEX_POINT('',#3981);
#1694=VERTEX_POINT('',#3994);
#1695=VERTEX_POINT('',#3998);
#1696=VERTEX_POINT('',#4004);
#1697=VERTEX_POINT('',#4008);
#1698=VERTEX_POINT('',#4012);
#1699=VERTEX_POINT('',#4018);
#1700=VERTEX_POINT('',#4022);
#1701=VERTEX_POINT('',#4026);
#1702=VERTEX_POINT('',#4032);
#1703=VERTEX_POINT('',#4036);
#1704=VERTEX_POINT('',#4040);
#1705=VERTEX_POINT('',#4046);
#1706=CIRCLE('',#2435,0.0015);
#1707=CIRCLE('',#2436,0.0015);
#1708=CIRCLE('',#2437,0.0012);
#1709=CIRCLE('',#2438,0.0012);
#1710=CIRCLE('',#2439,0.065);
#1711=CIRCLE('',#2440,0.0012);
#1712=CIRCLE('',#2441,0.0012);
#1713=CIRCLE('',#2442,0.065);
#1714=CIRCLE('',#2443,0.0012);
#1715=CIRCLE('',#2444,0.0012);
#1716=CIRCLE('',#2445,0.065);
#1717=CIRCLE('',#2446,0.0012);
#1718=CIRCLE('',#2447,0.0012);
#1719=CIRCLE('',#2448,0.065);
#1720=CIRCLE('',#2449,0.0015);
#1721=CIRCLE('',#2450,0.0015);
#1722=CIRCLE('',#2451,0.002);
#1723=CIRCLE('',#2452,0.002);
#1724=CIRCLE('',#2453,0.002);
#1725=CIRCLE('',#2454,0.002);
#1726=CIRCLE('',#2461,0.0015);
#1727=CIRCLE('',#2463,0.0015);
#1728=CIRCLE('',#2465,0.0015);
#1729=CIRCLE('',#2467,0.0015);
#1730=CIRCLE('',#2469,0.0005);
#1731=CIRCLE('',#2470,0.0005);
#1732=CIRCLE('',#2471,0.0005);
#1733=CIRCLE('',#2472,0.0005);
#1734=CIRCLE('',#2473,0.0005);
#1735=CIRCLE('',#2474,0.0005);
#1736=CIRCLE('',#2475,0.0005);
#1737=CIRCLE('',#2476,0.0005);
#1738=CIRCLE('',#2479,0.0005);
#1739=CIRCLE('',#2480,0.0005);
#1740=CIRCLE('',#2481,0.0005);
#1741=CIRCLE('',#2482,0.0005);
#1742=CIRCLE('',#2483,0.0005);
#1743=CIRCLE('',#2484,0.0005);
#1744=CIRCLE('',#2485,0.0005);
#1745=CIRCLE('',#2486,0.0005);
#1746=CIRCLE('',#2489,0.002);
#1747=CIRCLE('',#2490,0.002);
#1748=CIRCLE('',#2491,0.002);
#1749=CIRCLE('',#2492,0.002);
#1750=CIRCLE('',#2496,0.065);
#1751=CIRCLE('',#2501,0.065);
#1752=CIRCLE('',#2506,0.065);
#1753=CIRCLE('',#2511,0.065);
#1754=CIRCLE('',#2514,0.0015);
#1755=CIRCLE('',#2515,0.0015);
#1756=CIRCLE('',#2516,0.0015);
#1757=CIRCLE('',#2517,0.0015);
#1758=CIRCLE('',#2518,0.0012);
#1759=CIRCLE('',#2519,0.0012);
#1760=CIRCLE('',#2520,0.0012);
#1761=CIRCLE('',#2521,0.0012);
#1762=CIRCLE('',#2522,0.0012);
#1763=CIRCLE('',#2523,0.0012);
#1764=CIRCLE('',#2524,0.0012);
#1765=CIRCLE('',#2525,0.0012);
#1766=CIRCLE('',#2541,0.0005);
#1767=CIRCLE('',#2543,0.0005);
#1768=CIRCLE('',#2545,0.0005);
#1769=CIRCLE('',#2548,0.0005);
#1770=CIRCLE('',#2553,0.0005);
#1771=CIRCLE('',#2555,0.0005);
#1772=CIRCLE('',#2557,0.0005);
#1773=CIRCLE('',#2560,0.0005);
#1774=CIRCLE('',#2566,0.0005);
#1775=CIRCLE('',#2568,0.0005);
#1776=CIRCLE('',#2570,0.0005);
#1777=CIRCLE('',#2572,0.0005);
#1778=CIRCLE('',#2578,0.0005);
#1779=CIRCLE('',#2580,0.0005);
#1780=CIRCLE('',#2582,0.0005);
#1781=CIRCLE('',#2584,0.0005);
#1782=CIRCLE('',#2595,0.0015);
#1783=CIRCLE('',#2598,0.0015);
#1784=CIRCLE('',#2601,0.0015);
#1785=CIRCLE('',#2604,0.0015);
#1786=CIRCLE('',#2608,0.065);
#1787=CIRCLE('',#2609,0.065);
#1788=CIRCLE('',#2610,0.065);
#1789=CIRCLE('',#2611,0.065);
#1790=CIRCLE('',#2612,0.065);
#1791=CIRCLE('',#2613,0.065);
#1792=CIRCLE('',#2614,0.065);
#1793=CIRCLE('',#2615,0.065);
#1794=CIRCLE('',#2616,0.065);
#1795=CIRCLE('',#2618,0.056);
#1796=CIRCLE('',#2619,0.056);
#1797=CIRCLE('',#2621,0.056);
#1798=CIRCLE('',#2622,0.056);
#1799=CIRCLE('',#2624,0.051);
#1800=CIRCLE('',#2626,0.051);
#1801=CIRCLE('',#2630,0.00263999484735901);
#1802=CIRCLE('',#2631,0.00263999484735901);
#1803=CIRCLE('',#2632,0.00263999484735901);
#1804=CIRCLE('',#2633,0.00263999484735901);
#1805=CIRCLE('',#2634,0.0015);
#1806=CIRCLE('',#2635,0.0015);
#1807=CIRCLE('',#2636,0.0015);
#1808=CIRCLE('',#2637,0.0015);
#1809=CIRCLE('',#2646,0.00263999484735901);
#1810=CIRCLE('',#2649,0.0015);
#1811=CIRCLE('',#2653,0.00263999484735901);
#1812=CIRCLE('',#2656,0.0015);
#1813=CIRCLE('',#2660,0.00263999484735901);
#1814=CIRCLE('',#2663,0.0015);
#1815=CIRCLE('',#2667,0.00263999484735901);
#1816=CIRCLE('',#2670,0.0015);
#1817=EDGE_LOOP('',(#498));
#1818=EDGE_LOOP('',(#499));
#1819=EDGE_LOOP('',(#500,#501,#502,#503,#504,#505,#506,#507,#508,#509,#510,
#511,#512,#513,#514,#515,#516,#517,#518,#519,#520,#521,#522,#523));
#1820=EDGE_LOOP('',(#524));
#1821=EDGE_LOOP('',(#525));
#1822=EDGE_LOOP('',(#526,#527,#528,#529,#530,#531,#532,#533,#534,#535,#536,
#537,#538,#539,#540,#541,#542,#543,#544,#545,#546,#547,#548,#549,#550,#551,
#552,#553,#554,#555,#556,#557,#558,#559,#560,#561,#562,#563,#564,#565));
#1823=EDGE_LOOP('',(#566,#567,#568,#569,#570,#571,#572,#573,#574,#575,#576,
#577));
#1824=EDGE_LOOP('',(#578,#579,#580,#581));
#1825=EDGE_LOOP('',(#582,#583,#584,#585));
#1826=EDGE_LOOP('',(#586,#587,#588,#589));
#1827=EDGE_LOOP('',(#590,#591,#592,#593));
#1828=EDGE_LOOP('',(#594));
#1829=EDGE_LOOP('',(#595));
#1830=EDGE_LOOP('',(#596));
#1831=EDGE_LOOP('',(#597));
#1832=EDGE_LOOP('',(#598));
#1833=EDGE_LOOP('',(#599));
#1834=EDGE_LOOP('',(#600));
#1835=EDGE_LOOP('',(#601));
#1836=EDGE_LOOP('',(#602));
#1837=EDGE_LOOP('',(#603));
#1838=EDGE_LOOP('',(#604));
#1839=EDGE_LOOP('',(#605));
#1840=EDGE_LOOP('',(#606));
#1841=EDGE_LOOP('',(#607));
#1842=EDGE_LOOP('',(#608));
#1843=EDGE_LOOP('',(#609));
#1844=EDGE_LOOP('',(#610,#611,#612,#613,#614,#615,#616,#617,#618,#619,#620,
#621));
#1845=EDGE_LOOP('',(#622,#623,#624,#625));
#1846=EDGE_LOOP('',(#626));
#1847=EDGE_LOOP('',(#627));
#1848=EDGE_LOOP('',(#628));
#1849=EDGE_LOOP('',(#629));
#1850=EDGE_LOOP('',(#630));
#1851=EDGE_LOOP('',(#631));
#1852=EDGE_LOOP('',(#632));
#1853=EDGE_LOOP('',(#633));
#1854=EDGE_LOOP('',(#634,#635,#636,#637,#638,#639,#640,#641,#642,#643,#644,
#645));
#1855=EDGE_LOOP('',(#646,#647,#648,#649));
#1856=EDGE_LOOP('',(#650,#651,#652,#653,#654,#655,#656,#657,#658,#659,#660,
#661));
#1857=EDGE_LOOP('',(#662,#663,#664,#665,#666,#667,#668,#669));
#1858=EDGE_LOOP('',(#670));
#1859=EDGE_LOOP('',(#671));
#1860=EDGE_LOOP('',(#672));
#1861=EDGE_LOOP('',(#673));
#1862=EDGE_LOOP('',(#674,#675,#676,#677));
#1863=EDGE_LOOP('',(#678,#679,#680,#681));
#1864=EDGE_LOOP('',(#682,#683,#684,#685));
#1865=EDGE_LOOP('',(#686,#687,#688,#689));
#1866=EDGE_LOOP('',(#690,#691,#692,#693));
#1867=EDGE_LOOP('',(#694,#695,#696,#697));
#1868=EDGE_LOOP('',(#698,#699,#700,#701));
#1869=EDGE_LOOP('',(#702,#703,#704,#705));
#1870=EDGE_LOOP('',(#706,#707,#708,#709));
#1871=EDGE_LOOP('',(#710,#711,#712,#713));
#1872=EDGE_LOOP('',(#714,#715,#716,#717));
#1873=EDGE_LOOP('',(#718,#719,#720,#721));
#1874=EDGE_LOOP('',(#722,#723,#724,#725));
#1875=EDGE_LOOP('',(#726,#727,#728,#729));
#1876=EDGE_LOOP('',(#730,#731,#732,#733));
#1877=EDGE_LOOP('',(#734,#735,#736,#737));
#1878=EDGE_LOOP('',(#738));
#1879=EDGE_LOOP('',(#739));
#1880=EDGE_LOOP('',(#740));
#1881=EDGE_LOOP('',(#741));
#1882=EDGE_LOOP('',(#742,#743,#744,#745,#746,#747,#748,#749,#750,#751,#752,
#753,#754,#755,#756,#757,#758,#759,#760,#761,#762,#763,#764,#765));
#1883=EDGE_LOOP('',(#766,#767,#768,#769));
#1884=EDGE_LOOP('',(#770,#771,#772,#773));
#1885=EDGE_LOOP('',(#774,#775,#776,#777));
#1886=EDGE_LOOP('',(#778,#779,#780,#781));
#1887=EDGE_LOOP('',(#782,#783,#784,#785));
#1888=EDGE_LOOP('',(#786,#787,#788,#789));
#1889=EDGE_LOOP('',(#790,#791,#792,#793));
#1890=EDGE_LOOP('',(#794,#795,#796,#797));
#1891=EDGE_LOOP('',(#798,#799,#800,#801));
#1892=EDGE_LOOP('',(#802,#803,#804,#805));
#1893=EDGE_LOOP('',(#806,#807,#808,#809));
#1894=EDGE_LOOP('',(#810,#811,#812,#813));
#1895=EDGE_LOOP('',(#814,#815,#816,#817));
#1896=EDGE_LOOP('',(#818,#819,#820,#821));
#1897=EDGE_LOOP('',(#822));
#1898=EDGE_LOOP('',(#823));
#1899=EDGE_LOOP('',(#824));
#1900=EDGE_LOOP('',(#825));
#1901=EDGE_LOOP('',(#826));
#1902=EDGE_LOOP('',(#827));
#1903=EDGE_LOOP('',(#828,#829,#830,#831));
#1904=EDGE_LOOP('',(#832));
#1905=EDGE_LOOP('',(#833));
#1906=EDGE_LOOP('',(#834,#835,#836,#837,#838,#839,#840,#841,#842,#843,#844,
#845));
#1907=EDGE_LOOP('',(#846,#847,#848,#849));
#1908=EDGE_LOOP('',(#850,#851,#852,#853));
#1909=EDGE_LOOP('',(#854));
#1910=EDGE_LOOP('',(#855));
#1911=EDGE_LOOP('',(#856));
#1912=EDGE_LOOP('',(#857));
#1913=EDGE_LOOP('',(#858));
#1914=EDGE_LOOP('',(#859));
#1915=EDGE_LOOP('',(#860,#861,#862,#863));
#1916=EDGE_LOOP('',(#864));
#1917=EDGE_LOOP('',(#865));
#1918=EDGE_LOOP('',(#866,#867,#868,#869,#870,#871,#872,#873,#874,#875,#876,
#877));
#1919=EDGE_LOOP('',(#878,#879,#880,#881));
#1920=EDGE_LOOP('',(#882,#883,#884,#885));
#1921=EDGE_LOOP('',(#886,#887,#888,#889));
#1922=EDGE_LOOP('',(#890));
#1923=EDGE_LOOP('',(#891));
#1924=EDGE_LOOP('',(#892));
#1925=EDGE_LOOP('',(#893));
#1926=EDGE_LOOP('',(#894));
#1927=EDGE_LOOP('',(#895));
#1928=EDGE_LOOP('',(#896));
#1929=EDGE_LOOP('',(#897));
#1930=EDGE_LOOP('',(#898,#899,#900,#901,#902,#903,#904,#905,#906,#907,#908,
#909));
#1931=EDGE_LOOP('',(#910,#911,#912,#913));
#1932=EDGE_LOOP('',(#914,#915,#916,#917));
#1933=EDGE_LOOP('',(#918,#919,#920,#921));
#1934=EDGE_LOOP('',(#922));
#1935=EDGE_LOOP('',(#923));
#1936=EDGE_LOOP('',(#924));
#1937=EDGE_LOOP('',(#925));
#1938=EDGE_LOOP('',(#926));
#1939=EDGE_LOOP('',(#927));
#1940=EDGE_LOOP('',(#928));
#1941=EDGE_LOOP('',(#929));
#1942=EDGE_LOOP('',(#930,#931,#932,#933,#934,#935,#936,#937,#938,#939,#940,
#941));
#1943=EDGE_LOOP('',(#942,#943,#944,#945));
#1944=EDGE_LOOP('',(#946,#947,#948,#949));
#1945=EDGE_LOOP('',(#950,#951,#952,#953));
#1946=EDGE_LOOP('',(#954,#955,#956,#957));
#1947=EDGE_LOOP('',(#958,#959,#960,#961));
#1948=EDGE_LOOP('',(#962,#963,#964,#965));
#1949=EDGE_LOOP('',(#966,#967,#968,#969));
#1950=EDGE_LOOP('',(#970,#971,#972,#973));
#1951=EDGE_LOOP('',(#974));
#1952=EDGE_LOOP('',(#975));
#1953=EDGE_LOOP('',(#976));
#1954=EDGE_LOOP('',(#977));
#1955=EDGE_LOOP('',(#978));
#1956=EDGE_LOOP('',(#979));
#1957=EDGE_LOOP('',(#980));
#1958=EDGE_LOOP('',(#981));
#1959=EDGE_LOOP('',(#982));
#1960=EDGE_LOOP('',(#983));
#1961=EDGE_LOOP('',(#984));
#1962=EDGE_LOOP('',(#985));
#1963=EDGE_LOOP('',(#986));
#1964=EDGE_LOOP('',(#987,#988,#989,#990,#991,#992,#993,#994,#995,#996,#997,
#998,#999,#1000,#1001,#1002));
#1965=EDGE_LOOP('',(#1003,#1004,#1005,#1006));
#1966=EDGE_LOOP('',(#1007,#1008,#1009,#1010));
#1967=EDGE_LOOP('',(#1011));
#1968=EDGE_LOOP('',(#1012,#1013,#1014,#1015,#1016,#1017,#1018,#1019));
#1969=EDGE_LOOP('',(#1020));
#1970=EDGE_LOOP('',(#1021));
#1971=EDGE_LOOP('',(#1022,#1023,#1024,#1025,#1026,#1027,#1028,#1029));
#1972=EDGE_LOOP('',(#1030));
#1973=EDGE_LOOP('',(#1031));
#1974=EDGE_LOOP('',(#1032,#1033,#1034,#1035,#1036,#1037,#1038,#1039,#1040,
#1041,#1042,#1043,#1044,#1045,#1046,#1047));
#1975=EDGE_LOOP('',(#1048));
#1976=EDGE_LOOP('',(#1049));
#1977=EDGE_LOOP('',(#1050));
#1978=EDGE_LOOP('',(#1051));
#1979=EDGE_LOOP('',(#1052,#1053,#1054,#1055));
#1980=EDGE_LOOP('',(#1056,#1057,#1058,#1059));
#1981=EDGE_LOOP('',(#1060,#1061,#1062,#1063));
#1982=EDGE_LOOP('',(#1064,#1065,#1066,#1067));
#1983=EDGE_LOOP('',(#1068,#1069,#1070,#1071));
#1984=EDGE_LOOP('',(#1072,#1073,#1074,#1075));
#1985=EDGE_LOOP('',(#1076,#1077,#1078,#1079));
#1986=EDGE_LOOP('',(#1080,#1081,#1082,#1083));
#1987=EDGE_LOOP('',(#1084,#1085,#1086,#1087));
#1988=EDGE_LOOP('',(#1088));
#1989=EDGE_LOOP('',(#1089));
#1990=EDGE_LOOP('',(#1090,#1091,#1092,#1093));
#1991=EDGE_LOOP('',(#1094));
#1992=EDGE_LOOP('',(#1095,#1096,#1097,#1098));
#1993=EDGE_LOOP('',(#1099,#1100,#1101,#1102));
#1994=EDGE_LOOP('',(#1103,#1104,#1105,#1106));
#1995=EDGE_LOOP('',(#1107));
#1996=EDGE_LOOP('',(#1108));
#1997=EDGE_LOOP('',(#1109,#1110,#1111,#1112));
#1998=EDGE_LOOP('',(#1113));
#1999=EDGE_LOOP('',(#1114,#1115,#1116,#1117));
#2000=EDGE_LOOP('',(#1118,#1119,#1120,#1121));
#2001=EDGE_LOOP('',(#1122,#1123,#1124,#1125));
#2002=EDGE_LOOP('',(#1126));
#2003=EDGE_LOOP('',(#1127));
#2004=EDGE_LOOP('',(#1128,#1129,#1130,#1131));
#2005=EDGE_LOOP('',(#1132));
#2006=EDGE_LOOP('',(#1133,#1134,#1135,#1136));
#2007=EDGE_LOOP('',(#1137,#1138,#1139,#1140));
#2008=EDGE_LOOP('',(#1141,#1142,#1143,#1144));
#2009=EDGE_LOOP('',(#1145));
#2010=EDGE_LOOP('',(#1146));
#2011=EDGE_LOOP('',(#1147,#1148,#1149,#1150));
#2012=EDGE_LOOP('',(#1151));
#2013=FACE_BOUND('',#1817,.T.);
#2014=FACE_BOUND('',#1818,.T.);
#2015=FACE_BOUND('',#1819,.T.);
#2016=FACE_BOUND('',#1820,.T.);
#2017=FACE_BOUND('',#1821,.T.);
#2018=FACE_BOUND('',#1822,.T.);
#2019=FACE_BOUND('',#1823,.T.);
#2020=FACE_BOUND('',#1824,.T.);
#2021=FACE_BOUND('',#1825,.T.);
#2022=FACE_BOUND('',#1826,.T.);
#2023=FACE_BOUND('',#1827,.T.);
#2024=FACE_BOUND('',#1828,.T.);
#2025=FACE_BOUND('',#1829,.T.);
#2026=FACE_BOUND('',#1830,.T.);
#2027=FACE_BOUND('',#1831,.T.);
#2028=FACE_BOUND('',#1832,.T.);
#2029=FACE_BOUND('',#1833,.T.);
#2030=FACE_BOUND('',#1834,.T.);
#2031=FACE_BOUND('',#1835,.T.);
#2032=FACE_BOUND('',#1836,.T.);
#2033=FACE_BOUND('',#1837,.T.);
#2034=FACE_BOUND('',#1838,.T.);
#2035=FACE_BOUND('',#1839,.T.);
#2036=FACE_BOUND('',#1840,.T.);
#2037=FACE_BOUND('',#1841,.T.);
#2038=FACE_BOUND('',#1842,.T.);
#2039=FACE_BOUND('',#1843,.T.);
#2040=FACE_BOUND('',#1844,.T.);
#2041=FACE_BOUND('',#1845,.T.);
#2042=FACE_BOUND('',#1846,.T.);
#2043=FACE_BOUND('',#1847,.T.);
#2044=FACE_BOUND('',#1848,.T.);
#2045=FACE_BOUND('',#1849,.T.);
#2046=FACE_BOUND('',#1850,.T.);
#2047=FACE_BOUND('',#1851,.T.);
#2048=FACE_BOUND('',#1852,.T.);
#2049=FACE_BOUND('',#1853,.T.);
#2050=FACE_BOUND('',#1854,.T.);
#2051=FACE_BOUND('',#1855,.T.);
#2052=FACE_BOUND('',#1856,.T.);
#2053=FACE_BOUND('',#1857,.T.);
#2054=FACE_BOUND('',#1858,.T.);
#2055=FACE_BOUND('',#1859,.T.);
#2056=FACE_BOUND('',#1860,.T.);
#2057=FACE_BOUND('',#1861,.T.);
#2058=FACE_BOUND('',#1862,.T.);
#2059=FACE_BOUND('',#1863,.T.);
#2060=FACE_BOUND('',#1864,.T.);
#2061=FACE_BOUND('',#1865,.T.);
#2062=FACE_BOUND('',#1866,.T.);
#2063=FACE_BOUND('',#1867,.T.);
#2064=FACE_BOUND('',#1868,.T.);
#2065=FACE_BOUND('',#1869,.T.);
#2066=FACE_BOUND('',#1870,.T.);
#2067=FACE_BOUND('',#1871,.T.);
#2068=FACE_BOUND('',#1872,.T.);
#2069=FACE_BOUND('',#1873,.T.);
#2070=FACE_BOUND('',#1874,.T.);
#2071=FACE_BOUND('',#1875,.T.);
#2072=FACE_BOUND('',#1876,.T.);
#2073=FACE_BOUND('',#1877,.T.);
#2074=FACE_BOUND('',#1878,.T.);
#2075=FACE_BOUND('',#1879,.T.);
#2076=FACE_BOUND('',#1880,.T.);
#2077=FACE_BOUND('',#1881,.T.);
#2078=FACE_BOUND('',#1882,.T.);
#2079=FACE_BOUND('',#1883,.T.);
#2080=FACE_BOUND('',#1884,.T.);
#2081=FACE_BOUND('',#1885,.T.);
#2082=FACE_BOUND('',#1886,.T.);
#2083=FACE_BOUND('',#1887,.T.);
#2084=FACE_BOUND('',#1888,.T.);
#2085=FACE_BOUND('',#1889,.T.);
#2086=FACE_BOUND('',#1890,.T.);
#2087=FACE_BOUND('',#1891,.T.);
#2088=FACE_BOUND('',#1892,.T.);
#2089=FACE_BOUND('',#1893,.T.);
#2090=FACE_BOUND('',#1894,.T.);
#2091=FACE_BOUND('',#1895,.T.);
#2092=FACE_BOUND('',#1896,.T.);
#2093=FACE_BOUND('',#1897,.T.);
#2094=FACE_BOUND('',#1898,.T.);
#2095=FACE_BOUND('',#1899,.T.);
#2096=FACE_BOUND('',#1900,.T.);
#2097=FACE_BOUND('',#1901,.T.);
#2098=FACE_BOUND('',#1902,.T.);
#2099=FACE_BOUND('',#1903,.T.);
#2100=FACE_BOUND('',#1904,.T.);
#2101=FACE_BOUND('',#1905,.T.);
#2102=FACE_BOUND('',#1906,.T.);
#2103=FACE_BOUND('',#1907,.T.);
#2104=FACE_BOUND('',#1908,.T.);
#2105=FACE_BOUND('',#1909,.T.);
#2106=FACE_BOUND('',#1910,.T.);
#2107=FACE_BOUND('',#1911,.T.);
#2108=FACE_BOUND('',#1912,.T.);
#2109=FACE_BOUND('',#1913,.T.);
#2110=FACE_BOUND('',#1914,.T.);
#2111=FACE_BOUND('',#1915,.T.);
#2112=FACE_BOUND('',#1916,.T.);
#2113=FACE_BOUND('',#1917,.T.);
#2114=FACE_BOUND('',#1918,.T.);
#2115=FACE_BOUND('',#1919,.T.);
#2116=FACE_BOUND('',#1920,.T.);
#2117=FACE_BOUND('',#1921,.T.);
#2118=FACE_BOUND('',#1922,.T.);
#2119=FACE_BOUND('',#1923,.T.);
#2120=FACE_BOUND('',#1924,.T.);
#2121=FACE_BOUND('',#1925,.T.);
#2122=FACE_BOUND('',#1926,.T.);
#2123=FACE_BOUND('',#1927,.T.);
#2124=FACE_BOUND('',#1928,.T.);
#2125=FACE_BOUND('',#1929,.T.);
#2126=FACE_BOUND('',#1930,.T.);
#2127=FACE_BOUND('',#1931,.T.);
#2128=FACE_BOUND('',#1932,.T.);
#2129=FACE_BOUND('',#1933,.T.);
#2130=FACE_BOUND('',#1934,.T.);
#2131=FACE_BOUND('',#1935,.T.);
#2132=FACE_BOUND('',#1936,.T.);
#2133=FACE_BOUND('',#1937,.T.);
#2134=FACE_BOUND('',#1938,.T.);
#2135=FACE_BOUND('',#1939,.T.);
#2136=FACE_BOUND('',#1940,.T.);
#2137=FACE_BOUND('',#1941,.T.);
#2138=FACE_BOUND('',#1942,.T.);
#2139=FACE_BOUND('',#1943,.T.);
#2140=FACE_BOUND('',#1944,.T.);
#2141=FACE_BOUND('',#1945,.T.);
#2142=FACE_BOUND('',#1946,.T.);
#2143=FACE_BOUND('',#1947,.T.);
#2144=FACE_BOUND('',#1948,.T.);
#2145=FACE_BOUND('',#1949,.T.);
#2146=FACE_BOUND('',#1950,.T.);
#2147=FACE_BOUND('',#1951,.T.);
#2148=FACE_BOUND('',#1952,.T.);
#2149=FACE_BOUND('',#1953,.T.);
#2150=FACE_BOUND('',#1954,.T.);
#2151=FACE_BOUND('',#1955,.T.);
#2152=FACE_BOUND('',#1956,.T.);
#2153=FACE_BOUND('',#1957,.T.);
#2154=FACE_BOUND('',#1958,.T.);
#2155=FACE_BOUND('',#1959,.T.);
#2156=FACE_BOUND('',#1960,.T.);
#2157=FACE_BOUND('',#1961,.T.);
#2158=FACE_BOUND('',#1962,.T.);
#2159=FACE_BOUND('',#1963,.T.);
#2160=FACE_BOUND('',#1964,.T.);
#2161=FACE_BOUND('',#1965,.T.);
#2162=FACE_BOUND('',#1966,.T.);
#2163=FACE_BOUND('',#1967,.T.);
#2164=FACE_BOUND('',#1968,.T.);
#2165=FACE_BOUND('',#1969,.T.);
#2166=FACE_BOUND('',#1970,.T.);
#2167=FACE_BOUND('',#1971,.T.);
#2168=FACE_BOUND('',#1972,.T.);
#2169=FACE_BOUND('',#1973,.T.);
#2170=FACE_BOUND('',#1974,.T.);
#2171=FACE_BOUND('',#1975,.T.);
#2172=FACE_BOUND('',#1976,.T.);
#2173=FACE_BOUND('',#1977,.T.);
#2174=FACE_BOUND('',#1978,.T.);
#2175=FACE_BOUND('',#1979,.T.);
#2176=FACE_BOUND('',#1980,.T.);
#2177=FACE_BOUND('',#1981,.T.);
#2178=FACE_BOUND('',#1982,.T.);
#2179=FACE_BOUND('',#1983,.T.);
#2180=FACE_BOUND('',#1984,.T.);
#2181=FACE_BOUND('',#1985,.T.);
#2182=FACE_BOUND('',#1986,.T.);
#2183=FACE_BOUND('',#1987,.T.);
#2184=FACE_BOUND('',#1988,.T.);
#2185=FACE_BOUND('',#1989,.T.);
#2186=FACE_BOUND('',#1990,.T.);
#2187=FACE_BOUND('',#1991,.T.);
#2188=FACE_BOUND('',#1992,.T.);
#2189=FACE_BOUND('',#1993,.T.);
#2190=FACE_BOUND('',#1994,.T.);
#2191=FACE_BOUND('',#1995,.T.);
#2192=FACE_BOUND('',#1996,.T.);
#2193=FACE_BOUND('',#1997,.T.);
#2194=FACE_BOUND('',#1998,.T.);
#2195=FACE_BOUND('',#1999,.T.);
#2196=FACE_BOUND('',#2000,.T.);
#2197=FACE_BOUND('',#2001,.T.);
#2198=FACE_BOUND('',#2002,.T.);
#2199=FACE_BOUND('',#2003,.T.);
#2200=FACE_BOUND('',#2004,.T.);
#2201=FACE_BOUND('',#2005,.T.);
#2202=FACE_BOUND('',#2006,.T.);
#2203=FACE_BOUND('',#2007,.T.);
#2204=FACE_BOUND('',#2008,.T.);
#2205=FACE_BOUND('',#2009,.T.);
#2206=FACE_BOUND('',#2010,.T.);
#2207=FACE_BOUND('',#2011,.T.);
#2208=FACE_BOUND('',#2012,.T.);
#2209=PLANE('',#2434);
#2210=PLANE('',#2455);
#2211=PLANE('',#2456);
#2212=PLANE('',#2457);
#2213=PLANE('',#2458);
#2214=PLANE('',#2459);
#2215=PLANE('',#2468);
#2216=PLANE('',#2477);
#2217=PLANE('',#2478);
#2218=PLANE('',#2487);
#2219=PLANE('',#2488);
#2220=PLANE('',#2493);
#2221=PLANE('',#2494);
#2222=PLANE('',#2497);
#2223=PLANE('',#2498);
#2224=PLANE('',#2499);
#2225=PLANE('',#2502);
#2226=PLANE('',#2503);
#2227=PLANE('',#2504);
#2228=PLANE('',#2507);
#2229=PLANE('',#2508);
#2230=PLANE('',#2509);
#2231=PLANE('',#2512);
#2232=PLANE('',#2513);
#2233=PLANE('',#2526);
#2234=PLANE('',#2527);
#2235=PLANE('',#2528);
#2236=PLANE('',#2529);
#2237=PLANE('',#2530);
#2238=PLANE('',#2531);
#2239=PLANE('',#2532);
#2240=PLANE('',#2533);
#2241=PLANE('',#2538);
#2242=PLANE('',#2539);
#2243=PLANE('',#2546);
#2244=PLANE('',#2549);
#2245=PLANE('',#2550);
#2246=PLANE('',#2551);
#2247=PLANE('',#2558);
#2248=PLANE('',#2561);
#2249=PLANE('',#2562);
#2250=PLANE('',#2563);
#2251=PLANE('',#2564);
#2252=PLANE('',#2573);
#2253=PLANE('',#2574);
#2254=PLANE('',#2575);
#2255=PLANE('',#2576);
#2256=PLANE('',#2585);
#2257=PLANE('',#2594);
#2258=PLANE('',#2597);
#2259=PLANE('',#2600);
#2260=PLANE('',#2603);
#2261=PLANE('',#2623);
#2262=PLANE('',#2627);
#2263=PLANE('',#2628);
#2264=PLANE('',#2629);
#2265=PLANE('',#2638);
#2266=PLANE('',#2639);
#2267=PLANE('',#2640);
#2268=PLANE('',#2641);
#2269=PLANE('',#2642);
#2270=PLANE('',#2643);
#2271=PLANE('',#2644);
#2272=PLANE('',#2647);
#2273=PLANE('',#2650);
#2274=PLANE('',#2651);
#2275=PLANE('',#2654);
#2276=PLANE('',#2657);
#2277=PLANE('',#2658);
#2278=PLANE('',#2661);
#2279=PLANE('',#2664);
#2280=PLANE('',#2665);
#2281=PLANE('',#2668);
#2282=PLANE('',#2671);
#2283=ADVANCED_FACE('',(#2013,#2014,#2015,#2016,#2017,#2018),#2209,.T.);
#2284=ADVANCED_FACE('',(#2019),#2210,.F.);
#2285=ADVANCED_FACE('',(#2020),#2211,.F.);
#2286=ADVANCED_FACE('',(#2021),#2212,.T.);
#2287=ADVANCED_FACE('',(#2022),#2213,.T.);
#2288=ADVANCED_FACE('',(#2023),#2214,.F.);
#2289=ADVANCED_FACE('',(#2024,#2025),#14,.F.);
#2290=ADVANCED_FACE('',(#2026,#2027),#15,.F.);
#2291=ADVANCED_FACE('',(#2028,#2029),#16,.F.);
#2292=ADVANCED_FACE('',(#2030,#2031),#17,.F.);
#2293=ADVANCED_FACE('',(#2032,#2033,#2034,#2035,#2036,#2037,#2038,#2039,
#2040),#2215,.T.);
#2294=ADVANCED_FACE('',(#2041),#2216,.F.);
#2295=ADVANCED_FACE('',(#2042,#2043,#2044,#2045,#2046,#2047,#2048,#2049,
#2050),#2217,.F.);
#2296=ADVANCED_FACE('',(#2051),#2218,.T.);
#2297=ADVANCED_FACE('',(#2052,#2053,#2054,#2055,#2056,#2057),#2219,.F.);
#2298=ADVANCED_FACE('',(#2058),#2220,.T.);
#2299=ADVANCED_FACE('',(#2059),#2221,.T.);
#2300=ADVANCED_FACE('',(#2060),#18,.T.);
#2301=ADVANCED_FACE('',(#2061),#2222,.F.);
#2302=ADVANCED_FACE('',(#2062),#2223,.T.);
#2303=ADVANCED_FACE('',(#2063),#2224,.T.);
#2304=ADVANCED_FACE('',(#2064),#19,.T.);
#2305=ADVANCED_FACE('',(#2065),#2225,.F.);
#2306=ADVANCED_FACE('',(#2066),#2226,.T.);
#2307=ADVANCED_FACE('',(#2067),#2227,.T.);
#2308=ADVANCED_FACE('',(#2068),#20,.T.);
#2309=ADVANCED_FACE('',(#2069),#2228,.F.);
#2310=ADVANCED_FACE('',(#2070),#2229,.T.);
#2311=ADVANCED_FACE('',(#2071),#2230,.T.);
#2312=ADVANCED_FACE('',(#2072),#21,.T.);
#2313=ADVANCED_FACE('',(#2073),#2231,.F.);
#2314=ADVANCED_FACE('',(#2074,#2075,#2076,#2077,#2078),#2232,.T.);
#2315=ADVANCED_FACE('',(#2079),#2233,.T.);
#2316=ADVANCED_FACE('',(#2080),#2234,.F.);
#2317=ADVANCED_FACE('',(#2081),#2235,.F.);
#2318=ADVANCED_FACE('',(#2082),#2236,.T.);
#2319=ADVANCED_FACE('',(#2083),#2237,.T.);
#2320=ADVANCED_FACE('',(#2084),#2238,.F.);
#2321=ADVANCED_FACE('',(#2085),#2239,.F.);
#2322=ADVANCED_FACE('',(#2086),#2240,.T.);
#2323=ADVANCED_FACE('',(#2087),#22,.T.);
#2324=ADVANCED_FACE('',(#2088),#23,.T.);
#2325=ADVANCED_FACE('',(#2089),#24,.T.);
#2326=ADVANCED_FACE('',(#2090),#25,.T.);
#2327=ADVANCED_FACE('',(#2091),#2241,.F.);
#2328=ADVANCED_FACE('',(#2092),#2242,.T.);
#2329=ADVANCED_FACE('',(#2093,#2094),#26,.F.);
#2330=ADVANCED_FACE('',(#2095,#2096),#27,.F.);
#2331=ADVANCED_FACE('',(#2097,#2098),#28,.F.);
#2332=ADVANCED_FACE('',(#2099),#2243,.F.);
#2333=ADVANCED_FACE('',(#2100,#2101),#29,.F.);
#2334=ADVANCED_FACE('',(#2102),#2244,.F.);
#2335=ADVANCED_FACE('',(#2103),#2245,.T.);
#2336=ADVANCED_FACE('',(#2104),#2246,.T.);
#2337=ADVANCED_FACE('',(#2105,#2106),#30,.F.);
#2338=ADVANCED_FACE('',(#2107,#2108),#31,.F.);
#2339=ADVANCED_FACE('',(#2109,#2110),#32,.F.);
#2340=ADVANCED_FACE('',(#2111),#2247,.F.);
#2341=ADVANCED_FACE('',(#2112,#2113),#33,.F.);
#2342=ADVANCED_FACE('',(#2114),#2248,.F.);
#2343=ADVANCED_FACE('',(#2115),#2249,.F.);
#2344=ADVANCED_FACE('',(#2116),#2250,.F.);
#2345=ADVANCED_FACE('',(#2117),#2251,.T.);
#2346=ADVANCED_FACE('',(#2118,#2119),#34,.F.);
#2347=ADVANCED_FACE('',(#2120,#2121),#35,.F.);
#2348=ADVANCED_FACE('',(#2122,#2123),#36,.F.);
#2349=ADVANCED_FACE('',(#2124,#2125),#37,.F.);
#2350=ADVANCED_FACE('',(#2126),#2252,.F.);
#2351=ADVANCED_FACE('',(#2127),#2253,.F.);
#2352=ADVANCED_FACE('',(#2128),#2254,.T.);
#2353=ADVANCED_FACE('',(#2129),#2255,.T.);
#2354=ADVANCED_FACE('',(#2130,#2131),#38,.F.);
#2355=ADVANCED_FACE('',(#2132,#2133),#39,.F.);
#2356=ADVANCED_FACE('',(#2134,#2135),#40,.F.);
#2357=ADVANCED_FACE('',(#2136,#2137),#41,.F.);
#2358=ADVANCED_FACE('',(#2138),#2256,.F.);
#2359=ADVANCED_FACE('',(#2139),#42,.T.);
#2360=ADVANCED_FACE('',(#2140),#43,.T.);
#2361=ADVANCED_FACE('',(#2141),#44,.T.);
#2362=ADVANCED_FACE('',(#2142),#45,.T.);
#2363=ADVANCED_FACE('',(#2143),#46,.T.);
#2364=ADVANCED_FACE('',(#2144),#47,.T.);
#2365=ADVANCED_FACE('',(#2145),#48,.T.);
#2366=ADVANCED_FACE('',(#2146),#49,.T.);
#2367=ADVANCED_FACE('',(#2147),#2257,.T.);
#2368=ADVANCED_FACE('',(#2148,#2149),#50,.F.);
#2369=ADVANCED_FACE('',(#2150),#2258,.T.);
#2370=ADVANCED_FACE('',(#2151,#2152),#51,.F.);
#2371=ADVANCED_FACE('',(#2153),#2259,.T.);
#2372=ADVANCED_FACE('',(#2154,#2155),#52,.F.);
#2373=ADVANCED_FACE('',(#2156),#2260,.T.);
#2374=ADVANCED_FACE('',(#2157,#2158),#53,.F.);
#2375=ADVANCED_FACE('',(#2159,#2160),#54,.T.);
#2376=ADVANCED_FACE('',(#2161),#55,.F.);
#2377=ADVANCED_FACE('',(#2162),#56,.F.);
#2378=ADVANCED_FACE('',(#2163,#2164),#2261,.F.);
#2379=ADVANCED_FACE('',(#2165,#2166),#57,.F.);
#2380=ADVANCED_FACE('',(#2167),#2262,.T.);
#2381=ADVANCED_FACE('',(#2168,#2169),#2263,.T.);
#2382=ADVANCED_FACE('',(#2170,#2171,#2172,#2173,#2174),#2264,.F.);
#2383=ADVANCED_FACE('',(#2175),#2265,.F.);
#2384=ADVANCED_FACE('',(#2176),#2266,.T.);
#2385=ADVANCED_FACE('',(#2177),#2267,.F.);
#2386=ADVANCED_FACE('',(#2178),#2268,.F.);
#2387=ADVANCED_FACE('',(#2179),#2269,.F.);
#2388=ADVANCED_FACE('',(#2180),#2270,.T.);
#2389=ADVANCED_FACE('',(#2181),#2271,.F.);
#2390=ADVANCED_FACE('',(#2182),#58,.T.);
#2391=ADVANCED_FACE('',(#2183),#2272,.T.);
#2392=ADVANCED_FACE('',(#2184,#2185),#59,.F.);
#2393=ADVANCED_FACE('',(#2186,#2187),#2273,.F.);
#2394=ADVANCED_FACE('',(#2188),#2274,.F.);
#2395=ADVANCED_FACE('',(#2189),#60,.T.);
#2396=ADVANCED_FACE('',(#2190),#2275,.T.);
#2397=ADVANCED_FACE('',(#2191,#2192),#61,.F.);
#2398=ADVANCED_FACE('',(#2193,#2194),#2276,.F.);
#2399=ADVANCED_FACE('',(#2195),#2277,.F.);
#2400=ADVANCED_FACE('',(#2196),#62,.T.);
#2401=ADVANCED_FACE('',(#2197),#2278,.T.);
#2402=ADVANCED_FACE('',(#2198,#2199),#63,.F.);
#2403=ADVANCED_FACE('',(#2200,#2201),#2279,.F.);
#2404=ADVANCED_FACE('',(#2202),#2280,.F.);
#2405=ADVANCED_FACE('',(#2203),#64,.T.);
#2406=ADVANCED_FACE('',(#2204),#2281,.T.);
#2407=ADVANCED_FACE('',(#2205,#2206),#65,.F.);
#2408=ADVANCED_FACE('',(#2207,#2208),#2282,.F.);
#2409=CLOSED_SHELL('',(#2283,#2284,#2285,#2286,#2287,#2288,#2289,#2290,
#2291,#2292,#2293,#2294,#2295,#2296,#2297,#2298,#2299,#2300,#2301,#2302,
#2303,#2304,#2305,#2306,#2307,#2308,#2309,#2310,#2311,#2312,#2313,#2314,
#2315,#2316,#2317,#2318,#2319,#2320,#2321,#2322,#2323,#2324,#2325,#2326,
#2327,#2328,#2329,#2330,#2331,#2332,#2333,#2334,#2335,#2336,#2337,#2338,
#2339,#2340,#2341,#2342,#2343,#2344,#2345,#2346,#2347,#2348,#2349,#2350,
#2351,#2352,#2353,#2354,#2355,#2356,#2357,#2358,#2359,#2360,#2361,#2362,
#2363,#2364,#2365,#2366,#2367,#2368,#2369,#2370,#2371,#2372,#2373,#2374));
#2410=CLOSED_SHELL('',(#2375,#2376,#2377,#2378,#2379,#2380,#2381,#2382,
#2383,#2384,#2385,#2386,#2387,#2388,#2389,#2390,#2391,#2392,#2393,#2394,
#2395,#2396,#2397,#2398,#2399,#2400,#2401,#2402,#2403,#2404,#2405,#2406,
#2407,#2408));
#2411=STYLED_ITEM('',(#2413),#2427);
#2412=STYLED_ITEM('',(#2414),#2428);
#2413=PRESENTATION_STYLE_ASSIGNMENT((#2415));
#2414=PRESENTATION_STYLE_ASSIGNMENT((#2416));
#2415=SURFACE_STYLE_USAGE(.BOTH.,#2417);
#2416=SURFACE_STYLE_USAGE(.BOTH.,#2418);
#2417=SURFACE_SIDE_STYLE('',(#2419));
#2418=SURFACE_SIDE_STYLE('',(#2420));
#2419=SURFACE_STYLE_FILL_AREA(#2421);
#2420=SURFACE_STYLE_FILL_AREA(#2422);
#2421=FILL_AREA_STYLE('',(#2423));
#2422=FILL_AREA_STYLE('',(#2424));
#2423=FILL_AREA_STYLE_COLOUR('',#2425);
#2424=FILL_AREA_STYLE_COLOUR('',#2426);
#2425=COLOUR_RGB('',0.647058823529412,0.647058823529412,0.647058823529412);
#2426=COLOUR_RGB('',0.231372549019608,0.380392156862745,0.705882352941177);
#2427=MANIFOLD_SOLID_BREP('Part 1',#2409);
#2428=MANIFOLD_SOLID_BREP('Part 1',#2410);
#2429=SHAPE_DEFINITION_REPRESENTATION(#4060,#2431);
#2430=SHAPE_DEFINITION_REPRESENTATION(#4061,#2432);
#2431=SHAPE_REPRESENTATION('Part 1',(#2433),#4050);
#2432=SHAPE_REPRESENTATION('Part 1',(#2606),#4051);
#2433=AXIS2_PLACEMENT_3D('',#3366,#2672,#2673);
#2434=AXIS2_PLACEMENT_3D('',#3367,#2674,#2675);
#2435=AXIS2_PLACEMENT_3D('',#3368,#2676,#2677);
#2436=AXIS2_PLACEMENT_3D('',#3370,#2678,#2679);
#2437=AXIS2_PLACEMENT_3D('',#3375,#2681,#2682);
#2438=AXIS2_PLACEMENT_3D('',#3379,#2684,#2685);
#2439=AXIS2_PLACEMENT_3D('',#3383,#2687,#2688);
#2440=AXIS2_PLACEMENT_3D('',#3387,#2690,#2691);
#2441=AXIS2_PLACEMENT_3D('',#3391,#2693,#2694);
#2442=AXIS2_PLACEMENT_3D('',#3395,#2696,#2697);
#2443=AXIS2_PLACEMENT_3D('',#3399,#2699,#2700);
#2444=AXIS2_PLACEMENT_3D('',#3403,#2702,#2703);
#2445=AXIS2_PLACEMENT_3D('',#3407,#2705,#2706);
#2446=AXIS2_PLACEMENT_3D('',#3411,#2708,#2709);
#2447=AXIS2_PLACEMENT_3D('',#3415,#2711,#2712);
#2448=AXIS2_PLACEMENT_3D('',#3419,#2714,#2715);
#2449=AXIS2_PLACEMENT_3D('',#3420,#2716,#2717);
#2450=AXIS2_PLACEMENT_3D('',#3422,#2718,#2719);
#2451=AXIS2_PLACEMENT_3D('',#3447,#2731,#2732);
#2452=AXIS2_PLACEMENT_3D('',#3451,#2734,#2735);
#2453=AXIS2_PLACEMENT_3D('',#3487,#2753,#2754);
#2454=AXIS2_PLACEMENT_3D('',#3491,#2756,#2757);
#2455=AXIS2_PLACEMENT_3D('',#3504,#2764,#2765);
#2456=AXIS2_PLACEMENT_3D('',#3529,#2778,#2779);
#2457=AXIS2_PLACEMENT_3D('',#3535,#2783,#2784);
#2458=AXIS2_PLACEMENT_3D('',#3541,#2788,#2789);
#2459=AXIS2_PLACEMENT_3D('',#3547,#2793,#2794);
#2460=AXIS2_PLACEMENT_3D('',#3553,#2798,#2799);
#2461=AXIS2_PLACEMENT_3D('',#3554,#2800,#2801);
#2462=AXIS2_PLACEMENT_3D('',#3556,#2802,#2803);
#2463=AXIS2_PLACEMENT_3D('',#3557,#2804,#2805);
#2464=AXIS2_PLACEMENT_3D('',#3559,#2806,#2807);
#2465=AXIS2_PLACEMENT_3D('',#3560,#2808,#2809);
#2466=AXIS2_PLACEMENT_3D('',#3562,#2810,#2811);
#2467=AXIS2_PLACEMENT_3D('',#3563,#2812,#2813);
#2468=AXIS2_PLACEMENT_3D('',#3565,#2814,#2815);
#2469=AXIS2_PLACEMENT_3D('',#3566,#2816,#2817);
#2470=AXIS2_PLACEMENT_3D('',#3568,#2818,#2819);
#2471=AXIS2_PLACEMENT_3D('',#3570,#2820,#2821);
#2472=AXIS2_PLACEMENT_3D('',#3572,#2822,#2823);
#2473=AXIS2_PLACEMENT_3D('',#3574,#2824,#2825);
#2474=AXIS2_PLACEMENT_3D('',#3576,#2826,#2827);
#2475=AXIS2_PLACEMENT_3D('',#3578,#2828,#2829);
#2476=AXIS2_PLACEMENT_3D('',#3580,#2830,#2831);
#2477=AXIS2_PLACEMENT_3D('',#3597,#2841,#2842);
#2478=AXIS2_PLACEMENT_3D('',#3603,#2846,#2847);
#2479=AXIS2_PLACEMENT_3D('',#3604,#2848,#2849);
#2480=AXIS2_PLACEMENT_3D('',#3606,#2850,#2851);
#2481=AXIS2_PLACEMENT_3D('',#3608,#2852,#2853);
#2482=AXIS2_PLACEMENT_3D('',#3610,#2854,#2855);
#2483=AXIS2_PLACEMENT_3D('',#3612,#2856,#2857);
#2484=AXIS2_PLACEMENT_3D('',#3614,#2858,#2859);
#2485=AXIS2_PLACEMENT_3D('',#3616,#2860,#2861);
#2486=AXIS2_PLACEMENT_3D('',#3618,#2862,#2863);
#2487=AXIS2_PLACEMENT_3D('',#3635,#2873,#2874);
#2488=AXIS2_PLACEMENT_3D('',#3641,#2878,#2879);
#2489=AXIS2_PLACEMENT_3D('',#3654,#2888,#2889);
#2490=AXIS2_PLACEMENT_3D('',#3655,#2890,#2891);
#2491=AXIS2_PLACEMENT_3D('',#3656,#2892,#2893);
#2492=AXIS2_PLACEMENT_3D('',#3657,#2894,#2895);
#2493=AXIS2_PLACEMENT_3D('',#3658,#2896,#2897);
#2494=AXIS2_PLACEMENT_3D('',#3664,#2901,#2902);
#2495=AXIS2_PLACEMENT_3D('',#3670,#2906,#2907);
#2496=AXIS2_PLACEMENT_3D('',#3673,#2909,#2910);
#2497=AXIS2_PLACEMENT_3D('',#3674,#2911,#2912);
#2498=AXIS2_PLACEMENT_3D('',#3678,#2915,#2916);
#2499=AXIS2_PLACEMENT_3D('',#3684,#2920,#2921);
#2500=AXIS2_PLACEMENT_3D('',#3690,#2925,#2926);
#2501=AXIS2_PLACEMENT_3D('',#3693,#2928,#2929);
#2502=AXIS2_PLACEMENT_3D('',#3694,#2930,#2931);
#2503=AXIS2_PLACEMENT_3D('',#3698,#2934,#2935);
#2504=AXIS2_PLACEMENT_3D('',#3704,#2939,#2940);
#2505=AXIS2_PLACEMENT_3D('',#3710,#2944,#2945);
#2506=AXIS2_PLACEMENT_3D('',#3713,#2947,#2948);
#2507=AXIS2_PLACEMENT_3D('',#3714,#2949,#2950);
#2508=AXIS2_PLACEMENT_3D('',#3718,#2953,#2954);
#2509=AXIS2_PLACEMENT_3D('',#3724,#2958,#2959);
#2510=AXIS2_PLACEMENT_3D('',#3730,#2963,#2964);
#2511=AXIS2_PLACEMENT_3D('',#3733,#2966,#2967);
#2512=AXIS2_PLACEMENT_3D('',#3734,#2968,#2969);
#2513=AXIS2_PLACEMENT_3D('',#3738,#2972,#2973);
#2514=AXIS2_PLACEMENT_3D('',#3739,#2974,#2975);
#2515=AXIS2_PLACEMENT_3D('',#3741,#2976,#2977);
#2516=AXIS2_PLACEMENT_3D('',#3743,#2978,#2979);
#2517=AXIS2_PLACEMENT_3D('',#3745,#2980,#2981);
#2518=AXIS2_PLACEMENT_3D('',#3747,#2982,#2983);
#2519=AXIS2_PLACEMENT_3D('',#3748,#2984,#2985);
#2520=AXIS2_PLACEMENT_3D('',#3749,#2986,#2987);
#2521=AXIS2_PLACEMENT_3D('',#3750,#2988,#2989);
#2522=AXIS2_PLACEMENT_3D('',#3751,#2990,#2991);
#2523=AXIS2_PLACEMENT_3D('',#3752,#2992,#2993);
#2524=AXIS2_PLACEMENT_3D('',#3753,#2994,#2995);
#2525=AXIS2_PLACEMENT_3D('',#3754,#2996,#2997);
#2526=AXIS2_PLACEMENT_3D('',#3755,#2998,#2999);
#2527=AXIS2_PLACEMENT_3D('',#3757,#3001,#3002);
#2528=AXIS2_PLACEMENT_3D('',#3758,#3003,#3004);
#2529=AXIS2_PLACEMENT_3D('',#3760,#3006,#3007);
#2530=AXIS2_PLACEMENT_3D('',#3761,#3008,#3009);
#2531=AXIS2_PLACEMENT_3D('',#3763,#3011,#3012);
#2532=AXIS2_PLACEMENT_3D('',#3764,#3013,#3014);
#2533=AXIS2_PLACEMENT_3D('',#3766,#3016,#3017);
#2534=AXIS2_PLACEMENT_3D('',#3767,#3018,#3019);
#2535=AXIS2_PLACEMENT_3D('',#3768,#3020,#3021);
#2536=AXIS2_PLACEMENT_3D('',#3769,#3022,#3023);
#2537=AXIS2_PLACEMENT_3D('',#3770,#3024,#3025);
#2538=AXIS2_PLACEMENT_3D('',#3771,#3026,#3027);
#2539=AXIS2_PLACEMENT_3D('',#3777,#3031,#3032);
#2540=AXIS2_PLACEMENT_3D('',#3779,#3034,#3035);
#2541=AXIS2_PLACEMENT_3D('',#3780,#3036,#3037);
#2542=AXIS2_PLACEMENT_3D('',#3781,#3038,#3039);
#2543=AXIS2_PLACEMENT_3D('',#3782,#3040,#3041);
#2544=AXIS2_PLACEMENT_3D('',#3783,#3042,#3043);
#2545=AXIS2_PLACEMENT_3D('',#3784,#3044,#3045);
#2546=AXIS2_PLACEMENT_3D('',#3785,#3046,#3047);
#2547=AXIS2_PLACEMENT_3D('',#3787,#3049,#3050);
#2548=AXIS2_PLACEMENT_3D('',#3788,#3051,#3052);
#2549=AXIS2_PLACEMENT_3D('',#3789,#3053,#3054);
#2550=AXIS2_PLACEMENT_3D('',#3790,#3055,#3056);
#2551=AXIS2_PLACEMENT_3D('',#3796,#3060,#3061);
#2552=AXIS2_PLACEMENT_3D('',#3798,#3063,#3064);
#2553=AXIS2_PLACEMENT_3D('',#3799,#3065,#3066);
#2554=AXIS2_PLACEMENT_3D('',#3800,#3067,#3068);
#2555=AXIS2_PLACEMENT_3D('',#3801,#3069,#3070);
#2556=AXIS2_PLACEMENT_3D('',#3802,#3071,#3072);
#2557=AXIS2_PLACEMENT_3D('',#3803,#3073,#3074);
#2558=AXIS2_PLACEMENT_3D('',#3804,#3075,#3076);
#2559=AXIS2_PLACEMENT_3D('',#3806,#3078,#3079);
#2560=AXIS2_PLACEMENT_3D('',#3807,#3080,#3081);
#2561=AXIS2_PLACEMENT_3D('',#3808,#3082,#3083);
#2562=AXIS2_PLACEMENT_3D('',#3809,#3084,#3085);
#2563=AXIS2_PLACEMENT_3D('',#3813,#3088,#3089);
#2564=AXIS2_PLACEMENT_3D('',#3817,#3092,#3093);
#2565=AXIS2_PLACEMENT_3D('',#3819,#3095,#3096);
#2566=AXIS2_PLACEMENT_3D('',#3820,#3097,#3098);
#2567=AXIS2_PLACEMENT_3D('',#3821,#3099,#3100);
#2568=AXIS2_PLACEMENT_3D('',#3822,#3101,#3102);
#2569=AXIS2_PLACEMENT_3D('',#3823,#3103,#3104);
#2570=AXIS2_PLACEMENT_3D('',#3824,#3105,#3106);
#2571=AXIS2_PLACEMENT_3D('',#3825,#3107,#3108);
#2572=AXIS2_PLACEMENT_3D('',#3826,#3109,#3110);
#2573=AXIS2_PLACEMENT_3D('',#3827,#3111,#3112);
#2574=AXIS2_PLACEMENT_3D('',#3828,#3113,#3114);
#2575=AXIS2_PLACEMENT_3D('',#3832,#3117,#3118);
#2576=AXIS2_PLACEMENT_3D('',#3836,#3121,#3122);
#2577=AXIS2_PLACEMENT_3D('',#3838,#3124,#3125);
#2578=AXIS2_PLACEMENT_3D('',#3839,#3126,#3127);
#2579=AXIS2_PLACEMENT_3D('',#3840,#3128,#3129);
#2580=AXIS2_PLACEMENT_3D('',#3841,#3130,#3131);
#2581=AXIS2_PLACEMENT_3D('',#3842,#3132,#3133);
#2582=AXIS2_PLACEMENT_3D('',#3843,#3134,#3135);
#2583=AXIS2_PLACEMENT_3D('',#3844,#3136,#3137);
#2584=AXIS2_PLACEMENT_3D('',#3845,#3138,#3139);
#2585=AXIS2_PLACEMENT_3D('',#3846,#3140,#3141);
#2586=AXIS2_PLACEMENT_3D('',#3847,#3142,#3143);
#2587=AXIS2_PLACEMENT_3D('',#3848,#3144,#3145);
#2588=AXIS2_PLACEMENT_3D('',#3849,#3146,#3147);
#2589=AXIS2_PLACEMENT_3D('',#3850,#3148,#3149);
#2590=AXIS2_PLACEMENT_3D('',#3851,#3150,#3151);
#2591=AXIS2_PLACEMENT_3D('',#3852,#3152,#3153);
#2592=AXIS2_PLACEMENT_3D('',#3853,#3154,#3155);
#2593=AXIS2_PLACEMENT_3D('',#3854,#3156,#3157);
#2594=AXIS2_PLACEMENT_3D('',#3855,#3158,#3159);
#2595=AXIS2_PLACEMENT_3D('',#3856,#3160,#3161);
#2596=AXIS2_PLACEMENT_3D('',#3858,#3162,#3163);
#2597=AXIS2_PLACEMENT_3D('',#3859,#3164,#3165);
#2598=AXIS2_PLACEMENT_3D('',#3860,#3166,#3167);
#2599=AXIS2_PLACEMENT_3D('',#3862,#3168,#3169);
#2600=AXIS2_PLACEMENT_3D('',#3863,#3170,#3171);
#2601=AXIS2_PLACEMENT_3D('',#3864,#3172,#3173);
#2602=AXIS2_PLACEMENT_3D('',#3866,#3174,#3175);
#2603=AXIS2_PLACEMENT_3D('',#3867,#3176,#3177);
#2604=AXIS2_PLACEMENT_3D('',#3868,#3178,#3179);
#2605=AXIS2_PLACEMENT_3D('',#3870,#3180,#3181);
#2606=AXIS2_PLACEMENT_3D('',#3871,#3182,#3183);
#2607=AXIS2_PLACEMENT_3D('',#3872,#3184,#3185);
#2608=AXIS2_PLACEMENT_3D('',#3873,#3186,#3187);
#2609=AXIS2_PLACEMENT_3D('',#3878,#3189,#3190);
#2610=AXIS2_PLACEMENT_3D('',#3882,#3192,#3193);
#2611=AXIS2_PLACEMENT_3D('',#3886,#3195,#3196);
#2612=AXIS2_PLACEMENT_3D('',#3890,#3198,#3199);
#2613=AXIS2_PLACEMENT_3D('',#3894,#3201,#3202);
#2614=AXIS2_PLACEMENT_3D('',#3898,#3204,#3205);
#2615=AXIS2_PLACEMENT_3D('',#3902,#3207,#3208);
#2616=AXIS2_PLACEMENT_3D('',#3906,#3210,#3211);
#2617=AXIS2_PLACEMENT_3D('',#3907,#3212,#3213);
#2618=AXIS2_PLACEMENT_3D('',#3908,#3214,#3215);
#2619=AXIS2_PLACEMENT_3D('',#3913,#3217,#3218);
#2620=AXIS2_PLACEMENT_3D('',#3916,#3220,#3221);
#2621=AXIS2_PLACEMENT_3D('',#3920,#3223,#3224);
#2622=AXIS2_PLACEMENT_3D('',#3924,#3226,#3227);
#2623=AXIS2_PLACEMENT_3D('',#3925,#3228,#3229);
#2624=AXIS2_PLACEMENT_3D('',#3926,#3230,#3231);
#2625=AXIS2_PLACEMENT_3D('',#3938,#3238,#3239);
#2626=AXIS2_PLACEMENT_3D('',#3939,#3240,#3241);
#2627=AXIS2_PLACEMENT_3D('',#3941,#3242,#3243);
#2628=AXIS2_PLACEMENT_3D('',#3952,#3250,#3251);
#2629=AXIS2_PLACEMENT_3D('',#3953,#3252,#3253);
#2630=AXIS2_PLACEMENT_3D('',#3956,#3255,#3256);
#2631=AXIS2_PLACEMENT_3D('',#3961,#3259,#3260);
#2632=AXIS2_PLACEMENT_3D('',#3966,#3263,#3264);
#2633=AXIS2_PLACEMENT_3D('',#3971,#3267,#3268);
#2634=AXIS2_PLACEMENT_3D('',#3974,#3270,#3271);
#2635=AXIS2_PLACEMENT_3D('',#3976,#3272,#3273);
#2636=AXIS2_PLACEMENT_3D('',#3978,#3274,#3275);
#2637=AXIS2_PLACEMENT_3D('',#3980,#3276,#3277);
#2638=AXIS2_PLACEMENT_3D('',#3982,#3278,#3279);
#2639=AXIS2_PLACEMENT_3D('',#3985,#3282,#3283);
#2640=AXIS2_PLACEMENT_3D('',#3986,#3284,#3285);
#2641=AXIS2_PLACEMENT_3D('',#3987,#3286,#3287);
#2642=AXIS2_PLACEMENT_3D('',#3989,#3289,#3290);
#2643=AXIS2_PLACEMENT_3D('',#3991,#3292,#3293);
#2644=AXIS2_PLACEMENT_3D('',#3992,#3294,#3295);
#2645=AXIS2_PLACEMENT_3D('',#3996,#3298,#3299);
#2646=AXIS2_PLACEMENT_3D('',#3997,#3300,#3301);
#2647=AXIS2_PLACEMENT_3D('',#4000,#3303,#3304);
#2648=AXIS2_PLACEMENT_3D('',#4002,#3306,#3307);
#2649=AXIS2_PLACEMENT_3D('',#4003,#3308,#3309);
#2650=AXIS2_PLACEMENT_3D('',#4005,#3310,#3311);
#2651=AXIS2_PLACEMENT_3D('',#4006,#3312,#3313);
#2652=AXIS2_PLACEMENT_3D('',#4010,#3316,#3317);
#2653=AXIS2_PLACEMENT_3D('',#4011,#3318,#3319);
#2654=AXIS2_PLACEMENT_3D('',#4014,#3321,#3322);
#2655=AXIS2_PLACEMENT_3D('',#4016,#3324,#3325);
#2656=AXIS2_PLACEMENT_3D('',#4017,#3326,#3327);
#2657=AXIS2_PLACEMENT_3D('',#4019,#3328,#3329);
#2658=AXIS2_PLACEMENT_3D('',#4020,#3330,#3331);
#2659=AXIS2_PLACEMENT_3D('',#4024,#3334,#3335);
#2660=AXIS2_PLACEMENT_3D('',#4025,#3336,#3337);
#2661=AXIS2_PLACEMENT_3D('',#4028,#3339,#3340);
#2662=AXIS2_PLACEMENT_3D('',#4030,#3342,#3343);
#2663=AXIS2_PLACEMENT_3D('',#4031,#3344,#3345);
#2664=AXIS2_PLACEMENT_3D('',#4033,#3346,#3347);
#2665=AXIS2_PLACEMENT_3D('',#4034,#3348,#3349);
#2666=AXIS2_PLACEMENT_3D('',#4038,#3352,#3353);
#2667=AXIS2_PLACEMENT_3D('',#4039,#3354,#3355);
#2668=AXIS2_PLACEMENT_3D('',#4042,#3357,#3358);
#2669=AXIS2_PLACEMENT_3D('',#4044,#3360,#3361);
#2670=AXIS2_PLACEMENT_3D('',#4045,#3362,#3363);
#2671=AXIS2_PLACEMENT_3D('',#4047,#3364,#3365);
#2672=DIRECTION('',(0.,0.,1.));
#2673=DIRECTION('',(1.,0.,0.));
#2674=DIRECTION('',(0.,0.,1.));
#2675=DIRECTION('',(1.,0.,0.));
#2676=DIRECTION('',(0.,0.,-1.));
#2677=DIRECTION('',(1.,0.,0.));
#2678=DIRECTION('',(0.,0.,1.));
#2679=DIRECTION('',(1.,0.,0.));
#2680=DIRECTION('',(0.707106781186547,0.707106781186548,0.));
#2681=DIRECTION('',(0.,0.,1.));
#2682=DIRECTION('',(1.,0.,0.));
#2683=DIRECTION('',(0.707106781186548,-0.707106781186548,0.));
#2684=DIRECTION('',(0.,0.,1.));
#2685=DIRECTION('',(1.,0.,0.));
#2686=DIRECTION('',(0.707106781186547,0.707106781186548,0.));
#2687=DIRECTION('',(0.,0.,1.));
#2688=DIRECTION('',(1.,0.,0.));
#2689=DIRECTION('',(0.707106781186548,-0.707106781186547,0.));
#2690=DIRECTION('',(0.,0.,1.));
#2691=DIRECTION('',(1.,0.,0.));
#2692=DIRECTION('',(-0.707106781186546,-0.707106781186549,0.));
#2693=DIRECTION('',(0.,0.,1.));
#2694=DIRECTION('',(1.,0.,0.));
#2695=DIRECTION('',(0.707106781186548,-0.707106781186547,0.));
#2696=DIRECTION('',(0.,0.,1.));
#2697=DIRECTION('',(1.,0.,0.));
#2698=DIRECTION('',(-0.707106781186547,-0.707106781186548,0.));
#2699=DIRECTION('',(0.,0.,1.));
#2700=DIRECTION('',(1.,0.,0.));
#2701=DIRECTION('',(-0.707106781186549,0.707106781186546,0.));
#2702=DIRECTION('',(0.,0.,1.));
#2703=DIRECTION('',(1.,0.,0.));
#2704=DIRECTION('',(-0.707106781186547,-0.707106781186548,0.));
#2705=DIRECTION('',(0.,0.,1.));
#2706=DIRECTION('',(1.,0.,0.));
#2707=DIRECTION('',(-0.707106781186548,0.707106781186547,0.));
#2708=DIRECTION('',(0.,0.,1.));
#2709=DIRECTION('',(1.,0.,0.));
#2710=DIRECTION('',(0.707106781186548,0.707106781186548,0.));
#2711=DIRECTION('',(0.,0.,1.));
#2712=DIRECTION('',(1.,0.,0.));
#2713=DIRECTION('',(-0.707106781186548,0.707106781186547,0.));
#2714=DIRECTION('',(0.,0.,1.));
#2715=DIRECTION('',(1.,0.,0.));
#2716=DIRECTION('',(0.,0.,1.));
#2717=DIRECTION('',(1.,0.,0.));
#2718=DIRECTION('',(0.,0.,-1.));
#2719=DIRECTION('',(1.,0.,0.));
#2720=DIRECTION('',(-1.,-1.98254111540206E-16,0.));
#2721=DIRECTION('',(-1.98254111540206E-16,1.,0.));
#2722=DIRECTION('',(-1.,-1.98254111540206E-16,0.));
#2723=DIRECTION('',(-1.98254111540206E-16,1.,0.));
#2724=DIRECTION('',(-1.,-1.98254111540206E-16,0.));
#2725=DIRECTION('',(-1.,-1.98254111540206E-16,0.));
#2726=DIRECTION('',(-1.,-1.98254111540206E-16,0.));
#2727=DIRECTION('',(-1.,-1.98254111540206E-16,0.));
#2728=DIRECTION('',(-1.,-1.98254111540206E-16,0.));
#2729=DIRECTION('',(-1.98254111540206E-16,1.,0.));
#2730=DIRECTION('',(-1.,-1.98254111540206E-16,0.));
#2731=DIRECTION('',(0.,0.,1.));
#2732=DIRECTION('',(1.,0.,0.));
#2733=DIRECTION('',(0.,1.,0.));
#2734=DIRECTION('',(0.,0.,1.));
#2735=DIRECTION('',(1.,0.,0.));
#2736=DIRECTION('',(-1.,-1.98254111540206E-16,0.));
#2737=DIRECTION('',(1.98254111540206E-16,-1.,0.));
#2738=DIRECTION('',(1.,1.98254111540206E-16,0.));
#2739=DIRECTION('',(1.,1.98254111540206E-16,0.));
#2740=DIRECTION('',(1.,1.98254111540206E-16,0.));
#2741=DIRECTION('',(1.,1.98254111540206E-16,0.));
#2742=DIRECTION('',(1.,1.98254111540206E-16,0.));
#2743=DIRECTION('',(1.98254111540206E-16,-1.,0.));
#2744=DIRECTION('',(-1.,-1.98254111540206E-16,0.));
#2745=DIRECTION('',(1.98254111540206E-16,-1.,0.));
#2746=DIRECTION('',(1.,1.98254111540206E-16,0.));
#2747=DIRECTION('',(1.,1.98254111540206E-16,0.));
#2748=DIRECTION('',(1.,1.98254111540206E-16,0.));
#2749=DIRECTION('',(1.,1.98254111540206E-16,0.));
#2750=DIRECTION('',(1.,1.98254111540206E-16,0.));
#2751=DIRECTION('',(1.98254111540206E-16,-1.,0.));
#2752=DIRECTION('',(-1.,-1.98254111540206E-16,0.));
#2753=DIRECTION('',(0.,0.,1.));
#2754=DIRECTION('',(1.,0.,0.));
#2755=DIRECTION('',(0.,1.,0.));
#2756=DIRECTION('',(0.,0.,1.));
#2757=DIRECTION('',(1.,0.,0.));
#2758=DIRECTION('',(-1.,-1.98254111540206E-16,0.));
#2759=DIRECTION('',(-1.98254111540206E-16,1.,0.));
#2760=DIRECTION('',(-1.,-1.98254111540206E-16,0.));
#2761=DIRECTION('',(-1.,-1.98254111540206E-16,0.));
#2762=DIRECTION('',(-1.,-1.98254111540206E-16,0.));
#2763=DIRECTION('',(-1.,-1.98254111540206E-16,0.));
#2764=DIRECTION('',(0.,0.,1.));
#2765=DIRECTION('',(1.,0.,0.));
#2766=DIRECTION('',(0.,-1.,0.));
#2767=DIRECTION('',(1.,0.,0.));
#2768=DIRECTION('',(0.,-1.,0.));
#2769=DIRECTION('',(-1.,0.,0.));
#2770=DIRECTION('',(0.,-1.,0.));
#2771=DIRECTION('',(-1.,0.,0.));
#2772=DIRECTION('',(0.,-1.,0.));
#2773=DIRECTION('',(-1.,0.,0.));
#2774=DIRECTION('',(0.,1.,0.));
#2775=DIRECTION('',(-1.,0.,0.));
#2776=DIRECTION('',(0.,1.,0.));
#2777=DIRECTION('',(1.,0.,0.));
#2778=DIRECTION('',(-1.,0.,0.));
#2779=DIRECTION('',(0.,0.,1.));
#2780=DIRECTION('',(0.,0.,-1.));
#2781=DIRECTION('',(0.,-1.,0.));
#2782=DIRECTION('',(0.,0.,-1.));
#2783=DIRECTION('',(0.,1.,0.));
#2784=DIRECTION('',(0.,0.,1.));
#2785=DIRECTION('',(0.,0.,-1.));
#2786=DIRECTION('',(-1.,0.,0.));
#2787=DIRECTION('',(0.,0.,-1.));
#2788=DIRECTION('',(-1.,0.,0.));
#2789=DIRECTION('',(0.,0.,1.));
#2790=DIRECTION('',(0.,-1.,0.));
#2791=DIRECTION('',(0.,0.,-1.));
#2792=DIRECTION('',(0.,0.,-1.));
#2793=DIRECTION('',(0.,1.,0.));
#2794=DIRECTION('',(0.,0.,1.));
#2795=DIRECTION('',(0.,0.,-1.));
#2796=DIRECTION('',(-1.,0.,0.));
#2797=DIRECTION('',(0.,0.,-1.));
#2798=DIRECTION('',(0.,0.,1.));
#2799=DIRECTION('',(1.,0.,0.));
#2800=DIRECTION('',(0.,0.,-1.));
#2801=DIRECTION('',(-1.,0.,0.));
#2802=DIRECTION('',(0.,0.,1.));
#2803=DIRECTION('',(1.,0.,0.));
#2804=DIRECTION('',(0.,0.,-1.));
#2805=DIRECTION('',(-1.,0.,0.));
#2806=DIRECTION('',(0.,0.,1.));
#2807=DIRECTION('',(1.,0.,0.));
#2808=DIRECTION('',(0.,0.,-1.));
#2809=DIRECTION('',(-1.,0.,0.));
#2810=DIRECTION('',(0.,0.,1.));
#2811=DIRECTION('',(1.,0.,0.));
#2812=DIRECTION('',(0.,0.,-1.));
#2813=DIRECTION('',(-1.,0.,0.));
#2814=DIRECTION('',(1.98254111540206E-16,-1.,0.));
#2815=DIRECTION('',(1.,1.98254111540206E-16,0.));
#2816=DIRECTION('',(1.98254111540206E-16,-1.,0.));
#2817=DIRECTION('',(1.,1.98254111540206E-16,0.));
#2818=DIRECTION('',(1.98254111540206E-16,-1.,0.));
#2819=DIRECTION('',(1.,1.98254111540206E-16,0.));
#2820=DIRECTION('',(1.98254111540206E-16,-1.,0.));
#2821=DIRECTION('',(1.,1.98254111540206E-16,0.));
#2822=DIRECTION('',(1.98254111540206E-16,-1.,0.));
#2823=DIRECTION('',(1.,1.98254111540206E-16,0.));
#2824=DIRECTION('',(-1.98254111540206E-16,1.,0.));
#2825=DIRECTION('',(1.,1.98254111540206E-16,0.));
#2826=DIRECTION('',(-1.98254111540206E-16,1.,0.));
#2827=DIRECTION('',(1.,1.98254111540206E-16,0.));
#2828=DIRECTION('',(-1.98254111540206E-16,1.,0.));
#2829=DIRECTION('',(1.,1.98254111540206E-16,0.));
#2830=DIRECTION('',(-1.98254111540206E-16,1.,0.));
#2831=DIRECTION('',(1.,1.98254111540206E-16,0.));
#2832=DIRECTION('',(0.,0.,-1.));
#2833=DIRECTION('',(1.,1.98254111540206E-16,0.));
#2834=DIRECTION('',(0.,0.,-1.));
#2835=DIRECTION('',(0.,0.,-1.));
#2836=DIRECTION('',(-1.,-1.98254111540206E-16,1.15648231731787E-16));
#2837=DIRECTION('',(0.,0.,-1.));
#2838=DIRECTION('',(0.,0.,-1.));
#2839=DIRECTION('',(-1.,-1.98254111540206E-16,0.));
#2840=DIRECTION('',(0.,0.,-1.));
#2841=DIRECTION('',(-1.,0.,0.));
#2842=DIRECTION('',(0.,0.,1.));
#2843=DIRECTION('',(0.,1.,0.));
#2844=DIRECTION('',(0.,0.,-1.));
#2845=DIRECTION('',(0.,0.,-1.));
#2846=DIRECTION('',(1.98254111540206E-16,-1.,0.));
#2847=DIRECTION('',(1.,1.98254111540206E-16,0.));
#2848=DIRECTION('',(-1.98254111540206E-16,1.,0.));
#2849=DIRECTION('',(-1.,-1.98254111540206E-16,0.));
#2850=DIRECTION('',(-1.98254111540206E-16,1.,0.));
#2851=DIRECTION('',(-1.,-1.98254111540206E-16,0.));
#2852=DIRECTION('',(-1.98254111540206E-16,1.,0.));
#2853=DIRECTION('',(-1.,-1.98254111540206E-16,0.));
#2854=DIRECTION('',(-1.98254111540206E-16,1.,0.));
#2855=DIRECTION('',(-1.,-1.98254111540206E-16,0.));
#2856=DIRECTION('',(1.98254111540206E-16,-1.,0.));
#2857=DIRECTION('',(-1.,-1.98254111540206E-16,0.));
#2858=DIRECTION('',(1.98254111540206E-16,-1.,0.));
#2859=DIRECTION('',(-1.,-1.98254111540206E-16,0.));
#2860=DIRECTION('',(1.98254111540206E-16,-1.,0.));
#2861=DIRECTION('',(-1.,-1.98254111540206E-16,0.));
#2862=DIRECTION('',(1.98254111540206E-16,-1.,0.));
#2863=DIRECTION('',(-1.,-1.98254111540206E-16,0.));
#2864=DIRECTION('',(0.,0.,-1.));
#2865=DIRECTION('',(-1.,-1.98254111540206E-16,1.15648231731787E-16));
#2866=DIRECTION('',(0.,0.,-1.));
#2867=DIRECTION('',(0.,0.,-1.));
#2868=DIRECTION('',(1.,1.98254111540206E-16,1.15648231731787E-16));
#2869=DIRECTION('',(0.,0.,-1.));
#2870=DIRECTION('',(0.,0.,-1.));
#2871=DIRECTION('',(-1.,-1.98254111540206E-16,0.));
#2872=DIRECTION('',(0.,0.,-1.));
#2873=DIRECTION('',(-1.,0.,0.));
#2874=DIRECTION('',(0.,0.,1.));
#2875=DIRECTION('',(0.,1.,0.));
#2876=DIRECTION('',(0.,0.,-1.));
#2877=DIRECTION('',(0.,0.,-1.));
#2878=DIRECTION('',(0.,0.,1.));
#2879=DIRECTION('',(1.,0.,0.));
#2880=DIRECTION('',(-1.,0.,0.));
#2881=DIRECTION('',(0.,-1.,0.));
#2882=DIRECTION('',(0.,-1.,0.));
#2883=DIRECTION('',(1.,0.,0.));
#2884=DIRECTION('',(1.,0.,0.));
#2885=DIRECTION('',(0.,1.,0.));
#2886=DIRECTION('',(0.,1.,0.));
#2887=DIRECTION('',(-1.,0.,0.));
#2888=DIRECTION('',(0.,0.,1.));
#2889=DIRECTION('',(1.,0.,0.));
#2890=DIRECTION('',(0.,0.,1.));
#2891=DIRECTION('',(1.,0.,0.));
#2892=DIRECTION('',(0.,0.,1.));
#2893=DIRECTION('',(1.,0.,0.));
#2894=DIRECTION('',(0.,0.,1.));
#2895=DIRECTION('',(1.,0.,0.));
#2896=DIRECTION('',(0.707106781186548,0.707106781186548,0.));
#2897=DIRECTION('',(-0.707106781186548,0.707106781186548,0.));
#2898=DIRECTION('',(0.,0.,1.));
#2899=DIRECTION('',(-0.707106781186548,0.707106781186548,0.));
#2900=DIRECTION('',(0.,0.,1.));
#2901=DIRECTION('',(-0.707106781186548,0.707106781186547,0.));
#2902=DIRECTION('',(-0.707106781186547,-0.707106781186548,0.));
#2903=DIRECTION('',(-0.707106781186547,-0.707106781186548,0.));
#2904=DIRECTION('',(0.,0.,1.));
#2905=DIRECTION('',(0.,0.,1.));
#2906=DIRECTION('',(0.,0.,1.));
#2907=DIRECTION('',(1.,0.,0.));
#2908=DIRECTION('',(0.,0.,1.));
#2909=DIRECTION('',(0.,0.,1.));
#2910=DIRECTION('',(1.,0.,0.));
#2911=DIRECTION('',(-0.707106781186547,-0.707106781186548,0.));
#2912=DIRECTION('',(0.707106781186548,-0.707106781186547,0.));
#2913=DIRECTION('',(0.,0.,1.));
#2914=DIRECTION('',(0.707106781186548,-0.707106781186547,0.));
#2915=DIRECTION('',(-0.707106781186548,0.707106781186548,0.));
#2916=DIRECTION('',(-0.707106781186548,-0.707106781186548,0.));
#2917=DIRECTION('',(-0.707106781186548,-0.707106781186548,0.));
#2918=DIRECTION('',(0.,0.,1.));
#2919=DIRECTION('',(0.,0.,1.));
#2920=DIRECTION('',(-0.707106781186547,-0.707106781186548,0.));
#2921=DIRECTION('',(0.707106781186548,-0.707106781186547,0.));
#2922=DIRECTION('',(0.707106781186548,-0.707106781186547,0.));
#2923=DIRECTION('',(0.,0.,1.));
#2924=DIRECTION('',(0.,0.,1.));
#2925=DIRECTION('',(0.,0.,1.));
#2926=DIRECTION('',(1.,0.,0.));
#2927=DIRECTION('',(0.,0.,1.));
#2928=DIRECTION('',(0.,0.,1.));
#2929=DIRECTION('',(1.,0.,0.));
#2930=DIRECTION('',(0.707106781186548,-0.707106781186547,0.));
#2931=DIRECTION('',(0.707106781186547,0.707106781186548,0.));
#2932=DIRECTION('',(0.,0.,1.));
#2933=DIRECTION('',(0.707106781186547,0.707106781186548,0.));
#2934=DIRECTION('',(-0.707106781186546,-0.707106781186549,0.));
#2935=DIRECTION('',(0.707106781186549,-0.707106781186546,0.));
#2936=DIRECTION('',(0.707106781186549,-0.707106781186546,0.));
#2937=DIRECTION('',(0.,0.,1.));
#2938=DIRECTION('',(0.,0.,1.));
#2939=DIRECTION('',(0.707106781186548,-0.707106781186547,0.));
#2940=DIRECTION('',(0.707106781186547,0.707106781186548,0.));
#2941=DIRECTION('',(0.707106781186547,0.707106781186548,0.));
#2942=DIRECTION('',(0.,0.,1.));
#2943=DIRECTION('',(0.,0.,1.));
#2944=DIRECTION('',(0.,0.,1.));
#2945=DIRECTION('',(1.,0.,0.));
#2946=DIRECTION('',(0.,0.,1.));
#2947=DIRECTION('',(0.,0.,1.));
#2948=DIRECTION('',(1.,0.,0.));
#2949=DIRECTION('',(0.707106781186547,0.707106781186548,0.));
#2950=DIRECTION('',(-0.707106781186548,0.707106781186547,0.));
#2951=DIRECTION('',(0.,0.,1.));
#2952=DIRECTION('',(-0.707106781186548,0.707106781186547,0.));
#2953=DIRECTION('',(0.707106781186549,-0.707106781186546,0.));
#2954=DIRECTION('',(0.707106781186546,0.707106781186549,0.));
#2955=DIRECTION('',(0.,0.,1.));
#2956=DIRECTION('',(0.707106781186546,0.707106781186549,0.));
#2957=DIRECTION('',(0.,0.,1.));
#2958=DIRECTION('',(0.707106781186547,0.707106781186548,0.));
#2959=DIRECTION('',(-0.707106781186548,0.707106781186547,0.));
#2960=DIRECTION('',(-0.707106781186548,0.707106781186547,0.));
#2961=DIRECTION('',(0.,0.,1.));
#2962=DIRECTION('',(0.,0.,1.));
#2963=DIRECTION('',(0.,0.,1.));
#2964=DIRECTION('',(1.,0.,0.));
#2965=DIRECTION('',(0.,0.,1.));
#2966=DIRECTION('',(0.,0.,1.));
#2967=DIRECTION('',(1.,0.,0.));
#2968=DIRECTION('',(-0.707106781186548,0.707106781186547,0.));
#2969=DIRECTION('',(-0.707106781186547,-0.707106781186548,0.));
#2970=DIRECTION('',(0.,0.,1.));
#2971=DIRECTION('',(-0.707106781186547,-0.707106781186548,0.));
#2972=DIRECTION('',(0.,0.,1.));
#2973=DIRECTION('',(1.,0.,0.));
#2974=DIRECTION('',(0.,0.,1.));
#2975=DIRECTION('',(1.,0.,0.));
#2976=DIRECTION('',(0.,0.,1.));
#2977=DIRECTION('',(1.,0.,0.));
#2978=DIRECTION('',(0.,0.,1.));
#2979=DIRECTION('',(1.,0.,0.));
#2980=DIRECTION('',(0.,0.,1.));
#2981=DIRECTION('',(1.,0.,0.));
#2982=DIRECTION('',(0.,0.,1.));
#2983=DIRECTION('',(1.,0.,0.));
#2984=DIRECTION('',(0.,0.,1.));
#2985=DIRECTION('',(1.,0.,0.));
#2986=DIRECTION('',(0.,0.,1.));
#2987=DIRECTION('',(1.,0.,0.));
#2988=DIRECTION('',(0.,0.,1.));
#2989=DIRECTION('',(1.,0.,0.));
#2990=DIRECTION('',(0.,0.,1.));
#2991=DIRECTION('',(1.,0.,0.));
#2992=DIRECTION('',(0.,0.,1.));
#2993=DIRECTION('',(1.,0.,0.));
#2994=DIRECTION('',(0.,0.,1.));
#2995=DIRECTION('',(1.,0.,0.));
#2996=DIRECTION('',(0.,0.,1.));
#2997=DIRECTION('',(1.,0.,0.));
#2998=DIRECTION('',(0.,1.,0.));
#2999=DIRECTION('',(0.,0.,1.));
#3000=DIRECTION('',(0.,0.,-1.));
#3001=DIRECTION('',(1.,0.,0.));
#3002=DIRECTION('',(0.,0.,-1.));
#3003=DIRECTION('',(0.,-1.,0.));
#3004=DIRECTION('',(0.,0.,-1.));
#3005=DIRECTION('',(0.,0.,-1.));
#3006=DIRECTION('',(1.,0.,0.));
#3007=DIRECTION('',(0.,0.,-1.));
#3008=DIRECTION('',(0.,-1.,0.));
#3009=DIRECTION('',(0.,0.,-1.));
#3010=DIRECTION('',(0.,0.,-1.));
#3011=DIRECTION('',(-1.,0.,0.));
#3012=DIRECTION('',(0.,0.,1.));
#3013=DIRECTION('',(0.,1.,0.));
#3014=DIRECTION('',(0.,0.,1.));
#3015=DIRECTION('',(0.,0.,-1.));
#3016=DIRECTION('',(-1.,0.,0.));
#3017=DIRECTION('',(0.,0.,1.));
#3018=DIRECTION('',(0.,0.,-1.));
#3019=DIRECTION('',(-1.,0.,0.));
#3020=DIRECTION('',(0.,0.,1.));
#3021=DIRECTION('',(1.,0.,0.));
#3022=DIRECTION('',(0.,0.,-1.));
#3023=DIRECTION('',(-1.,0.,0.));
#3024=DIRECTION('',(0.,0.,1.));
#3025=DIRECTION('',(1.,0.,0.));
#3026=DIRECTION('',(0.,0.,-1.));
#3027=DIRECTION('',(-1.,0.,0.));
#3028=DIRECTION('',(1.98254111540206E-16,-1.,0.));
#3029=DIRECTION('',(1.,1.98254111540206E-16,0.));
#3030=DIRECTION('',(1.98254111540206E-16,-1.,0.));
#3031=DIRECTION('',(-1.,-1.98254111540206E-16,0.));
#3032=DIRECTION('',(1.98254111540206E-16,-1.,0.));
#3033=DIRECTION('',(0.,0.,-1.));
#3034=DIRECTION('',(1.98254111540206E-16,-1.,0.));
#3035=DIRECTION('',(1.,1.98254111540206E-16,0.));
#3036=DIRECTION('',(-1.98254111540206E-16,1.,0.));
#3037=DIRECTION('',(1.,1.98254111540206E-16,0.));
#3038=DIRECTION('',(1.98254111540206E-16,-1.,0.));
#3039=DIRECTION('',(1.,1.98254111540206E-16,0.));
#3040=DIRECTION('',(-1.98254111540206E-16,1.,0.));
#3041=DIRECTION('',(1.,1.98254111540206E-16,0.));
#3042=DIRECTION('',(1.98254111540206E-16,-1.,0.));
#3043=DIRECTION('',(1.,1.98254111540206E-16,0.));
#3044=DIRECTION('',(-1.98254111540206E-16,1.,0.));
#3045=DIRECTION('',(1.,1.98254111540206E-16,0.));
#3046=DIRECTION('',(-1.,-1.98254111540206E-16,0.));
#3047=DIRECTION('',(1.98254111540206E-16,-1.,0.));
#3048=DIRECTION('',(0.,0.,-1.));
#3049=DIRECTION('',(1.98254111540206E-16,-1.,0.));
#3050=DIRECTION('',(1.,1.98254111540206E-16,0.));
#3051=DIRECTION('',(-1.98254111540206E-16,1.,0.));
#3052=DIRECTION('',(1.,1.98254111540206E-16,0.));
#3053=DIRECTION('',(1.98254111540206E-16,-1.,0.));
#3054=DIRECTION('',(1.,1.98254111540206E-16,0.));
#3055=DIRECTION('',(1.15648231731787E-16,2.29277374331814E-32,1.));
#3056=DIRECTION('',(1.,0.,-1.15648231731787E-16));
#3057=DIRECTION('',(1.98254111540206E-16,-1.,0.));
#3058=DIRECTION('',(-1.,-1.98254111540206E-16,1.15648231731787E-16));
#3059=DIRECTION('',(1.98254111540206E-16,-1.,0.));
#3060=DIRECTION('',(-1.,-1.98254111540206E-16,0.));
#3061=DIRECTION('',(1.98254111540206E-16,-1.,0.));
#3062=DIRECTION('',(0.,0.,-1.));
#3063=DIRECTION('',(1.98254111540206E-16,-1.,0.));
#3064=DIRECTION('',(1.,1.98254111540206E-16,0.));
#3065=DIRECTION('',(1.98254111540206E-16,-1.,0.));
#3066=DIRECTION('',(1.,1.98254111540206E-16,0.));
#3067=DIRECTION('',(1.98254111540206E-16,-1.,0.));
#3068=DIRECTION('',(1.,1.98254111540206E-16,0.));
#3069=DIRECTION('',(1.98254111540206E-16,-1.,0.));
#3070=DIRECTION('',(1.,1.98254111540206E-16,0.));
#3071=DIRECTION('',(1.98254111540206E-16,-1.,0.));
#3072=DIRECTION('',(1.,1.98254111540206E-16,0.));
#3073=DIRECTION('',(1.98254111540206E-16,-1.,0.));
#3074=DIRECTION('',(1.,1.98254111540206E-16,0.));
#3075=DIRECTION('',(-1.,-1.98254111540206E-16,0.));
#3076=DIRECTION('',(1.98254111540206E-16,-1.,0.));
#3077=DIRECTION('',(0.,0.,-1.));
#3078=DIRECTION('',(1.98254111540206E-16,-1.,0.));
#3079=DIRECTION('',(1.,1.98254111540206E-16,0.));
#3080=DIRECTION('',(1.98254111540206E-16,-1.,0.));
#3081=DIRECTION('',(1.,1.98254111540206E-16,0.));
#3082=DIRECTION('',(1.98254111540206E-16,-1.,0.));
#3083=DIRECTION('',(1.,1.98254111540206E-16,0.));
#3084=DIRECTION('',(1.,1.98254111540206E-16,0.));
#3085=DIRECTION('',(-1.98254111540206E-16,1.,0.));
#3086=DIRECTION('',(0.,0.,-1.));
#3087=DIRECTION('',(-1.98254111540206E-16,1.,0.));
#3088=DIRECTION('',(-1.15648231731787E-16,-2.29277374331814E-32,-1.));
#3089=DIRECTION('',(-1.,0.,1.15648231731787E-16));
#3090=DIRECTION('',(-1.,-1.98254111540206E-16,1.15648231731787E-16));
#3091=DIRECTION('',(-1.98254111540206E-16,1.,0.));
#3092=DIRECTION('',(1.,1.98254111540206E-16,0.));
#3093=DIRECTION('',(-1.98254111540206E-16,1.,0.));
#3094=DIRECTION('',(0.,0.,-1.));
#3095=DIRECTION('',(-1.98254111540206E-16,1.,0.));
#3096=DIRECTION('',(-1.,-1.98254111540206E-16,0.));
#3097=DIRECTION('',(1.98254111540206E-16,-1.,0.));
#3098=DIRECTION('',(-1.,-1.98254111540206E-16,0.));
#3099=DIRECTION('',(-1.98254111540206E-16,1.,0.));
#3100=DIRECTION('',(-1.,-1.98254111540206E-16,0.));
#3101=DIRECTION('',(1.98254111540206E-16,-1.,0.));
#3102=DIRECTION('',(-1.,-1.98254111540206E-16,0.));
#3103=DIRECTION('',(-1.98254111540206E-16,1.,0.));
#3104=DIRECTION('',(-1.,-1.98254111540206E-16,0.));
#3105=DIRECTION('',(1.98254111540206E-16,-1.,0.));
#3106=DIRECTION('',(-1.,-1.98254111540206E-16,0.));
#3107=DIRECTION('',(-1.98254111540206E-16,1.,0.));
#3108=DIRECTION('',(-1.,-1.98254111540206E-16,0.));
#3109=DIRECTION('',(1.98254111540206E-16,-1.,0.));
#3110=DIRECTION('',(-1.,-1.98254111540206E-16,0.));
#3111=DIRECTION('',(-1.98254111540206E-16,1.,0.));
#3112=DIRECTION('',(-1.,-1.98254111540206E-16,0.));
#3113=DIRECTION('',(1.,1.98254111540206E-16,0.));
#3114=DIRECTION('',(-1.98254111540206E-16,1.,0.));
#3115=DIRECTION('',(0.,0.,-1.));
#3116=DIRECTION('',(-1.98254111540206E-16,1.,0.));
#3117=DIRECTION('',(-1.15648231731787E-16,-2.29277374331814E-32,1.));
#3118=DIRECTION('',(1.,0.,1.15648231731787E-16));
#3119=DIRECTION('',(1.,1.98254111540206E-16,1.15648231731787E-16));
#3120=DIRECTION('',(-1.98254111540206E-16,1.,0.));
#3121=DIRECTION('',(1.,1.98254111540206E-16,0.));
#3122=DIRECTION('',(-1.98254111540206E-16,1.,0.));
#3123=DIRECTION('',(0.,0.,-1.));
#3124=DIRECTION('',(-1.98254111540206E-16,1.,0.));
#3125=DIRECTION('',(-1.,-1.98254111540206E-16,0.));
#3126=DIRECTION('',(-1.98254111540206E-16,1.,0.));
#3127=DIRECTION('',(-1.,-1.98254111540206E-16,0.));
#3128=DIRECTION('',(-1.98254111540206E-16,1.,0.));
#3129=DIRECTION('',(-1.,-1.98254111540206E-16,0.));
#3130=DIRECTION('',(-1.98254111540206E-16,1.,0.));
#3131=DIRECTION('',(-1.,-1.98254111540206E-16,0.));
#3132=DIRECTION('',(-1.98254111540206E-16,1.,0.));
#3133=DIRECTION('',(-1.,-1.98254111540206E-16,0.));
#3134=DIRECTION('',(-1.98254111540206E-16,1.,0.));
#3135=DIRECTION('',(-1.,-1.98254111540206E-16,0.));
#3136=DIRECTION('',(-1.98254111540206E-16,1.,0.));
#3137=DIRECTION('',(-1.,-1.98254111540206E-16,0.));
#3138=DIRECTION('',(-1.98254111540206E-16,1.,0.));
#3139=DIRECTION('',(-1.,-1.98254111540206E-16,0.));
#3140=DIRECTION('',(-1.98254111540206E-16,1.,0.));
#3141=DIRECTION('',(-1.,-1.98254111540206E-16,0.));
#3142=DIRECTION('',(0.,0.,-1.));
#3143=DIRECTION('',(-1.,0.,0.));
#3144=DIRECTION('',(0.,0.,1.));
#3145=DIRECTION('',(1.,0.,0.));
#3146=DIRECTION('',(0.,0.,1.));
#3147=DIRECTION('',(1.,0.,0.));
#3148=DIRECTION('',(0.,0.,-1.));
#3149=DIRECTION('',(-1.,0.,0.));
#3150=DIRECTION('',(0.,0.,1.));
#3151=DIRECTION('',(1.,0.,0.));
#3152=DIRECTION('',(0.,0.,-1.));
#3153=DIRECTION('',(-1.,0.,0.));
#3154=DIRECTION('',(0.,0.,-1.));
#3155=DIRECTION('',(-1.,0.,0.));
#3156=DIRECTION('',(0.,0.,1.));
#3157=DIRECTION('',(1.,0.,0.));
#3158=DIRECTION('',(0.,0.,1.));
#3159=DIRECTION('',(1.,0.,0.));
#3160=DIRECTION('',(0.,0.,1.));
#3161=DIRECTION('',(1.,0.,0.));
#3162=DIRECTION('',(0.,0.,1.));
#3163=DIRECTION('',(1.,0.,0.));
#3164=DIRECTION('',(0.,0.,1.));
#3165=DIRECTION('',(1.,0.,0.));
#3166=DIRECTION('',(0.,0.,1.));
#3167=DIRECTION('',(1.,0.,0.));
#3168=DIRECTION('',(0.,0.,1.));
#3169=DIRECTION('',(1.,0.,0.));
#3170=DIRECTION('',(0.,0.,1.));
#3171=DIRECTION('',(1.,0.,0.));
#3172=DIRECTION('',(0.,0.,1.));
#3173=DIRECTION('',(1.,0.,0.));
#3174=DIRECTION('',(0.,0.,1.));
#3175=DIRECTION('',(1.,0.,0.));
#3176=DIRECTION('',(0.,0.,1.));
#3177=DIRECTION('',(1.,0.,0.));
#3178=DIRECTION('',(0.,0.,1.));
#3179=DIRECTION('',(1.,0.,0.));
#3180=DIRECTION('',(0.,0.,1.));
#3181=DIRECTION('',(1.,0.,0.));
#3182=DIRECTION('',(0.,0.,1.));
#3183=DIRECTION('',(1.,0.,0.));
#3184=DIRECTION('',(0.,0.,-1.));
#3185=DIRECTION('',(-0.707106781186548,-0.707106781186548,0.));
#3186=DIRECTION('',(0.,0.,1.));
#3187=DIRECTION('',(0.707106781186548,0.707106781186548,0.));
#3188=DIRECTION('',(0.,0.,-1.));
#3189=DIRECTION('',(0.,0.,1.));
#3190=DIRECTION('',(0.707106781186548,0.707106781186548,0.));
#3191=DIRECTION('',(0.,0.,-1.));
#3192=DIRECTION('',(0.,0.,1.));
#3193=DIRECTION('',(0.707106781186548,0.707106781186548,0.));
#3194=DIRECTION('',(0.,0.,-1.));
#3195=DIRECTION('',(0.,0.,1.));
#3196=DIRECTION('',(-0.707106781186548,0.707106781186548,0.));
#3197=DIRECTION('',(0.,0.,-1.));
#3198=DIRECTION('',(0.,0.,1.));
#3199=DIRECTION('',(0.707106781186548,0.707106781186548,0.));
#3200=DIRECTION('',(0.,0.,-1.));
#3201=DIRECTION('',(0.,0.,1.));
#3202=DIRECTION('',(-0.707106781186548,-0.707106781186547,0.));
#3203=DIRECTION('',(0.,0.,-1.));
#3204=DIRECTION('',(0.,0.,1.));
#3205=DIRECTION('',(0.707106781186548,0.707106781186548,0.));
#3206=DIRECTION('',(0.,0.,-1.));
#3207=DIRECTION('',(0.,0.,1.));
#3208=DIRECTION('',(0.707106781186547,-0.707106781186548,0.));
#3209=DIRECTION('',(0.,0.,-1.));
#3210=DIRECTION('',(0.,0.,1.));
#3211=DIRECTION('',(0.707106781186548,0.707106781186548,0.));
#3212=DIRECTION('',(0.,0.,-1.));
#3213=DIRECTION('',(-0.707106781186548,-0.707106781186548,0.));
#3214=DIRECTION('',(0.,0.,-1.));
#3215=DIRECTION('',(-0.707106781186548,-0.707106781186548,0.));
#3216=DIRECTION('',(0.,0.,-1.));
#3217=DIRECTION('',(0.,0.,-1.));
#3218=DIRECTION('',(-0.707106781186548,-0.707106781186548,0.));
#3219=DIRECTION('',(0.,0.,-1.));
#3220=DIRECTION('',(0.,0.,-1.));
#3221=DIRECTION('',(-0.707106781186548,-0.707106781186548,0.));
#3222=DIRECTION('',(0.,0.,-1.));
#3223=DIRECTION('',(0.,0.,-1.));
#3224=DIRECTION('',(-0.707106781186548,-0.707106781186548,0.));
#3225=DIRECTION('',(0.,0.,-1.));
#3226=DIRECTION('',(0.,0.,-1.));
#3227=DIRECTION('',(-0.707106781186548,-0.707106781186548,0.));
#3228=DIRECTION('',(0.,0.,1.));
#3229=DIRECTION('',(0.707106781186548,0.707106781186548,0.));
#3230=DIRECTION('',(0.,0.,1.));
#3231=DIRECTION('',(0.707106781186548,0.707106781186548,0.));
#3232=DIRECTION('',(-0.707106781186547,0.707106781186548,0.));
#3233=DIRECTION('',(-0.707106781186548,-0.707106781186548,0.));
#3234=DIRECTION('',(-0.707106781186548,0.707106781186548,0.));
#3235=DIRECTION('',(-0.707106781186548,0.707106781186548,0.));
#3236=DIRECTION('',(-0.707106781186548,-0.707106781186548,0.));
#3237=DIRECTION('',(-0.707106781186548,0.707106781186548,0.));
#3238=DIRECTION('',(0.,0.,-1.));
#3239=DIRECTION('',(-0.707106781186548,-0.707106781186548,0.));
#3240=DIRECTION('',(0.,0.,1.));
#3241=DIRECTION('',(0.707106781186548,0.707106781186548,0.));
#3242=DIRECTION('',(0.,0.,1.));
#3243=DIRECTION('',(0.707106781186548,0.707106781186548,0.));
#3244=DIRECTION('',(-0.707106781186548,0.707106781186548,0.));
#3245=DIRECTION('',(-0.707106781186548,-0.707106781186548,0.));
#3246=DIRECTION('',(-0.707106781186548,0.707106781186548,0.));
#3247=DIRECTION('',(-0.707106781186548,0.707106781186548,0.));
#3248=DIRECTION('',(-0.707106781186548,-0.707106781186548,0.));
#3249=DIRECTION('',(-0.707106781186547,0.707106781186548,0.));
#3250=DIRECTION('',(0.,0.,1.));
#3251=DIRECTION('',(0.707106781186548,0.707106781186548,0.));
#3252=DIRECTION('',(0.,0.,1.));
#3253=DIRECTION('',(0.707106781186548,0.707106781186548,0.));
#3254=DIRECTION('',(-0.707106781186548,-0.707106781186548,0.));
#3255=DIRECTION('',(0.,0.,-1.));
#3256=DIRECTION('',(0.707106781186548,-0.707106781186548,0.));
#3257=DIRECTION('',(-0.707106781186548,-0.707106781186548,0.));
#3258=DIRECTION('',(-0.707106781186548,0.707106781186548,0.));
#3259=DIRECTION('',(0.,0.,-1.));
#3260=DIRECTION('',(-0.707106781186548,-0.707106781186548,0.));
#3261=DIRECTION('',(-0.707106781186548,0.707106781186548,0.));
#3262=DIRECTION('',(0.707106781186548,0.707106781186547,0.));
#3263=DIRECTION('',(0.,0.,-1.));
#3264=DIRECTION('',(-0.707106781186547,0.707106781186548,0.));
#3265=DIRECTION('',(0.707106781186548,0.707106781186547,0.));
#3266=DIRECTION('',(0.707106781186547,-0.707106781186548,0.));
#3267=DIRECTION('',(0.,0.,-1.));
#3268=DIRECTION('',(0.707106781186548,0.707106781186547,0.));
#3269=DIRECTION('',(0.707106781186547,-0.707106781186548,0.));
#3270=DIRECTION('',(0.,0.,-1.));
#3271=DIRECTION('',(-0.707106781186547,0.707106781186548,0.));
#3272=DIRECTION('',(0.,0.,-1.));
#3273=DIRECTION('',(0.707106781186548,0.707106781186547,0.));
#3274=DIRECTION('',(0.,0.,-1.));
#3275=DIRECTION('',(0.707106781186548,-0.707106781186548,0.));
#3276=DIRECTION('',(0.,0.,-1.));
#3277=DIRECTION('',(-0.707106781186548,-0.707106781186548,0.));
#3278=DIRECTION('',(0.707106781186548,-0.707106781186548,0.));
#3279=DIRECTION('',(0.,0.,-1.));
#3280=DIRECTION('',(0.,0.,-1.));
#3281=DIRECTION('',(0.,0.,-1.));
#3282=DIRECTION('',(-0.707106781186548,-0.707106781186548,0.));
#3283=DIRECTION('',(0.,0.,1.));
#3284=DIRECTION('',(-0.707106781186548,-0.707106781186548,0.));
#3285=DIRECTION('',(0.,0.,1.));
#3286=DIRECTION('',(-0.707106781186548,-0.707106781186548,0.));
#3287=DIRECTION('',(0.,0.,1.));
#3288=DIRECTION('',(0.,0.,-1.));
#3289=DIRECTION('',(0.707106781186548,-0.707106781186548,0.));
#3290=DIRECTION('',(0.,0.,-1.));
#3291=DIRECTION('',(0.,0.,-1.));
#3292=DIRECTION('',(-0.707106781186548,-0.707106781186547,0.));
#3293=DIRECTION('',(0.707106781186547,-0.707106781186548,0.));
#3294=DIRECTION('',(-0.707106781186547,0.707106781186548,0.));
#3295=DIRECTION('',(0.,0.,1.));
#3296=DIRECTION('',(0.707106781186548,0.707106781186547,0.));
#3297=DIRECTION('',(0.,0.,-1.));
#3298=DIRECTION('',(0.,0.,-1.));
#3299=DIRECTION('',(-0.707106781186547,0.707106781186548,0.));
#3300=DIRECTION('',(0.,0.,-1.));
#3301=DIRECTION('',(-0.707106781186547,0.707106781186548,0.));
#3302=DIRECTION('',(0.,0.,-1.));
#3303=DIRECTION('',(-0.707106781186547,0.707106781186548,0.));
#3304=DIRECTION('',(0.,0.,1.));
#3305=DIRECTION('',(0.707106781186548,0.707106781186547,0.));
#3306=DIRECTION('',(0.,0.,-1.));
#3307=DIRECTION('',(-0.707106781186547,0.707106781186548,0.));
#3308=DIRECTION('',(0.,0.,-1.));
#3309=DIRECTION('',(-0.707106781186547,0.707106781186548,0.));
#3310=DIRECTION('',(0.,0.,-1.));
#3311=DIRECTION('',(0.707106781186547,-0.707106781186548,0.));
#3312=DIRECTION('',(0.707106781186548,0.707106781186547,0.));
#3313=DIRECTION('',(0.,0.,1.));
#3314=DIRECTION('',(0.707106781186547,-0.707106781186548,0.));
#3315=DIRECTION('',(0.,0.,-1.));
#3316=DIRECTION('',(0.,0.,-1.));
#3317=DIRECTION('',(0.707106781186548,0.707106781186547,0.));
#3318=DIRECTION('',(0.,0.,-1.));
#3319=DIRECTION('',(0.707106781186548,0.707106781186547,0.));
#3320=DIRECTION('',(0.,0.,-1.));
#3321=DIRECTION('',(0.707106781186548,0.707106781186547,0.));
#3322=DIRECTION('',(0.,0.,1.));
#3323=DIRECTION('',(0.707106781186547,-0.707106781186548,0.));
#3324=DIRECTION('',(0.,0.,-1.));
#3325=DIRECTION('',(0.707106781186548,0.707106781186547,0.));
#3326=DIRECTION('',(0.,0.,-1.));
#3327=DIRECTION('',(0.707106781186548,0.707106781186547,0.));
#3328=DIRECTION('',(0.,0.,-1.));
#3329=DIRECTION('',(-0.707106781186548,-0.707106781186547,0.));
#3330=DIRECTION('',(0.707106781186548,-0.707106781186548,0.));
#3331=DIRECTION('',(0.,0.,1.));
#3332=DIRECTION('',(-0.707106781186548,-0.707106781186548,0.));
#3333=DIRECTION('',(0.,0.,-1.));
#3334=DIRECTION('',(0.,0.,-1.));
#3335=DIRECTION('',(0.707106781186548,-0.707106781186548,0.));
#3336=DIRECTION('',(0.,0.,-1.));
#3337=DIRECTION('',(0.707106781186548,-0.707106781186548,0.));
#3338=DIRECTION('',(0.,0.,-1.));
#3339=DIRECTION('',(0.707106781186548,-0.707106781186548,0.));
#3340=DIRECTION('',(0.,0.,1.));
#3341=DIRECTION('',(-0.707106781186548,-0.707106781186548,0.));
#3342=DIRECTION('',(0.,0.,-1.));
#3343=DIRECTION('',(0.707106781186548,-0.707106781186548,0.));
#3344=DIRECTION('',(0.,0.,-1.));
#3345=DIRECTION('',(0.707106781186548,-0.707106781186548,0.));
#3346=DIRECTION('',(0.,0.,-1.));
#3347=DIRECTION('',(-0.707106781186548,0.707106781186548,0.));
#3348=DIRECTION('',(-0.707106781186548,-0.707106781186548,0.));
#3349=DIRECTION('',(0.,0.,1.));
#3350=DIRECTION('',(-0.707106781186548,0.707106781186548,0.));
#3351=DIRECTION('',(0.,0.,-1.));
#3352=DIRECTION('',(0.,0.,-1.));
#3353=DIRECTION('',(-0.707106781186548,-0.707106781186548,0.));
#3354=DIRECTION('',(0.,0.,-1.));
#3355=DIRECTION('',(-0.707106781186548,-0.707106781186548,0.));
#3356=DIRECTION('',(0.,0.,-1.));
#3357=DIRECTION('',(-0.707106781186548,-0.707106781186548,0.));
#3358=DIRECTION('',(0.,0.,1.));
#3359=DIRECTION('',(-0.707106781186548,0.707106781186548,0.));
#3360=DIRECTION('',(0.,0.,-1.));
#3361=DIRECTION('',(-0.707106781186548,-0.707106781186548,0.));
#3362=DIRECTION('',(0.,0.,-1.));
#3363=DIRECTION('',(-0.707106781186548,-0.707106781186548,0.));
#3364=DIRECTION('',(0.,0.,-1.));
#3365=DIRECTION('',(0.707106781186548,0.707106781186548,0.));
#3366=CARTESIAN_POINT('',(0.,0.,0.));
#3367=CARTESIAN_POINT('',(0.,0.,0.004));
#3368=CARTESIAN_POINT('',(0.066,-0.066,0.004));
#3369=CARTESIAN_POINT('',(0.0675,-0.066,0.004));
#3370=CARTESIAN_POINT('',(-0.066,-0.066,0.004));
#3371=CARTESIAN_POINT('',(-0.0645,-0.066,0.004));
#3372=CARTESIAN_POINT('',(0.0503555847554773,0.0540693960681236,0.004));
#3373=CARTESIAN_POINT('',(0.0440675094339479,0.0477813207465942,0.004));
#3374=CARTESIAN_POINT('',(0.0557951319395827,0.0595089432522291,0.004));
#3375=CARTESIAN_POINT('',(0.0566436600770066,0.0586604151148052,0.004));
#3376=CARTESIAN_POINT('',(0.0574921882144305,0.0595089432522291,0.004));
#3377=CARTESIAN_POINT('',(0.0585062402774526,0.0584948911892069,0.004));
#3378=CARTESIAN_POINT('',(0.0595202923404748,0.0574808391261848,0.004));
#3379=CARTESIAN_POINT('',(0.0586717642030509,0.0566323109887609,0.004));
#3380=CARTESIAN_POINT('',(0.0595202923404748,0.0557837828513371,0.004));
#3381=CARTESIAN_POINT('',(0.0540805150098018,0.0503440055206641,0.004));
#3382=CARTESIAN_POINT('',(0.0477922095417049,0.0440557000525673,0.004));
#3383=CARTESIAN_POINT('',(-3.46944695195361E-18,6.93889390390723E-18,0.004));
#3384=CARTESIAN_POINT('',(0.0477813207465942,-0.0440675094339479,0.004));
#3385=CARTESIAN_POINT('',(0.0540693960681236,-0.0503555847554772,0.004));
#3386=CARTESIAN_POINT('',(0.0595089432522291,-0.0557951319395827,0.004));
#3387=CARTESIAN_POINT('',(0.0586604151148052,-0.0566436600770066,0.004));
#3388=CARTESIAN_POINT('',(0.0595089432522291,-0.0574921882144305,0.004));
#3389=CARTESIAN_POINT('',(0.0584948911892069,-0.0585062402774526,0.004));
#3390=CARTESIAN_POINT('',(0.0574808391261848,-0.0595202923404747,0.004));
#3391=CARTESIAN_POINT('',(0.0566323109887609,-0.0586717642030509,0.004));
#3392=CARTESIAN_POINT('',(0.0557837828513371,-0.0595202923404747,0.004));
#3393=CARTESIAN_POINT('',(0.0503440055206641,-0.0540805150098017,0.004));
#3394=CARTESIAN_POINT('',(0.0440557000525673,-0.0477922095417049,0.004));
#3395=CARTESIAN_POINT('',(3.46944695195361E-18,0.,0.004));
#3396=CARTESIAN_POINT('',(-0.0440675094339479,-0.0477813207465942,0.004));
#3397=CARTESIAN_POINT('',(-0.0503555847554772,-0.0540693960681236,0.004));
#3398=CARTESIAN_POINT('',(-0.0557951319395827,-0.0595089432522291,0.004));
#3399=CARTESIAN_POINT('',(-0.0566436600770066,-0.0586604151148052,0.004));
#3400=CARTESIAN_POINT('',(-0.0574921882144304,-0.0595089432522291,0.004));
#3401=CARTESIAN_POINT('',(-0.0585062402774526,-0.0584948911892069,0.004));
#3402=CARTESIAN_POINT('',(-0.0595202923404747,-0.0574808391261848,0.004));
#3403=CARTESIAN_POINT('',(-0.0586717642030509,-0.0566323109887609,0.004));
#3404=CARTESIAN_POINT('',(-0.0595202923404747,-0.0557837828513371,0.004));
#3405=CARTESIAN_POINT('',(-0.0540805150098017,-0.0503440055206641,0.004));
#3406=CARTESIAN_POINT('',(-0.0477922095417049,-0.0440557000525673,0.004));
#3407=CARTESIAN_POINT('',(-1.04083408558608E-17,0.,0.004));
#3408=CARTESIAN_POINT('',(-0.0477813207465942,0.0440675094339479,0.004));
#3409=CARTESIAN_POINT('',(-0.0540693960681236,0.0503555847554773,0.004));
#3410=CARTESIAN_POINT('',(-0.0595089432522291,0.0557951319395827,0.004));
#3411=CARTESIAN_POINT('',(-0.0586604151148052,0.0566436600770066,0.004));
#3412=CARTESIAN_POINT('',(-0.0595089432522291,0.0574921882144305,0.004));
#3413=CARTESIAN_POINT('',(-0.0584948911892069,0.0585062402774526,0.004));
#3414=CARTESIAN_POINT('',(-0.0574808391261848,0.0595202923404747,0.004));
#3415=CARTESIAN_POINT('',(-0.0566323109887609,0.0586717642030509,0.004));
#3416=CARTESIAN_POINT('',(-0.0557837828513371,0.0595202923404747,0.004));
#3417=CARTESIAN_POINT('',(-0.0503440055206641,0.0540805150098018,0.004));
#3418=CARTESIAN_POINT('',(-0.0440557000525672,0.0477922095417049,0.004));
#3419=CARTESIAN_POINT('',(-6.93889390390723E-18,-3.46944695195361E-18,0.004));
#3420=CARTESIAN_POINT('',(0.066,0.066,0.004));
#3421=CARTESIAN_POINT('',(0.0675,0.066,0.004));
#3422=CARTESIAN_POINT('',(-0.066,0.066,0.004));
#3423=CARTESIAN_POINT('',(-0.0645,0.066,0.004));
#3424=CARTESIAN_POINT('',(-1.3481279584734E-17,0.068,0.004));
#3425=CARTESIAN_POINT('',(0.017,0.068,0.004));
#3426=CARTESIAN_POINT('',(0.016,0.068,0.004));
#3427=CARTESIAN_POINT('',(0.016,3.1720657846433E-18,0.004));
#3428=CARTESIAN_POINT('',(0.016,0.07,0.004));
#3429=CARTESIAN_POINT('',(0.,0.07,0.004));
#3430=CARTESIAN_POINT('',(-0.016,0.07,0.004));
#3431=CARTESIAN_POINT('',(-0.016,-3.1720657846433E-18,0.004));
#3432=CARTESIAN_POINT('',(-0.016,0.068,0.004));
#3433=CARTESIAN_POINT('',(-1.3481279584734E-17,0.068,0.004));
#3434=CARTESIAN_POINT('',(-0.017,0.068,0.004));
#3435=CARTESIAN_POINT('',(-1.3481279584734E-17,0.068,0.004));
#3436=CARTESIAN_POINT('',(-0.037,0.068,0.004));
#3437=CARTESIAN_POINT('',(-1.3481279584734E-17,0.068,0.004));
#3438=CARTESIAN_POINT('',(-0.04,0.068,0.004));
#3439=CARTESIAN_POINT('',(-1.3481279584734E-17,0.068,0.004));
#3440=CARTESIAN_POINT('',(-0.06,0.068,0.004));
#3441=CARTESIAN_POINT('',(-1.3481279584734E-17,0.068,0.004));
#3442=CARTESIAN_POINT('',(-0.061,0.068,0.004));
#3443=CARTESIAN_POINT('',(-0.061,-1.20935008039526E-17,0.004));
#3444=CARTESIAN_POINT('',(-0.061,0.07,0.004));
#3445=CARTESIAN_POINT('',(0.,0.07,0.004));
#3446=CARTESIAN_POINT('',(-0.068,0.07,0.004));
#3447=CARTESIAN_POINT('',(-0.068,0.068,0.004));
#3448=CARTESIAN_POINT('',(-0.07,0.068,0.004));
#3449=CARTESIAN_POINT('',(-0.07,-1.38777878078145E-17,0.004));
#3450=CARTESIAN_POINT('',(-0.07,-0.068,0.004));
#3451=CARTESIAN_POINT('',(-0.068,-0.068,0.004));
#3452=CARTESIAN_POINT('',(-0.068,-0.07,0.004));
#3453=CARTESIAN_POINT('',(0.,-0.07,0.004));
#3454=CARTESIAN_POINT('',(-0.061,-0.07,0.004));
#3455=CARTESIAN_POINT('',(-0.061,-1.20935008039526E-17,0.004));
#3456=CARTESIAN_POINT('',(-0.061,-0.068,0.004));
#3457=CARTESIAN_POINT('',(1.3481279584734E-17,-0.068,0.004));
#3458=CARTESIAN_POINT('',(-0.06,-0.068,0.004));
#3459=CARTESIAN_POINT('',(1.3481279584734E-17,-0.068,0.004));
#3460=CARTESIAN_POINT('',(-0.04,-0.068,0.004));
#3461=CARTESIAN_POINT('',(1.3481279584734E-17,-0.068,0.004));
#3462=CARTESIAN_POINT('',(-0.037,-0.068,0.004));
#3463=CARTESIAN_POINT('',(1.3481279584734E-17,-0.068,0.004));
#3464=CARTESIAN_POINT('',(-0.017,-0.068,0.004));
#3465=CARTESIAN_POINT('',(1.3481279584734E-17,-0.068,0.004));
#3466=CARTESIAN_POINT('',(-0.016,-0.068,0.004));
#3467=CARTESIAN_POINT('',(-0.016,-3.17206578464331E-18,0.004));
#3468=CARTESIAN_POINT('',(-0.016,-0.07,0.004));
#3469=CARTESIAN_POINT('',(0.,-0.07,0.004));
#3470=CARTESIAN_POINT('',(0.016,-0.07,0.004));
#3471=CARTESIAN_POINT('',(0.016,3.17206578464331E-18,0.004));
#3472=CARTESIAN_POINT('',(0.016,-0.068,0.004));
#3473=CARTESIAN_POINT('',(1.3481279584734E-17,-0.068,0.004));
#3474=CARTESIAN_POINT('',(0.017,-0.068,0.004));
#3475=CARTESIAN_POINT('',(1.3481279584734E-17,-0.068,0.004));
#3476=CARTESIAN_POINT('',(0.037,-0.068,0.004));
#3477=CARTESIAN_POINT('',(1.3481279584734E-17,-0.068,0.004));
#3478=CARTESIAN_POINT('',(0.04,-0.068,0.004));
#3479=CARTESIAN_POINT('',(1.3481279584734E-17,-0.068,0.004));
#3480=CARTESIAN_POINT('',(0.06,-0.068,0.004));
#3481=CARTESIAN_POINT('',(1.3481279584734E-17,-0.068,0.004));
#3482=CARTESIAN_POINT('',(0.061,-0.068,0.004));
#3483=CARTESIAN_POINT('',(0.061,1.20935008039526E-17,0.004));
#3484=CARTESIAN_POINT('',(0.061,-0.07,0.004));
#3485=CARTESIAN_POINT('',(0.,-0.07,0.004));
#3486=CARTESIAN_POINT('',(0.068,-0.07,0.004));
#3487=CARTESIAN_POINT('',(0.068,-0.068,0.004));
#3488=CARTESIAN_POINT('',(0.07,-0.068,0.004));
#3489=CARTESIAN_POINT('',(0.07,1.38777878078145E-17,0.004));
#3490=CARTESIAN_POINT('',(0.07,0.068,0.004));
#3491=CARTESIAN_POINT('',(0.068,0.068,0.004));
#3492=CARTESIAN_POINT('',(0.068,0.07,0.004));
#3493=CARTESIAN_POINT('',(0.,0.07,0.004));
#3494=CARTESIAN_POINT('',(0.061,0.07,0.004));
#3495=CARTESIAN_POINT('',(0.061,1.20935008039526E-17,0.004));
#3496=CARTESIAN_POINT('',(0.061,0.068,0.004));
#3497=CARTESIAN_POINT('',(-1.3481279584734E-17,0.068,0.004));
#3498=CARTESIAN_POINT('',(0.06,0.068,0.004));
#3499=CARTESIAN_POINT('',(-1.3481279584734E-17,0.068,0.004));
#3500=CARTESIAN_POINT('',(0.04,0.068,0.004));
#3501=CARTESIAN_POINT('',(-1.3481279584734E-17,0.068,0.004));
#3502=CARTESIAN_POINT('',(0.037,0.068,0.004));
#3503=CARTESIAN_POINT('',(-1.3481279584734E-17,0.068,0.004));
#3504=CARTESIAN_POINT('',(0.,0.,-0.002));
#3505=CARTESIAN_POINT('',(-0.069,0.,-0.002));
#3506=CARTESIAN_POINT('',(-0.069,0.063,-0.002));
#3507=CARTESIAN_POINT('',(-0.069,-0.063,-0.002));
#3508=CARTESIAN_POINT('',(-0.066,0.063,-0.002));
#3509=CARTESIAN_POINT('',(-0.063,0.063,-0.002));
#3510=CARTESIAN_POINT('',(-0.063,0.066,-0.002));
#3511=CARTESIAN_POINT('',(-0.063,0.069,-0.002));
#3512=CARTESIAN_POINT('',(0.,0.069,-0.002));
#3513=CARTESIAN_POINT('',(0.063,0.069,-0.002));
#3514=CARTESIAN_POINT('',(0.063,0.066,-0.002));
#3515=CARTESIAN_POINT('',(0.063,0.063,-0.002));
#3516=CARTESIAN_POINT('',(0.066,0.063,-0.002));
#3517=CARTESIAN_POINT('',(0.069,0.063,-0.002));
#3518=CARTESIAN_POINT('',(0.069,0.,-0.002));
#3519=CARTESIAN_POINT('',(0.069,-0.063,-0.002));
#3520=CARTESIAN_POINT('',(0.066,-0.063,-0.002));
#3521=CARTESIAN_POINT('',(0.063,-0.063,-0.002));
#3522=CARTESIAN_POINT('',(0.063,-0.066,-0.002));
#3523=CARTESIAN_POINT('',(0.063,-0.069,-0.002));
#3524=CARTESIAN_POINT('',(0.,-0.069,-0.002));
#3525=CARTESIAN_POINT('',(-0.063,-0.069,-0.002));
#3526=CARTESIAN_POINT('',(-0.063,-0.066,-0.002));
#3527=CARTESIAN_POINT('',(-0.063,-0.063,-0.002));
#3528=CARTESIAN_POINT('',(-0.066,-0.063,-0.002));
#3529=CARTESIAN_POINT('',(0.069,0.,-0.002));
#3530=CARTESIAN_POINT('',(0.069,0.063,0.));
#3531=CARTESIAN_POINT('',(0.069,0.063,0.));
#3532=CARTESIAN_POINT('',(0.069,0.,0.));
#3533=CARTESIAN_POINT('',(0.069,-0.063,0.));
#3534=CARTESIAN_POINT('',(0.069,-0.063,0.));
#3535=CARTESIAN_POINT('',(0.,0.069,-0.002));
#3536=CARTESIAN_POINT('',(-0.063,0.069,0.));
#3537=CARTESIAN_POINT('',(-0.063,0.069,0.));
#3538=CARTESIAN_POINT('',(0.,0.069,0.));
#3539=CARTESIAN_POINT('',(0.063,0.069,0.));
#3540=CARTESIAN_POINT('',(0.063,0.069,0.));
#3541=CARTESIAN_POINT('',(-0.069,0.,-0.002));
#3542=CARTESIAN_POINT('',(-0.069,0.,0.));
#3543=CARTESIAN_POINT('',(-0.069,0.063,0.));
#3544=CARTESIAN_POINT('',(-0.069,-0.063,0.));
#3545=CARTESIAN_POINT('',(-0.069,0.063,0.));
#3546=CARTESIAN_POINT('',(-0.069,-0.063,0.));
#3547=CARTESIAN_POINT('',(0.,-0.069,-0.002));
#3548=CARTESIAN_POINT('',(0.063,-0.069,0.));
#3549=CARTESIAN_POINT('',(0.063,-0.069,0.));
#3550=CARTESIAN_POINT('',(0.,-0.069,0.));
#3551=CARTESIAN_POINT('',(-0.063,-0.069,0.));
#3552=CARTESIAN_POINT('',(-0.063,-0.069,0.));
#3553=CARTESIAN_POINT('',(-0.066,-0.066,-0.021));
#3554=CARTESIAN_POINT('',(-0.066,-0.066,0.));
#3555=CARTESIAN_POINT('',(-0.0675,-0.066,0.));
#3556=CARTESIAN_POINT('',(0.066,-0.066,-0.021));
#3557=CARTESIAN_POINT('',(0.066,-0.066,0.));
#3558=CARTESIAN_POINT('',(0.0645,-0.066,0.));
#3559=CARTESIAN_POINT('',(0.066,0.066,-0.021));
#3560=CARTESIAN_POINT('',(0.066,0.066,0.));
#3561=CARTESIAN_POINT('',(0.0645,0.066,0.));
#3562=CARTESIAN_POINT('',(-0.066,0.066,-0.021));
#3563=CARTESIAN_POINT('',(-0.066,0.066,0.));
#3564=CARTESIAN_POINT('',(-0.0675,0.066,0.));
#3565=CARTESIAN_POINT('',(0.,-0.07,0.004));
#3566=CARTESIAN_POINT('',(-0.017,-0.07,0.0045));
#3567=CARTESIAN_POINT('',(-0.0165,-0.07,0.0045));
#3568=CARTESIAN_POINT('',(-0.037,-0.07,0.0045));
#3569=CARTESIAN_POINT('',(-0.0365,-0.07,0.0045));
#3570=CARTESIAN_POINT('',(-0.04,-0.07,0.0045));
#3571=CARTESIAN_POINT('',(-0.0395,-0.07,0.0045));
#3572=CARTESIAN_POINT('',(-0.06,-0.07,0.0045));
#3573=CARTESIAN_POINT('',(-0.0595,-0.07,0.0045));
#3574=CARTESIAN_POINT('',(0.06,-0.07,0.0045));
#3575=CARTESIAN_POINT('',(0.0605,-0.07,0.0045));
#3576=CARTESIAN_POINT('',(0.04,-0.07,0.0045));
#3577=CARTESIAN_POINT('',(0.0405,-0.07,0.0045));
#3578=CARTESIAN_POINT('',(0.037,-0.07,0.0045));
#3579=CARTESIAN_POINT('',(0.0375,-0.07,0.0045));
#3580=CARTESIAN_POINT('',(0.017,-0.07,0.0045));
#3581=CARTESIAN_POINT('',(0.0175,-0.07,0.0045));
#3582=CARTESIAN_POINT('',(0.061,-0.07,0.0045));
#3583=CARTESIAN_POINT('',(0.061,-0.07,0.0053));
#3584=CARTESIAN_POINT('',(0.0385,-0.07,0.00529999999999994));
#3585=CARTESIAN_POINT('',(0.016,-0.07,0.00529999999999994));
#3586=CARTESIAN_POINT('',(0.016,-0.07,0.0045));
#3587=CARTESIAN_POINT('',(-0.016,-0.07,0.0045));
#3588=CARTESIAN_POINT('',(-0.016,-0.07,0.0053));
#3589=CARTESIAN_POINT('',(-0.0385,-0.07,0.0053));
#3590=CARTESIAN_POINT('',(-0.061,-0.07,0.0053));
#3591=CARTESIAN_POINT('',(-0.061,-0.07,0.0045));
#3592=CARTESIAN_POINT('',(-0.068,-0.07,0.004));
#3593=CARTESIAN_POINT('',(-0.068,-0.07,0.));
#3594=CARTESIAN_POINT('',(0.,-0.07,0.));
#3595=CARTESIAN_POINT('',(0.068,-0.07,0.));
#3596=CARTESIAN_POINT('',(0.068,-0.07,0.004));
#3597=CARTESIAN_POINT('',(0.07,1.38777878078145E-17,0.004));
#3598=CARTESIAN_POINT('',(0.07,1.38777878078145E-17,0.));
#3599=CARTESIAN_POINT('',(0.07,-0.068,0.));
#3600=CARTESIAN_POINT('',(0.07,0.068,0.));
#3601=CARTESIAN_POINT('',(0.07,0.068,0.004));
#3602=CARTESIAN_POINT('',(0.07,-0.068,0.));
#3603=CARTESIAN_POINT('',(0.,0.07,0.004));
#3604=CARTESIAN_POINT('',(0.06,0.07,0.0045));
#3605=CARTESIAN_POINT('',(0.0595,0.07,0.0045));
#3606=CARTESIAN_POINT('',(0.04,0.07,0.0045));
#3607=CARTESIAN_POINT('',(0.0395,0.07,0.0045));
#3608=CARTESIAN_POINT('',(0.037,0.07,0.0045));
#3609=CARTESIAN_POINT('',(0.0365,0.07,0.0045));
#3610=CARTESIAN_POINT('',(0.017,0.07,0.0045));
#3611=CARTESIAN_POINT('',(0.0165,0.07,0.0045));
#3612=CARTESIAN_POINT('',(-0.017,0.07,0.0045));
#3613=CARTESIAN_POINT('',(-0.0175,0.07,0.0045));
#3614=CARTESIAN_POINT('',(-0.037,0.07,0.0045));
#3615=CARTESIAN_POINT('',(-0.0375,0.07,0.0045));
#3616=CARTESIAN_POINT('',(-0.04,0.07,0.0045));
#3617=CARTESIAN_POINT('',(-0.0405,0.07,0.0045));
#3618=CARTESIAN_POINT('',(-0.06,0.07,0.0045));
#3619=CARTESIAN_POINT('',(-0.0605,0.07,0.0045));
#3620=CARTESIAN_POINT('',(-0.061,0.07,0.00449999999999993));
#3621=CARTESIAN_POINT('',(-0.061,0.07,0.00529999999999993));
#3622=CARTESIAN_POINT('',(-0.0385,0.07,0.00529999999999994));
#3623=CARTESIAN_POINT('',(-0.016,0.07,0.00529999999999994));
#3624=CARTESIAN_POINT('',(-0.016,0.07,0.00449999999999993));
#3625=CARTESIAN_POINT('',(0.016,0.07,0.00449999999999993));
#3626=CARTESIAN_POINT('',(0.016,0.07,0.00529999999999993));
#3627=CARTESIAN_POINT('',(0.0385,0.07,0.00529999999999993));
#3628=CARTESIAN_POINT('',(0.061,0.07,0.00529999999999993));
#3629=CARTESIAN_POINT('',(0.061,0.07,0.00449999999999993));
#3630=CARTESIAN_POINT('',(0.068,0.07,0.004));
#3631=CARTESIAN_POINT('',(0.068,0.07,0.));
#3632=CARTESIAN_POINT('',(0.,0.07,0.));
#3633=CARTESIAN_POINT('',(-0.068,0.07,0.));
#3634=CARTESIAN_POINT('',(-0.068,0.07,0.004));
#3635=CARTESIAN_POINT('',(-0.07,-1.38777878078145E-17,0.004));
#3636=CARTESIAN_POINT('',(-0.07,-1.38777878078145E-17,0.));
#3637=CARTESIAN_POINT('',(-0.07,-0.068,0.));
#3638=CARTESIAN_POINT('',(-0.07,0.068,0.));
#3639=CARTESIAN_POINT('',(-0.07,-0.068,0.004));
#3640=CARTESIAN_POINT('',(-0.07,0.068,0.));
#3641=CARTESIAN_POINT('',(0.,0.,0.));
#3642=CARTESIAN_POINT('',(0.066,0.063,0.));
#3643=CARTESIAN_POINT('',(0.063,0.063,0.));
#3644=CARTESIAN_POINT('',(0.063,0.066,0.));
#3645=CARTESIAN_POINT('',(-0.063,0.066,0.));
#3646=CARTESIAN_POINT('',(-0.063,0.063,0.));
#3647=CARTESIAN_POINT('',(-0.066,0.063,0.));
#3648=CARTESIAN_POINT('',(-0.066,-0.063,0.));
#3649=CARTESIAN_POINT('',(-0.063,-0.063,0.));
#3650=CARTESIAN_POINT('',(-0.063,-0.066,0.));
#3651=CARTESIAN_POINT('',(0.063,-0.066,0.));
#3652=CARTESIAN_POINT('',(0.063,-0.063,0.));
#3653=CARTESIAN_POINT('',(0.066,-0.063,0.));
#3654=CARTESIAN_POINT('',(0.068,0.068,0.));
#3655=CARTESIAN_POINT('',(0.068,-0.068,0.));
#3656=CARTESIAN_POINT('',(-0.068,-0.068,0.));
#3657=CARTESIAN_POINT('',(-0.068,0.068,0.));
#3658=CARTESIAN_POINT('',(0.0585062402774526,0.0584948911892069,0.0038));
#3659=CARTESIAN_POINT('',(0.0574921882144305,0.0595089432522291,0.0038));
#3660=CARTESIAN_POINT('',(0.0574921882144305,0.0595089432522291,0.0058));
#3661=CARTESIAN_POINT('',(0.0585062402774526,0.0584948911892069,0.0058));
#3662=CARTESIAN_POINT('',(0.0595202923404748,0.0574808391261848,0.0058));
#3663=CARTESIAN_POINT('',(0.0595202923404748,0.0574808391261848,0.004));
#3664=CARTESIAN_POINT('',(0.0503555847554773,0.0540693960681236,0.0038));
#3665=CARTESIAN_POINT('',(0.0503555847554773,0.0540693960681236,0.0058));
#3666=CARTESIAN_POINT('',(0.0557951319395827,0.0595089432522291,0.0058));
#3667=CARTESIAN_POINT('',(0.0440675094339479,0.0477813207465942,0.0058));
#3668=CARTESIAN_POINT('',(0.0557951319395827,0.0595089432522291,0.0038));
#3669=CARTESIAN_POINT('',(0.0440675094339479,0.0477813207465942,0.0038));
#3670=CARTESIAN_POINT('',(-6.93889390390723E-18,-3.46944695195361E-18,0.0038));
#3671=CARTESIAN_POINT('',(-0.0440557000525672,0.0477922095417049,0.0038));
#3672=CARTESIAN_POINT('',(-0.0440557000525672,0.0477922095417049,0.0058));
#3673=CARTESIAN_POINT('',(-6.93889390390723E-18,-3.46944695195361E-18,0.0058));
#3674=CARTESIAN_POINT('',(-0.0503440055206641,0.0540805150098018,0.0038));
#3675=CARTESIAN_POINT('',(-0.0557837828513371,0.0595202923404747,0.0058));
#3676=CARTESIAN_POINT('',(-0.0557837828513371,0.0595202923404747,0.0058));
#3677=CARTESIAN_POINT('',(-0.0503440055206641,0.0540805150098018,0.0058));
#3678=CARTESIAN_POINT('',(-0.0584948911892069,0.0585062402774526,0.0038));
#3679=CARTESIAN_POINT('',(-0.0584948911892069,0.0585062402774526,0.0058));
#3680=CARTESIAN_POINT('',(-0.0574808391261848,0.0595202923404747,0.0058));
#3681=CARTESIAN_POINT('',(-0.0595089432522291,0.0574921882144305,0.0058));
#3682=CARTESIAN_POINT('',(-0.0574808391261848,0.0595202923404747,0.004));
#3683=CARTESIAN_POINT('',(-0.0595089432522291,0.0574921882144305,0.0038));
#3684=CARTESIAN_POINT('',(-0.0540693960681236,0.0503555847554773,0.0038));
#3685=CARTESIAN_POINT('',(-0.0540693960681236,0.0503555847554773,0.0058));
#3686=CARTESIAN_POINT('',(-0.0595089432522291,0.0557951319395827,0.0058));
#3687=CARTESIAN_POINT('',(-0.0477813207465942,0.0440675094339479,0.0058));
#3688=CARTESIAN_POINT('',(-0.0595089432522291,0.0557951319395827,0.0038));
#3689=CARTESIAN_POINT('',(-0.0477813207465942,0.0440675094339479,0.0038));
#3690=CARTESIAN_POINT('',(-1.04083408558608E-17,0.,0.0038));
#3691=CARTESIAN_POINT('',(-0.0477922095417049,-0.0440557000525673,0.0038));
#3692=CARTESIAN_POINT('',(-0.0477922095417049,-0.0440557000525673,0.0058));
#3693=CARTESIAN_POINT('',(-1.04083408558608E-17,0.,0.0058));
#3694=CARTESIAN_POINT('',(-0.0540805150098017,-0.0503440055206641,0.0038));
#3695=CARTESIAN_POINT('',(-0.0595202923404747,-0.0557837828513371,0.0058));
#3696=CARTESIAN_POINT('',(-0.0595202923404747,-0.0557837828513371,0.0058));
#3697=CARTESIAN_POINT('',(-0.0540805150098017,-0.0503440055206641,0.0058));
#3698=CARTESIAN_POINT('',(-0.0585062402774526,-0.0584948911892069,0.0038));
#3699=CARTESIAN_POINT('',(-0.0585062402774526,-0.0584948911892069,0.0058));
#3700=CARTESIAN_POINT('',(-0.0595202923404747,-0.0574808391261848,0.0058));
#3701=CARTESIAN_POINT('',(-0.0574921882144304,-0.0595089432522291,0.0058));
#3702=CARTESIAN_POINT('',(-0.0595202923404747,-0.0574808391261848,0.004));
#3703=CARTESIAN_POINT('',(-0.0574921882144304,-0.0595089432522291,0.0038));
#3704=CARTESIAN_POINT('',(-0.0503555847554772,-0.0540693960681236,0.0038));
#3705=CARTESIAN_POINT('',(-0.0503555847554772,-0.0540693960681236,0.0058));
#3706=CARTESIAN_POINT('',(-0.0557951319395827,-0.0595089432522291,0.0058));
#3707=CARTESIAN_POINT('',(-0.0440675094339479,-0.0477813207465942,0.0058));
#3708=CARTESIAN_POINT('',(-0.0557951319395827,-0.0595089432522291,0.0038));
#3709=CARTESIAN_POINT('',(-0.0440675094339479,-0.0477813207465942,0.0038));
#3710=CARTESIAN_POINT('',(3.46944695195361E-18,0.,0.0038));
#3711=CARTESIAN_POINT('',(0.0440557000525673,-0.0477922095417049,0.0038));
#3712=CARTESIAN_POINT('',(0.0440557000525673,-0.0477922095417049,0.0058));
#3713=CARTESIAN_POINT('',(3.46944695195361E-18,0.,0.0058));
#3714=CARTESIAN_POINT('',(0.0503440055206641,-0.0540805150098017,0.0038));
#3715=CARTESIAN_POINT('',(0.0557837828513371,-0.0595202923404747,0.0058));
#3716=CARTESIAN_POINT('',(0.0557837828513371,-0.0595202923404747,0.0058));
#3717=CARTESIAN_POINT('',(0.0503440055206641,-0.0540805150098017,0.0058));
#3718=CARTESIAN_POINT('',(0.0584948911892069,-0.0585062402774526,0.0038));
#3719=CARTESIAN_POINT('',(0.0595089432522291,-0.0574921882144305,0.0038));
#3720=CARTESIAN_POINT('',(0.0595089432522291,-0.0574921882144305,0.0058));
#3721=CARTESIAN_POINT('',(0.0584948911892069,-0.0585062402774526,0.0058));
#3722=CARTESIAN_POINT('',(0.0574808391261848,-0.0595202923404747,0.0058));
#3723=CARTESIAN_POINT('',(0.0574808391261848,-0.0595202923404747,0.004));
#3724=CARTESIAN_POINT('',(0.0540693960681236,-0.0503555847554772,0.0038));
#3725=CARTESIAN_POINT('',(0.0540693960681236,-0.0503555847554772,0.0058));
#3726=CARTESIAN_POINT('',(0.0595089432522291,-0.0557951319395827,0.0058));
#3727=CARTESIAN_POINT('',(0.0477813207465942,-0.0440675094339479,0.0058));
#3728=CARTESIAN_POINT('',(0.0595089432522291,-0.0557951319395827,0.0038));
#3729=CARTESIAN_POINT('',(0.0477813207465942,-0.0440675094339479,0.0038));
#3730=CARTESIAN_POINT('',(-3.46944695195361E-18,6.93889390390723E-18,0.0038));
#3731=CARTESIAN_POINT('',(0.0477922095417049,0.0440557000525673,0.0038));
#3732=CARTESIAN_POINT('',(0.0477922095417049,0.0440557000525673,0.0058));
#3733=CARTESIAN_POINT('',(-3.46944695195361E-18,6.93889390390723E-18,0.0058));
#3734=CARTESIAN_POINT('',(0.0540805150098018,0.0503440055206641,0.0038));
#3735=CARTESIAN_POINT('',(0.0595202923404748,0.0557837828513371,0.0058));
#3736=CARTESIAN_POINT('',(0.0595202923404748,0.0557837828513371,0.0058));
#3737=CARTESIAN_POINT('',(0.0540805150098018,0.0503440055206641,0.0058));
#3738=CARTESIAN_POINT('',(-0.00665268897747555,0.00665268897747555,0.0058));
#3739=CARTESIAN_POINT('',(0.0564399195855752,-0.0564399195855752,0.0058));
#3740=CARTESIAN_POINT('',(0.0579399195855752,-0.0564399195855752,0.0058));
#3741=CARTESIAN_POINT('',(-0.0564399195855752,-0.0564399195855752,0.0058));
#3742=CARTESIAN_POINT('',(-0.0549399195855752,-0.0564399195855752,0.0058));
#3743=CARTESIAN_POINT('',(-0.0564399195855752,0.0564399195855753,0.0058));
#3744=CARTESIAN_POINT('',(-0.0549399195855752,0.0564399195855753,0.0058));
#3745=CARTESIAN_POINT('',(0.0564399195855752,0.0564399195855752,0.0058));
#3746=CARTESIAN_POINT('',(0.0579399195855752,0.0564399195855752,0.0058));
#3747=CARTESIAN_POINT('',(-0.0566323109887609,0.0586717642030509,0.0058));
#3748=CARTESIAN_POINT('',(-0.0586604151148052,0.0566436600770066,0.0058));
#3749=CARTESIAN_POINT('',(-0.0586717642030509,-0.0566323109887609,0.0058));
#3750=CARTESIAN_POINT('',(-0.0566436600770066,-0.0586604151148052,0.0058));
#3751=CARTESIAN_POINT('',(0.0566323109887609,-0.0586717642030509,0.0058));
#3752=CARTESIAN_POINT('',(0.0586604151148052,-0.0566436600770066,0.0058));
#3753=CARTESIAN_POINT('',(0.0586717642030509,0.0566323109887609,0.0058));
#3754=CARTESIAN_POINT('',(0.0566436600770066,0.0586604151148052,0.0058));
#3755=CARTESIAN_POINT('',(-0.066,0.063,0.));
#3756=CARTESIAN_POINT('',(-0.063,0.063,0.));
#3757=CARTESIAN_POINT('',(-0.063,0.066,0.));
#3758=CARTESIAN_POINT('',(0.066,0.063,0.));
#3759=CARTESIAN_POINT('',(0.063,0.063,0.));
#3760=CARTESIAN_POINT('',(0.063,0.066,0.));
#3761=CARTESIAN_POINT('',(0.066,-0.063,0.));
#3762=CARTESIAN_POINT('',(0.063,-0.063,0.));
#3763=CARTESIAN_POINT('',(0.063,-0.066,0.));
#3764=CARTESIAN_POINT('',(-0.066,-0.063,0.));
#3765=CARTESIAN_POINT('',(-0.063,-0.063,0.));
#3766=CARTESIAN_POINT('',(-0.063,-0.066,0.));
#3767=CARTESIAN_POINT('',(0.068,0.068,0.004));
#3768=CARTESIAN_POINT('',(0.068,-0.068,0.004));
#3769=CARTESIAN_POINT('',(-0.068,-0.068,0.004));
#3770=CARTESIAN_POINT('',(-0.068,0.068,0.004));
#3771=CARTESIAN_POINT('',(0.0385,-0.068,0.00529999999999994));
#3772=CARTESIAN_POINT('',(0.061,-0.068,0.0053));
#3773=CARTESIAN_POINT('',(0.061,-0.068,0.0053));
#3774=CARTESIAN_POINT('',(0.0385,-0.068,0.00529999999999994));
#3775=CARTESIAN_POINT('',(0.016,-0.068,0.00529999999999994));
#3776=CARTESIAN_POINT('',(0.016,-0.068,0.00529999999999994));
#3777=CARTESIAN_POINT('',(0.016,-0.068,0.0045));
#3778=CARTESIAN_POINT('',(0.016,-0.068,0.0045));
#3779=CARTESIAN_POINT('',(0.037,-0.068,0.0045));
#3780=CARTESIAN_POINT('',(0.037,-0.068,0.0045));
#3781=CARTESIAN_POINT('',(0.04,-0.068,0.0045));
#3782=CARTESIAN_POINT('',(0.04,-0.068,0.0045));
#3783=CARTESIAN_POINT('',(0.06,-0.068,0.0045));
#3784=CARTESIAN_POINT('',(0.06,-0.068,0.0045));
#3785=CARTESIAN_POINT('',(0.061,-0.068,0.0045));
#3786=CARTESIAN_POINT('',(0.061,-0.068,0.0045));
#3787=CARTESIAN_POINT('',(0.017,-0.068,0.0045));
#3788=CARTESIAN_POINT('',(0.017,-0.068,0.0045));
#3789=CARTESIAN_POINT('',(-3.96508223080413E-19,-0.068,0.00818778667598963));
#3790=CARTESIAN_POINT('',(-0.0385,-0.068,0.0053));
#3791=CARTESIAN_POINT('',(-0.016,-0.068,0.0053));
#3792=CARTESIAN_POINT('',(-0.016,-0.068,0.0053));
#3793=CARTESIAN_POINT('',(-0.0385,-0.068,0.0053));
#3794=CARTESIAN_POINT('',(-0.061,-0.068,0.0053));
#3795=CARTESIAN_POINT('',(-0.061,-0.068,0.0053));
#3796=CARTESIAN_POINT('',(-0.061,-0.068,0.0045));
#3797=CARTESIAN_POINT('',(-0.061,-0.068,0.0045));
#3798=CARTESIAN_POINT('',(-0.037,-0.068,0.0045));
#3799=CARTESIAN_POINT('',(-0.037,-0.068,0.0045));
#3800=CARTESIAN_POINT('',(-0.04,-0.068,0.0045));
#3801=CARTESIAN_POINT('',(-0.04,-0.068,0.0045));
#3802=CARTESIAN_POINT('',(-0.06,-0.068,0.0045));
#3803=CARTESIAN_POINT('',(-0.06,-0.068,0.0045));
#3804=CARTESIAN_POINT('',(-0.016,-0.068,0.0045));
#3805=CARTESIAN_POINT('',(-0.016,-0.068,0.0045));
#3806=CARTESIAN_POINT('',(-0.017,-0.068,0.0045));
#3807=CARTESIAN_POINT('',(-0.017,-0.068,0.0045));
#3808=CARTESIAN_POINT('',(-3.96508223080413E-19,-0.068,0.00818778667598963));
#3809=CARTESIAN_POINT('',(-0.061,0.068,0.00449999999999993));
#3810=CARTESIAN_POINT('',(-0.061,0.068,0.00449999999999993));
#3811=CARTESIAN_POINT('',(-0.061,0.068,0.00529999999999993));
#3812=CARTESIAN_POINT('',(-0.061,0.068,0.00529999999999993));
#3813=CARTESIAN_POINT('',(-0.0385,0.068,0.00529999999999994));
#3814=CARTESIAN_POINT('',(-0.0385,0.068,0.00529999999999994));
#3815=CARTESIAN_POINT('',(-0.016,0.068,0.00529999999999994));
#3816=CARTESIAN_POINT('',(-0.016,0.068,0.00529999999999994));
#3817=CARTESIAN_POINT('',(-0.016,0.068,0.00449999999999993));
#3818=CARTESIAN_POINT('',(-0.016,0.068,0.00449999999999993));
#3819=CARTESIAN_POINT('',(-0.04,0.068,0.0045));
#3820=CARTESIAN_POINT('',(-0.04,0.068,0.0045));
#3821=CARTESIAN_POINT('',(-0.06,0.068,0.0045));
#3822=CARTESIAN_POINT('',(-0.06,0.068,0.0045));
#3823=CARTESIAN_POINT('',(-0.017,0.068,0.0045));
#3824=CARTESIAN_POINT('',(-0.017,0.068,0.0045));
#3825=CARTESIAN_POINT('',(-0.037,0.068,0.0045));
#3826=CARTESIAN_POINT('',(-0.037,0.068,0.0045));
#3827=CARTESIAN_POINT('',(3.96508223080413E-19,0.068,0.00906421098593962));
#3828=CARTESIAN_POINT('',(0.016,0.068,0.00449999999999993));
#3829=CARTESIAN_POINT('',(0.016,0.068,0.00449999999999993));
#3830=CARTESIAN_POINT('',(0.016,0.068,0.00529999999999993));
#3831=CARTESIAN_POINT('',(0.016,0.068,0.00529999999999993));
#3832=CARTESIAN_POINT('',(0.0385,0.068,0.00529999999999993));
#3833=CARTESIAN_POINT('',(0.0385,0.068,0.00529999999999993));
#3834=CARTESIAN_POINT('',(0.061,0.068,0.00529999999999993));
#3835=CARTESIAN_POINT('',(0.061,0.068,0.00529999999999993));
#3836=CARTESIAN_POINT('',(0.061,0.068,0.00449999999999993));
#3837=CARTESIAN_POINT('',(0.061,0.068,0.00449999999999993));
#3838=CARTESIAN_POINT('',(0.017,0.068,0.0045));
#3839=CARTESIAN_POINT('',(0.017,0.068,0.0045));
#3840=CARTESIAN_POINT('',(0.037,0.068,0.0045));
#3841=CARTESIAN_POINT('',(0.037,0.068,0.0045));
#3842=CARTESIAN_POINT('',(0.04,0.068,0.0045));
#3843=CARTESIAN_POINT('',(0.04,0.068,0.0045));
#3844=CARTESIAN_POINT('',(0.06,0.068,0.0045));
#3845=CARTESIAN_POINT('',(0.06,0.068,0.0045));
#3846=CARTESIAN_POINT('',(3.96508223080413E-19,0.068,0.00906421098593962));
#3847=CARTESIAN_POINT('',(-0.0566323109887609,0.0586717642030509,0.0038));
#3848=CARTESIAN_POINT('',(-0.0586604151148052,0.0566436600770066,0.0038));
#3849=CARTESIAN_POINT('',(0.0566436600770066,0.0586604151148052,0.0038));
#3850=CARTESIAN_POINT('',(0.0586717642030509,0.0566323109887609,0.0038));
#3851=CARTESIAN_POINT('',(0.0586604151148052,-0.0566436600770066,0.0038));
#3852=CARTESIAN_POINT('',(0.0566323109887609,-0.0586717642030509,0.0038));
#3853=CARTESIAN_POINT('',(-0.0586717642030509,-0.0566323109887609,0.0038));
#3854=CARTESIAN_POINT('',(-0.0566436600770066,-0.0586604151148052,0.0038));
#3855=CARTESIAN_POINT('',(0.,0.,0.004));
#3856=CARTESIAN_POINT('',(0.0564399195855752,0.0564399195855752,0.004));
#3857=CARTESIAN_POINT('',(0.0579399195855752,0.0564399195855752,0.004));
#3858=CARTESIAN_POINT('',(0.0564399195855752,0.0564399195855752,0.003998));
#3859=CARTESIAN_POINT('',(0.,0.,0.004));
#3860=CARTESIAN_POINT('',(-0.0564399195855752,0.0564399195855753,0.004));
#3861=CARTESIAN_POINT('',(-0.0549399195855752,0.0564399195855753,0.004));
#3862=CARTESIAN_POINT('',(-0.0564399195855752,0.0564399195855753,0.003998));
#3863=CARTESIAN_POINT('',(0.,0.,0.004));
#3864=CARTESIAN_POINT('',(-0.0564399195855752,-0.0564399195855752,0.004));
#3865=CARTESIAN_POINT('',(-0.0549399195855752,-0.0564399195855752,0.004));
#3866=CARTESIAN_POINT('',(-0.0564399195855752,-0.0564399195855752,0.003998));
#3867=CARTESIAN_POINT('',(0.,0.,0.004));
#3868=CARTESIAN_POINT('',(0.0564399195855752,-0.0564399195855752,0.004));
#3869=CARTESIAN_POINT('',(0.0579399195855752,-0.0564399195855752,0.004));
#3870=CARTESIAN_POINT('',(0.0564399195855752,-0.0564399195855752,0.003998));
#3871=CARTESIAN_POINT('',(0.,0.,0.));
#3872=CARTESIAN_POINT('',(-5.79572602626701E-19,1.22501142989063E-17,0.0308));
#3873=CARTESIAN_POINT('',(-5.79572602626701E-19,1.22501142989063E-17,0.1208));
#3874=CARTESIAN_POINT('',(0.0459619407771256,0.0459619407771256,0.1208));
#3875=CARTESIAN_POINT('',(0.044061605094417,-0.047786765495309,0.0088));
#3876=CARTESIAN_POINT('',(0.044061605094417,-0.047786765495309,0.0088));
#3877=CARTESIAN_POINT('',(0.044061605094417,-0.047786765495309,0.0058));
#3878=CARTESIAN_POINT('',(-5.79572602626701E-19,1.22501142989063E-17,0.0088));
#3879=CARTESIAN_POINT('',(0.047786765495309,-0.044061605094417,0.0088));
#3880=CARTESIAN_POINT('',(0.047786765495309,-0.044061605094417,0.0088));
#3881=CARTESIAN_POINT('',(0.047786765495309,-0.044061605094417,0.0058));
#3882=CARTESIAN_POINT('',(-5.79572602626701E-19,1.22501142989063E-17,0.0058));
#3883=CARTESIAN_POINT('',(0.047786765495309,0.044061605094417,0.0058));
#3884=CARTESIAN_POINT('',(0.047786765495309,0.044061605094417,0.0088));
#3885=CARTESIAN_POINT('',(0.047786765495309,0.044061605094417,0.0088));
#3886=CARTESIAN_POINT('',(-5.79572602626702E-19,6.62139993337562E-18,0.0088));
#3887=CARTESIAN_POINT('',(0.044061605094417,0.047786765495309,0.0088));
#3888=CARTESIAN_POINT('',(0.044061605094417,0.047786765495309,0.0088));
#3889=CARTESIAN_POINT('',(0.044061605094417,0.047786765495309,0.0058));
#3890=CARTESIAN_POINT('',(-5.79572602626701E-19,1.22501142989063E-17,0.0058));
#3891=CARTESIAN_POINT('',(-0.044061605094417,0.047786765495309,0.0058));
#3892=CARTESIAN_POINT('',(-0.044061605094417,0.047786765495309,0.0088));
#3893=CARTESIAN_POINT('',(-0.044061605094417,0.047786765495309,0.0088));
#3894=CARTESIAN_POINT('',(5.049141762904E-18,6.62139993337562E-18,0.0088));
#3895=CARTESIAN_POINT('',(-0.0477867654953089,0.044061605094417,0.0088));
#3896=CARTESIAN_POINT('',(-0.0477867654953089,0.044061605094417,0.0088));
#3897=CARTESIAN_POINT('',(-0.0477867654953089,0.044061605094417,0.0058));
#3898=CARTESIAN_POINT('',(-5.79572602626701E-19,1.22501142989063E-17,0.0058));
#3899=CARTESIAN_POINT('',(-0.047786765495309,-0.044061605094417,0.0058));
#3900=CARTESIAN_POINT('',(-0.047786765495309,-0.044061605094417,0.0088));
#3901=CARTESIAN_POINT('',(-0.047786765495309,-0.044061605094417,0.0088));
#3902=CARTESIAN_POINT('',(5.04914176290401E-18,1.22501142989063E-17,0.0088));
#3903=CARTESIAN_POINT('',(-0.044061605094417,-0.0477867654953089,0.0088));
#3904=CARTESIAN_POINT('',(-0.044061605094417,-0.0477867654953089,0.0088));
#3905=CARTESIAN_POINT('',(-0.044061605094417,-0.0477867654953089,0.0058));
#3906=CARTESIAN_POINT('',(-5.79572602626701E-19,1.22501142989063E-17,0.0058));
#3907=CARTESIAN_POINT('',(-1.0329677169718E-19,1.17738384679768E-17,0.0308));
#3908=CARTESIAN_POINT('',(-1.0329677169718E-19,1.17738384679768E-17,0.0108));
#3909=CARTESIAN_POINT('',(0.0289723958468924,-0.0479228575826919,0.0108));
#3910=CARTESIAN_POINT('',(0.0479228575826919,-0.0289723958468925,0.0108));
#3911=CARTESIAN_POINT('',(0.0289723958468924,-0.0479228575826919,0.0308));
#3912=CARTESIAN_POINT('',(0.0289723958468924,-0.0479228575826919,0.0308));
#3913=CARTESIAN_POINT('',(-1.0329677169718E-19,1.17738384679768E-17,0.0308));
#3914=CARTESIAN_POINT('',(0.0479228575826919,-0.0289723958468925,0.0308));
#3915=CARTESIAN_POINT('',(0.0479228575826919,-0.0289723958468925,0.0308));
#3916=CARTESIAN_POINT('',(-1.0329677169718E-19,1.17738384679768E-17,0.0308));
#3917=CARTESIAN_POINT('',(0.0260802769951797,-0.0495562221305731,0.0308));
#3918=CARTESIAN_POINT('',(0.0260802769951797,-0.0495562221305731,0.0108));
#3919=CARTESIAN_POINT('',(0.0260802769951797,-0.0495562221305731,0.0308));
#3920=CARTESIAN_POINT('',(-1.0329677169718E-19,1.17738384679768E-17,0.0108));
#3921=CARTESIAN_POINT('',(0.0495562221305731,-0.0260802769951797,0.0108));
#3922=CARTESIAN_POINT('',(0.0495562221305731,-0.0260802769951797,0.0308));
#3923=CARTESIAN_POINT('',(0.0495562221305731,-0.0260802769951797,0.0308));
#3924=CARTESIAN_POINT('',(-1.0329677169718E-19,1.17738384679768E-17,0.0308));
#3925=CARTESIAN_POINT('',(2.23478458013865E-18,9.43575711614097E-18,0.0308));
#3926=CARTESIAN_POINT('',(2.65966367381438E-20,1.16439450595415E-17,0.0308));
#3927=CARTESIAN_POINT('',(0.0360624458405139,0.036062445840514,0.0308));
#3928=CARTESIAN_POINT('',(0.0270836478739626,-0.0460341096097621,0.0308));
#3929=CARTESIAN_POINT('',(0.0298413643205902,-0.0487918260563897,0.0308));
#3930=CARTESIAN_POINT('',(0.0287099934706917,-0.0499231969062882,0.0308));
#3931=CARTESIAN_POINT('',(0.0275786226207933,-0.0510545677561866,0.0308));
#3932=CARTESIAN_POINT('',(0.0248209061741657,-0.0482968513095591,0.0308));
#3933=CARTESIAN_POINT('',(0.0482968513095591,-0.0248209061741657,0.0308));
#3934=CARTESIAN_POINT('',(0.0510545677561866,-0.0275786226207933,0.0308));
#3935=CARTESIAN_POINT('',(0.0499231969062881,-0.0287099934706917,0.0308));
#3936=CARTESIAN_POINT('',(0.0487918260563897,-0.0298413643205902,0.0308));
#3937=CARTESIAN_POINT('',(0.0460341096097621,-0.0270836478739626,0.0308));
#3938=CARTESIAN_POINT('',(2.65966367381438E-20,1.16439450595415E-17,0.1058));
#3939=CARTESIAN_POINT('',(2.65966367381438E-20,1.16439450595415E-17,0.1208));
#3940=CARTESIAN_POINT('',(0.0360624458405139,0.036062445840514,0.1208));
#3941=CARTESIAN_POINT('',(2.23478458013865E-18,9.43575711614097E-18,0.0108));
#3942=CARTESIAN_POINT('',(0.0460341096097621,-0.0270836478739626,0.0108));
#3943=CARTESIAN_POINT('',(0.0487918260563897,-0.0298413643205902,0.0108));
#3944=CARTESIAN_POINT('',(0.0499231969062881,-0.0287099934706917,0.0108));
#3945=CARTESIAN_POINT('',(0.0510545677561866,-0.0275786226207933,0.0108));
#3946=CARTESIAN_POINT('',(0.0482968513095591,-0.0248209061741657,0.0108));
#3947=CARTESIAN_POINT('',(0.0248209061741657,-0.0482968513095591,0.0108));
#3948=CARTESIAN_POINT('',(0.0275786226207933,-0.0510545677561866,0.0108));
#3949=CARTESIAN_POINT('',(0.0287099934706917,-0.0499231969062882,0.0108));
#3950=CARTESIAN_POINT('',(0.0298413643205902,-0.0487918260563897,0.0108));
#3951=CARTESIAN_POINT('',(0.0270836478739626,-0.0460341096097621,0.0108));
#3952=CARTESIAN_POINT('',(2.23478458013865E-18,9.43575711614097E-18,0.1208));
#3953=CARTESIAN_POINT('',(2.23478458013865E-18,9.43575711614097E-18,0.0058));
#3954=CARTESIAN_POINT('',(0.0408929888282828,0.0446181492291748,0.0058));
#3955=CARTESIAN_POINT('',(0.0547021648390543,0.0584273252399463,0.0058));
#3956=CARTESIAN_POINT('',(0.0564399195855753,0.0564399195855752,0.0058));
#3957=CARTESIAN_POINT('',(0.0584273252399463,0.0547021648390543,0.0058));
#3958=CARTESIAN_POINT('',(0.0446181492291748,0.0408929888282828,0.0058));
#3959=CARTESIAN_POINT('',(0.0446181492291748,-0.0408929888282828,0.0058));
#3960=CARTESIAN_POINT('',(0.0584273252399463,-0.0547021648390543,0.0058));
#3961=CARTESIAN_POINT('',(0.0564399195855752,-0.0564399195855753,0.0058));
#3962=CARTESIAN_POINT('',(0.0547021648390543,-0.0584273252399463,0.0058));
#3963=CARTESIAN_POINT('',(0.0408929888282828,-0.0446181492291748,0.0058));
#3964=CARTESIAN_POINT('',(-0.0408929888282828,-0.0446181492291748,0.0058));
#3965=CARTESIAN_POINT('',(-0.0547021648390543,-0.0584273252399463,0.0058));
#3966=CARTESIAN_POINT('',(-0.0564399195855753,-0.0564399195855752,0.0058));
#3967=CARTESIAN_POINT('',(-0.0584273252399463,-0.0547021648390543,0.0058));
#3968=CARTESIAN_POINT('',(-0.0446181492291748,-0.0408929888282828,0.0058));
#3969=CARTESIAN_POINT('',(-0.0446181492291748,0.0408929888282828,0.0058));
#3970=CARTESIAN_POINT('',(-0.0584273252399463,0.0547021648390543,0.0058));
#3971=CARTESIAN_POINT('',(-0.0564399195855752,0.0564399195855753,0.0058));
#3972=CARTESIAN_POINT('',(-0.0547021648390543,0.0584273252399463,0.0058));
#3973=CARTESIAN_POINT('',(-0.0408929888282828,0.0446181492291748,0.0058));
#3974=CARTESIAN_POINT('',(-0.0564399195855752,-0.0564399195855752,0.0058));
#3975=CARTESIAN_POINT('',(-0.057500579757355,-0.0553792594137954,0.0058));
#3976=CARTESIAN_POINT('',(-0.0564399195855752,0.0564399195855753,0.0058));
#3977=CARTESIAN_POINT('',(-0.0553792594137954,0.0575005797573551,0.0058));
#3978=CARTESIAN_POINT('',(0.0564399195855752,0.0564399195855752,0.0058));
#3979=CARTESIAN_POINT('',(0.057500579757355,0.0553792594137954,0.0058));
#3980=CARTESIAN_POINT('',(0.0564399195855752,-0.0564399195855752,0.0058));
#3981=CARTESIAN_POINT('',(0.0553792594137954,-0.057500579757355,0.0058));
#3982=CARTESIAN_POINT('',(0.0499231969062881,-0.0287099934706917,0.0308));
#3983=CARTESIAN_POINT('',(0.0487918260563897,-0.0298413643205902,0.0308));
#3984=CARTESIAN_POINT('',(0.0510545677561866,-0.0275786226207933,0.0308));
#3985=CARTESIAN_POINT('',(0.0482968513095591,-0.0248209061741657,0.0308));
#3986=CARTESIAN_POINT('',(0.0460341096097621,-0.0270836478739626,0.0308));
#3987=CARTESIAN_POINT('',(0.0248209061741657,-0.0482968513095591,0.0308));
#3988=CARTESIAN_POINT('',(0.0275786226207933,-0.0510545677561866,0.0308));
#3989=CARTESIAN_POINT('',(0.0287099934706917,-0.0499231969062882,0.0308));
#3990=CARTESIAN_POINT('',(0.0298413643205902,-0.0487918260563897,0.0308));
#3991=CARTESIAN_POINT('',(0.0270836478739626,-0.0460341096097621,0.0308));
#3992=CARTESIAN_POINT('',(-0.0408929888282828,-0.0446181492291748,0.0088));
#3993=CARTESIAN_POINT('',(-0.0408929888282828,-0.0446181492291748,0.0088));
#3994=CARTESIAN_POINT('',(-0.0547021648390543,-0.0584273252399463,0.0088));
#3995=CARTESIAN_POINT('',(-0.0547021648390543,-0.0584273252399463,0.0088));
#3996=CARTESIAN_POINT('',(-0.0564399195855753,-0.0564399195855752,0.0088));
#3997=CARTESIAN_POINT('',(-0.0564399195855753,-0.0564399195855752,0.0088));
#3998=CARTESIAN_POINT('',(-0.0584273252399463,-0.0547021648390543,0.0088));
#3999=CARTESIAN_POINT('',(-0.0584273252399463,-0.0547021648390543,0.0088));
#4000=CARTESIAN_POINT('',(-0.0446181492291748,-0.0408929888282828,0.0088));
#4001=CARTESIAN_POINT('',(-0.0446181492291748,-0.0408929888282828,0.0088));
#4002=CARTESIAN_POINT('',(-0.0564399195855752,-0.0564399195855752,0.0088));
#4003=CARTESIAN_POINT('',(-0.0564399195855752,-0.0564399195855752,0.0088));
#4004=CARTESIAN_POINT('',(-0.057500579757355,-0.0553792594137954,0.0088));
#4005=CARTESIAN_POINT('',(-0.00626921906669101,-0.00626921906669101,0.0088));
#4006=CARTESIAN_POINT('',(-0.0446181492291748,0.0408929888282828,0.0088));
#4007=CARTESIAN_POINT('',(-0.0446181492291748,0.0408929888282828,0.0088));
#4008=CARTESIAN_POINT('',(-0.0584273252399463,0.0547021648390543,0.0088));
#4009=CARTESIAN_POINT('',(-0.0584273252399463,0.0547021648390543,0.0088));
#4010=CARTESIAN_POINT('',(-0.0564399195855752,0.0564399195855753,0.0088));
#4011=CARTESIAN_POINT('',(-0.0564399195855752,0.0564399195855753,0.0088));
#4012=CARTESIAN_POINT('',(-0.0547021648390543,0.0584273252399463,0.0088));
#4013=CARTESIAN_POINT('',(-0.0547021648390543,0.0584273252399463,0.0088));
#4014=CARTESIAN_POINT('',(-0.0408929888282828,0.0446181492291748,0.0088));
#4015=CARTESIAN_POINT('',(-0.0408929888282828,0.0446181492291748,0.0088));
#4016=CARTESIAN_POINT('',(-0.0564399195855752,0.0564399195855753,0.0088));
#4017=CARTESIAN_POINT('',(-0.0564399195855752,0.0564399195855753,0.0088));
#4018=CARTESIAN_POINT('',(-0.0553792594137954,0.0575005797573551,0.0088));
#4019=CARTESIAN_POINT('',(-0.00626921906669101,0.00626921906669103,0.0088));
#4020=CARTESIAN_POINT('',(0.0408929888282828,0.0446181492291748,0.0088));
#4021=CARTESIAN_POINT('',(0.0408929888282828,0.0446181492291748,0.0088));
#4022=CARTESIAN_POINT('',(0.0547021648390543,0.0584273252399463,0.0088));
#4023=CARTESIAN_POINT('',(0.0547021648390543,0.0584273252399463,0.0088));
#4024=CARTESIAN_POINT('',(0.0564399195855753,0.0564399195855752,0.0088));
#4025=CARTESIAN_POINT('',(0.0564399195855753,0.0564399195855752,0.0088));
#4026=CARTESIAN_POINT('',(0.0584273252399463,0.0547021648390543,0.0088));
#4027=CARTESIAN_POINT('',(0.0584273252399463,0.0547021648390543,0.0088));
#4028=CARTESIAN_POINT('',(0.0446181492291748,0.0408929888282828,0.0088));
#4029=CARTESIAN_POINT('',(0.0446181492291748,0.0408929888282828,0.0088));
#4030=CARTESIAN_POINT('',(0.0564399195855752,0.0564399195855752,0.0088));
#4031=CARTESIAN_POINT('',(0.0564399195855752,0.0564399195855752,0.0088));
#4032=CARTESIAN_POINT('',(0.057500579757355,0.0553792594137954,0.0088));
#4033=CARTESIAN_POINT('',(0.00626921906669102,0.00626921906669103,0.0088));
#4034=CARTESIAN_POINT('',(0.0446181492291748,-0.0408929888282828,0.0088));
#4035=CARTESIAN_POINT('',(0.0446181492291748,-0.0408929888282828,0.0088));
#4036=CARTESIAN_POINT('',(0.0584273252399463,-0.0547021648390543,0.0088));
#4037=CARTESIAN_POINT('',(0.0584273252399463,-0.0547021648390543,0.0088));
#4038=CARTESIAN_POINT('',(0.0564399195855752,-0.0564399195855753,0.0088));
#4039=CARTESIAN_POINT('',(0.0564399195855752,-0.0564399195855753,0.0088));
#4040=CARTESIAN_POINT('',(0.0547021648390543,-0.0584273252399463,0.0088));
#4041=CARTESIAN_POINT('',(0.0547021648390543,-0.0584273252399463,0.0088));
#4042=CARTESIAN_POINT('',(0.0408929888282828,-0.0446181492291748,0.0088));
#4043=CARTESIAN_POINT('',(0.0408929888282828,-0.0446181492291748,0.0088));
#4044=CARTESIAN_POINT('',(0.0564399195855752,-0.0564399195855752,0.0088));
#4045=CARTESIAN_POINT('',(0.0564399195855752,-0.0564399195855752,0.0088));
#4046=CARTESIAN_POINT('',(0.0553792594137954,-0.057500579757355,0.0088));
#4047=CARTESIAN_POINT('',(0.00626921906669102,-0.00626921906669101,0.0088));
#4048=MECHANICAL_DESIGN_GEOMETRIC_PRESENTATION_REPRESENTATION('',(#2411),
#4050);
#4049=MECHANICAL_DESIGN_GEOMETRIC_PRESENTATION_REPRESENTATION('',(#2412),
#4051);
#4050=(
GEOMETRIC_REPRESENTATION_CONTEXT(3)
GLOBAL_UNCERTAINTY_ASSIGNED_CONTEXT((#4052))
GLOBAL_UNIT_ASSIGNED_CONTEXT((#4058,#4056,#4054))
REPRESENTATION_CONTEXT('Part 1','TOP_LEVEL_ASSEMBLY_PART')
);
#4051=(
GEOMETRIC_REPRESENTATION_CONTEXT(3)
GLOBAL_UNCERTAINTY_ASSIGNED_CONTEXT((#4053))
GLOBAL_UNIT_ASSIGNED_CONTEXT((#4059,#4057,#4055))
REPRESENTATION_CONTEXT('Part 1','TOP_LEVEL_ASSEMBLY_PART')
);
#4052=UNCERTAINTY_MEASURE_WITH_UNIT(LENGTH_MEASURE(1.E-8),#4058,
'DISTANCE_ACCURACY_VALUE','Maximum Tolerance applied to model');
#4053=UNCERTAINTY_MEASURE_WITH_UNIT(LENGTH_MEASURE(1.E-8),#4059,
'DISTANCE_ACCURACY_VALUE','Maximum Tolerance applied to model');
#4054=(
NAMED_UNIT(*)
SI_UNIT($,.STERADIAN.)
SOLID_ANGLE_UNIT()
);
#4055=(
NAMED_UNIT(*)
SI_UNIT($,.STERADIAN.)
SOLID_ANGLE_UNIT()
);
#4056=(
NAMED_UNIT(*)
PLANE_ANGLE_UNIT()
SI_UNIT($,.RADIAN.)
);
#4057=(
NAMED_UNIT(*)
PLANE_ANGLE_UNIT()
SI_UNIT($,.RADIAN.)
);
#4058=(
LENGTH_UNIT()
NAMED_UNIT(*)
SI_UNIT($,.METRE.)
);
#4059=(
LENGTH_UNIT()
NAMED_UNIT(*)
SI_UNIT($,.METRE.)
);
#4060=PRODUCT_DEFINITION_SHAPE('','',#4062);
#4061=PRODUCT_DEFINITION_SHAPE('','',#4063);
#4062=PRODUCT_DEFINITION('','',#4066,#4064);
#4063=PRODUCT_DEFINITION('','',#4067,#4065);
#4064=PRODUCT_DEFINITION_CONTEXT('',#4078,'design');
#4065=PRODUCT_DEFINITION_CONTEXT('',#4079,'design');
#4066=PRODUCT_DEFINITION_FORMATION_WITH_SPECIFIED_SOURCE('','',#4070,
 .NOT_KNOWN.);
#4067=PRODUCT_DEFINITION_FORMATION_WITH_SPECIFIED_SOURCE('','',#4071,
 .NOT_KNOWN.);
#4068=PRODUCT_RELATED_PRODUCT_CATEGORY('','',(#4070));
#4069=PRODUCT_RELATED_PRODUCT_CATEGORY('','',(#4071));
#4070=PRODUCT('Part 1','Part 1','Part 1',(#4074));
#4071=PRODUCT('Part 1','Part 1','Part 1',(#4075));
#4072=PRODUCT_CATEGORY('','');
#4073=PRODUCT_CATEGORY('','');
#4074=PRODUCT_CONTEXT('',#4078,'mechanical');
#4075=PRODUCT_CONTEXT('',#4079,'mechanical');
#4076=APPLICATION_PROTOCOL_DEFINITION('international standard',
'ap242_managed_model_based_3d_engineering',2020,#4078);
#4077=APPLICATION_PROTOCOL_DEFINITION('international standard',
'ap242_managed_model_based_3d_engineering',2020,#4079);
#4078=APPLICATION_CONTEXT('managed model based 3d engineering');
#4079=APPLICATION_CONTEXT('managed model based 3d engineering');
ENDSEC;
END-ISO-10303-21;
