ISO-10303-21;
HEADER;
/* Generated by software containing ST-Developer
 * from STEP Tools, Inc. (www.steptools.com) 
 */
/* OPTION: using custom renumber hook */

FILE_DESCRIPTION(
/* description */ ('STEP AP242 Edition 2',
'CAx-IF Rec.Pracs.---Representation and Presentation of Product Manufa
cturing Information (PMI)---4.0---2014-10-13',
'CAx-IF Rec.Pracs.---3D Tessellated Geometry---0.4---2014-09-14','2;1',
'CAx-IF Rec.Pracs.---User Defined Attributes---1.5---2016-08-15'),
/* implementation_level */ '2;1');

FILE_NAME(
/* name */ 'GL 32 Bottle Cap STEP file',
/* time_stamp */ '2026-05-30T05:15:40Z',
/* author */ (''),
/* organization */ (''),
/* preprocessor_version */ 'ST-DEVELOPER v20',
/* originating_system */ 'ONSHAPE BY PTC INC, 1.215',
/* authorisation */ '  ');

FILE_SCHEMA (('AP242_MANAGED_MODEL_BASED_3D_ENGINEERING_MIM_LF { 1 0 10303 442 3 1 4 }'));
ENDSEC;

DATA;
#10=SHAPE_REPRESENTATION_RELATIONSHIP('','',#1888,#11);
#11=ADVANCED_BREP_SHAPE_REPRESENTATION('',(#1886),#7670);
#12=(
BOUNDED_CURVE()
B_SPLINE_CURVE(2,(#6777,#6778,#6779,#6780,#6781,#6782,#6783,#6784,#6785,
#6786,#6787,#6788,#6789,#6790,#6791,#6792,#6793,#6794,#6795,#6796,#6797,
#6798,#6799,#6800,#6801,#6802,#6803,#6804,#6805,#6806,#6807,#6808,#6809,
#6810,#6811,#6812,#6813,#6814,#6815,#6816,#6817,#6818,#6819,#6820,#6821,
#6822,#6823,#6824,#6825,#6826,#6827,#6828,#6829,#6830,#6831,#6832,#6833,
#6834,#6835,#6836,#6837,#6838,#6839,#6840,#6841,#6842,#6843,#6844,#6845,
#6846,#6847,#6848,#6849,#6850,#6851,#6852,#6853,#6854,#6855,#6856,#6857,
#6858,#6859,#6860,#6861,#6862,#6863,#6864,#6865,#6866,#6867),
 .UNSPECIFIED.,.F.,.F.)
B_SPLINE_CURVE_WITH_KNOTS((3,2,2,2,2,2,2,2,2,2,2,2,2,2,2,2,2,2,2,2,2,2,
2,2,2,2,2,2,2,2,2,2,2,2,2,2,2,2,2,2,2,2,2,2,2,3),(0.0028011237815916,0.0222247426149731,
0.0444469075555418,0.0666690724961107,0.0888912374366795,0.111113402377248,
0.133335567317817,0.155557732258386,0.177779897198955,0.200002062139523,
0.222224227080092,0.244446392020661,0.26666855696123,0.288890721901799,
0.311112886842367,0.333335051782936,0.355557216723505,0.377779381664074,
0.400001546604642,0.422223711545211,0.44444587648578,0.466668041426349,
0.488890206366918,0.511112371307486,0.533334536248055,0.555556701188624,
0.577778866129193,0.600001031069762,0.622223196010331,0.644445360950899,
0.666667525891468,0.688889690832037,0.711111855772606,0.733334020713174,
0.755556185653743,0.777778350594312,0.800000515534881,0.82222268047545,
0.844444845416018,0.866667010356587,0.888889175297156,0.911111340237725,
0.933333505178294,0.955555670118862,0.977777835059431,0.991826506977205),
 .UNSPECIFIED.)
CURVE()
GEOMETRIC_REPRESENTATION_ITEM()
RATIONAL_B_SPLINE_CURVE((0.992498550175895,0.970216953928944,1.,0.965925826289068,
1.,0.965925826289068,1.,0.965925826289068,1.,0.965925826289068,1.,0.965925826289068,
1.,0.965925826289068,1.,0.965925826289068,1.,0.965925826289068,1.,0.965925826289068,
1.,0.965925826289068,1.,0.965925826289068,1.,0.965925826289068,1.,0.965925826289068,
1.,0.965925826289068,1.,0.965925826289068,1.,0.965925826289068,1.,0.965925826289068,
1.,0.965925826289068,1.,0.965925826289068,1.,0.965925826289068,1.,0.965925826289068,
1.,0.965925826289068,1.,0.965925826289068,1.,0.965925826289068,1.,0.965925826289068,
1.,0.965925826289068,1.,0.965925826289068,1.,0.965925826289068,1.,0.965925826289068,
1.,0.965925826289068,1.,0.965925826289068,1.,0.965925826289068,1.,0.965925826289068,
1.,0.965925826289068,1.,0.965925826289068,1.,0.965925826289068,1.,0.965925826289068,
1.,0.965925826289068,1.,0.965925826289068,1.,0.965925826289068,1.,0.965925826289068,
1.,0.965925826289068,1.,0.965925826289068,1.,0.97845858454321,0.984153784349267))
REPRESENTATION_ITEM('')
);
#13=(
BOUNDED_CURVE()
B_SPLINE_CURVE(2,(#7018,#7019,#7020,#7021,#7022,#7023,#7024,#7025,#7026,
#7027,#7028,#7029,#7030,#7031,#7032,#7033,#7034,#7035,#7036,#7037,#7038,
#7039,#7040,#7041,#7042,#7043,#7044,#7045,#7046,#7047,#7048,#7049,#7050,
#7051,#7052,#7053,#7054,#7055,#7056,#7057,#7058,#7059,#7060,#7061,#7062,
#7063,#7064,#7065,#7066,#7067,#7068,#7069,#7070,#7071,#7072,#7073,#7074,
#7075,#7076,#7077,#7078,#7079,#7080,#7081,#7082,#7083,#7084,#7085,#7086,
#7087,#7088,#7089,#7090),.UNSPECIFIED.,.F.,.F.)
B_SPLINE_CURVE_WITH_KNOTS((3,2,2,2,2,2,2,2,2,2,2,2,2,2,2,2,2,2,2,2,2,2,
2,2,2,2,2,2,2,2,2,2,2,2,2,2,3),(0.0025897132386633,0.0222247460306008,0.0444469108935417,
0.0666690757564826,0.0888912406194235,0.111113405482364,0.133335570345305,
0.155557735208246,0.177779900071187,0.200002064934128,0.222224229797069,
0.24444639466001,0.266668559522951,0.288890724385891,0.311112889248833,
0.333335054111773,0.355557218974714,0.377779383837655,0.400001548700596,
0.422223713563537,0.444445878426478,0.466668043289419,0.48889020815236,
0.5111123730153,0.533334537878241,0.555556702741182,0.577778867604123,0.600001032467064,
0.622223197330005,0.644445362192946,0.666667527055887,0.688889691918828,
0.711111856781769,0.733334021644709,0.75555618650765,0.777778351370591,
0.787189095675043),.UNSPECIFIED.)
CURVE()
GEOMETRIC_REPRESENTATION_ITEM()
RATIONAL_B_SPLINE_CURVE((0.992989760932231,0.969892783971557,1.00000000000112,
0.965925826290147,1.00000000000112,0.965925826290147,1.00000000000112,0.965925826290147,
1.00000000000112,0.965925826290147,1.00000000000112,0.965925826290147,1.00000000000112,
0.965925826290147,1.00000000000112,0.965925826290147,1.00000000000112,0.965925826290147,
1.00000000000112,0.965925826290147,1.00000000000112,0.965925826290147,1.00000000000112,
0.965925826290147,1.00000000000112,0.965925826290147,1.00000000000112,0.965925826290147,
1.00000000000112,0.965925826290147,1.00000000000112,0.965925826290147,1.00000000000112,
0.965925826290147,1.00000000000112,0.965925826290147,1.00000000000112,0.965925826290147,
1.00000000000112,0.965925826290147,1.00000000000112,0.965925826290147,1.00000000000112,
0.965925826290147,1.00000000000112,0.965925826290147,1.00000000000112,0.965925826290147,
1.00000000000112,0.965925826290147,1.00000000000112,0.965925826290147,1.00000000000112,
0.965925826290147,1.00000000000112,0.965925826290147,1.00000000000112,0.965925826290147,
1.00000000000112,0.965925826290147,1.00000000000112,0.965925826290147,1.00000000000112,
0.965925826290147,1.00000000000112,0.965925826290147,1.00000000000112,0.965925826290147,
1.00000000000112,0.965925826290147,1.00000000000112,0.985570112627086,0.983361895036947))
REPRESENTATION_ITEM('')
);
#14=(
BOUNDED_SURFACE()
B_SPLINE_SURFACE(3,2,((#3257,#3258,#3259),(#3260,#3261,#3262),(#3263,#3264,
#3265),(#3266,#3267,#3268),(#3269,#3270,#3271),(#3272,#3273,#3274),(#3275,
#3276,#3277),(#3278,#3279,#3280),(#3281,#3282,#3283),(#3284,#3285,#3286),
(#3287,#3288,#3289),(#3290,#3291,#3292),(#3293,#3294,#3295),(#3296,#3297,
#3298),(#3299,#3300,#3301),(#3302,#3303,#3304),(#3305,#3306,#3307),(#3308,
#3309,#3310),(#3311,#3312,#3313),(#3314,#3315,#3316),(#3317,#3318,#3319),
(#3320,#3321,#3322),(#3323,#3324,#3325),(#3326,#3327,#3328),(#3329,#3330,
#3331),(#3332,#3333,#3334),(#3335,#3336,#3337),(#3338,#3339,#3340),(#3341,
#3342,#3343),(#3344,#3345,#3346),(#3347,#3348,#3349),(#3350,#3351,#3352),
(#3353,#3354,#3355),(#3356,#3357,#3358),(#3359,#3360,#3361),(#3362,#3363,
#3364),(#3365,#3366,#3367),(#3368,#3369,#3370),(#3371,#3372,#3373),(#3374,
#3375,#3376),(#3377,#3378,#3379),(#3380,#3381,#3382),(#3383,#3384,#3385),
(#3386,#3387,#3388),(#3389,#3390,#3391),(#3392,#3393,#3394),(#3395,#3396,
#3397),(#3398,#3399,#3400),(#3401,#3402,#3403),(#3404,#3405,#3406),(#3407,
#3408,#3409),(#3410,#3411,#3412),(#3413,#3414,#3415),(#3416,#3417,#3418),
(#3419,#3420,#3421),(#3422,#3423,#3424),(#3425,#3426,#3427),(#3428,#3429,
#3430),(#3431,#3432,#3433),(#3434,#3435,#3436),(#3437,#3438,#3439),(#3440,
#3441,#3442),(#3443,#3444,#3445),(#3446,#3447,#3448),(#3449,#3450,#3451),
(#3452,#3453,#3454),(#3455,#3456,#3457),(#3458,#3459,#3460),(#3461,#3462,
#3463),(#3464,#3465,#3466),(#3467,#3468,#3469),(#3470,#3471,#3472),(#3473,
#3474,#3475),(#3476,#3477,#3478),(#3479,#3480,#3481),(#3482,#3483,#3484),
(#3485,#3486,#3487),(#3488,#3489,#3490),(#3491,#3492,#3493),(#3494,#3495,
#3496),(#3497,#3498,#3499),(#3500,#3501,#3502),(#3503,#3504,#3505),(#3506,
#3507,#3508),(#3509,#3510,#3511),(#3512,#3513,#3514)),.UNSPECIFIED.,.F.,
 .F.,.F.)
B_SPLINE_SURFACE_WITH_KNOTS((4,2,2,2,2,2,2,2,2,2,2,2,2,2,2,2,2,2,2,2,2,
2,2,2,2,2,2,2,2,2,2,2,2,2,2,2,2,2,2,2,2,2,4),(3,3),(0.,0.00109245343807928,
0.00218490687615855,0.0043698137523171,0.00655472062847566,0.00764717406655494,
0.00873962750463421,0.0109245343807928,0.0131094412569513,0.0142018946950306,
0.0152943481331098,0.0174792550092684,0.0185717084473477,0.019664161885427,
0.0218490687615856,0.0240339756377441,0.0262188825139026,0.0284037893900612,
0.0294962428281404,0.0305886962662197,0.0327736031423783,0.0338660565804576,
0.0349585100185369,0.0371434168946954,0.0382358703327747,0.0393283237708539,
0.0415132306470125,0.043698137523171,0.0458830443993296,0.0480679512754882,
0.0491604047135675,0.0502528581516467,0.0524377650278053,0.0546226719039638,
0.0568075787801224,0.0579000322182017,0.0589924856562809,0.0611773925324395,
0.0622698459705188,0.0633622994085981,0.0655472062847566,0.0677321131609152,
0.0699170200370737),(0.,1.),.UNSPECIFIED.)
GEOMETRIC_REPRESENTATION_ITEM()
RATIONAL_B_SPLINE_SURFACE(((1.,0.259432316612031,1.),(1.,0.277334412446478,
1.),(1.,0.2933891480877,1.),(1.,0.323183940022692,1.),(1.,0.336917484081132,
1.),(1.,0.375703162529314,1.),(1.,0.398440670704556,1.),(1.,0.439324196580458,
1.),(1.,0.458079583038497,1.),(1.,0.484885484003216,1.),(1.,0.493564970812187,
1.),(1.,0.510480832486574,1.),(1.,0.518740927233338,1.),(1.,0.542772128484091,
1.),(1.,0.557629836685714,1.),(1.,0.585541181418124,1.),(1.,0.598431890646429,
1.),(1.,0.617347922887731,1.),(1.,0.623609080499542,1.),(1.,0.635859551739747,
1.),(1.,0.641841224341827,1.),(1.,0.659388101955597,1.),(1.,0.670556386262589,
1.),(1.,0.686617604389948,1.),(1.,0.691855810623175,1.),(1.,0.702114953592859,
1.),(1.,0.707144857718669,1.),(1.,0.721687679882452,1.),(1.,0.730850016970306,
1.),(1.,0.748921235008168,1.),(1.,0.757715926676773,1.),(1.,0.774846149298371,
1.),(1.,0.782981426753544,1.),(1.,0.798443356662869,1.),(1.,0.805687985428422,
1.),(1.,0.816397434511897,1.),(1.,0.819961407767597,1.),(1.,0.826944945959835,
1.),(1.,0.830370313774285,1.),(1.,0.840453425779098,1.),(1.,0.846918336890471,
1.),(1.,0.856251602479353,1.),(1.,0.859301965966393,1.),(1.,0.865284395695955,
1.),(1.,0.868195572139215,1.),(1.,0.876629861539965,1.),(1.,0.881979541182594,
1.),(1.,0.889879294096232,1.),(1.,0.892477009245223,1.),(1.,0.89759993836118,
1.),(1.,0.90013559108053,1.),(1.,0.907528556029905,1.),(1.,0.912185288519081,
1.),(1.,0.921002604526962,1.),(1.,0.925111302003201,1.),(1.,0.933217190620284,
1.),(1.,0.937105593851057,1.),(1.,0.944504160035342,1.),(1.,0.948023349386127,
1.),(1.,0.953036423307788,1.),(1.,0.954668801757416,1.),(1.,0.957797108262736,
1.),(1.,0.959297944298976,1.),(1.,0.963622508840171,1.),(1.,0.966369467021343,
1.),(1.,0.971617278151205,1.),(1.,0.974122119950045,1.),(1.,0.9787019201691,
1.),(1.,0.980797384931388,1.),(1.,0.98366793330343,1.),(1.,0.984576266611123,
1.),(1.,0.98631797152355,1.),(1.,0.987163272065027,1.),(1.,0.989570523768899,
1.),(1.,0.991019252026197,1.),(1.,0.992954389992125,1.),(1.,0.993559781329616,
1.),(1.,0.994690637179744,1.),(1.,0.995217807965959,1.),(1.,0.99666610946899,
1.),(1.,0.997441383395558,1.),(1.,0.998693335735265,1.),(1.,0.999178569848662,
1.),(1.,0.999834360901718,1.),(1.,1.00000081762339,1.),(1.,1.,1.)))
REPRESENTATION_ITEM('')
SURFACE()
);
#15=(
BOUNDED_SURFACE()
B_SPLINE_SURFACE(3,2,((#3657,#3658,#3659),(#3660,#3661,#3662),(#3663,#3664,
#3665),(#3666,#3667,#3668),(#3669,#3670,#3671),(#3672,#3673,#3674),(#3675,
#3676,#3677),(#3678,#3679,#3680)),.UNSPECIFIED.,.F.,.F.,.F.)
B_SPLINE_SURFACE_WITH_KNOTS((4,2,2,4),(3,3),(0.00514609960186478,0.00566739886327592,
0.00618869812468705,0.00723128038235207),(0.,1.),.UNSPECIFIED.)
GEOMETRIC_REPRESENTATION_ITEM()
RATIONAL_B_SPLINE_SURFACE(((1.,0.726077628020737,1.),(1.,0.727776508002212,
1.),(1.,0.729053100605077,1.),(1.,0.730837324420918,1.),(1.,0.731303029031265,
1.),(1.,0.731519667345574,1.),(1.,0.730043375085953,1.),(1.,0.72722807181462,
1.)))
REPRESENTATION_ITEM('')
SURFACE()
);
#16=(
BOUNDED_SURFACE()
B_SPLINE_SURFACE(3,2,((#3735,#3736,#3737),(#3738,#3739,#3740),(#3741,#3742,
#3743),(#3744,#3745,#3746),(#3747,#3748,#3749),(#3750,#3751,#3752),(#3753,
#3754,#3755),(#3756,#3757,#3758)),.UNSPECIFIED.,.F.,.F.,.F.)
B_SPLINE_SURFACE_WITH_KNOTS((4,2,2,4),(3,3),(0.00514340133911355,0.005665646272684,
0.00618789120625446,0.007232367689926),(0.,1.),.UNSPECIFIED.)
GEOMETRIC_REPRESENTATION_ITEM()
RATIONAL_B_SPLINE_SURFACE(((1.,0.699224722984763,1.),(1.,0.70210183272127,
1.),(1.,0.7049269054414,1.),(1.,0.710519631077217,1.),(1.,0.713150325558319,
1.),(1.,0.720602947318876,1.),(1.,0.724669582947118,1.),(1.,0.727427824823148,
1.)))
REPRESENTATION_ITEM('')
SURFACE()
);
#17=(
BOUNDED_SURFACE()
B_SPLINE_SURFACE(3,2,((#3779,#3780,#3781),(#3782,#3783,#3784),(#3785,#3786,
#3787),(#3788,#3789,#3790),(#3791,#3792,#3793),(#3794,#3795,#3796),(#3797,
#3798,#3799),(#3800,#3801,#3802),(#3803,#3804,#3805),(#3806,#3807,#3808),
(#3809,#3810,#3811),(#3812,#3813,#3814),(#3815,#3816,#3817),(#3818,#3819,
#3820),(#3821,#3822,#3823),(#3824,#3825,#3826),(#3827,#3828,#3829),(#3830,
#3831,#3832),(#3833,#3834,#3835),(#3836,#3837,#3838),(#3839,#3840,#3841),
(#3842,#3843,#3844),(#3845,#3846,#3847),(#3848,#3849,#3850),(#3851,#3852,
#3853),(#3854,#3855,#3856),(#3857,#3858,#3859),(#3860,#3861,#3862),(#3863,
#3864,#3865),(#3866,#3867,#3868),(#3869,#3870,#3871),(#3872,#3873,#3874),
(#3875,#3876,#3877),(#3878,#3879,#3880),(#3881,#3882,#3883),(#3884,#3885,
#3886),(#3887,#3888,#3889),(#3890,#3891,#3892),(#3893,#3894,#3895),(#3896,
#3897,#3898),(#3899,#3900,#3901),(#3902,#3903,#3904),(#3905,#3906,#3907),
(#3908,#3909,#3910),(#3911,#3912,#3913),(#3914,#3915,#3916),(#3917,#3918,
#3919),(#3920,#3921,#3922),(#3923,#3924,#3925),(#3926,#3927,#3928),(#3929,
#3930,#3931),(#3932,#3933,#3934),(#3935,#3936,#3937),(#3938,#3939,#3940),
(#3941,#3942,#3943),(#3944,#3945,#3946),(#3947,#3948,#3949),(#3950,#3951,
#3952),(#3953,#3954,#3955),(#3956,#3957,#3958),(#3959,#3960,#3961),(#3962,
#3963,#3964),(#3965,#3966,#3967),(#3968,#3969,#3970),(#3971,#3972,#3973),
(#3974,#3975,#3976),(#3977,#3978,#3979),(#3980,#3981,#3982),(#3983,#3984,
#3985),(#3986,#3987,#3988),(#3989,#3990,#3991),(#3992,#3993,#3994),(#3995,
#3996,#3997),(#3998,#3999,#4000),(#4001,#4002,#4003),(#4004,#4005,#4006),
(#4007,#4008,#4009),(#4010,#4011,#4012),(#4013,#4014,#4015),(#4016,#4017,
#4018),(#4019,#4020,#4021),(#4022,#4023,#4024),(#4025,#4026,#4027),(#4028,
#4029,#4030),(#4031,#4032,#4033),(#4034,#4035,#4036),(#4037,#4038,#4039),
(#4040,#4041,#4042),(#4043,#4044,#4045),(#4046,#4047,#4048),(#4049,#4050,
#4051),(#4052,#4053,#4054),(#4055,#4056,#4057),(#4058,#4059,#4060),(#4061,
#4062,#4063),(#4064,#4065,#4066),(#4067,#4068,#4069),(#4070,#4071,#4072),
(#4073,#4074,#4075),(#4076,#4077,#4078),(#4079,#4080,#4081),(#4082,#4083,
#4084),(#4085,#4086,#4087),(#4088,#4089,#4090),(#4091,#4092,#4093),(#4094,
#4095,#4096),(#4097,#4098,#4099),(#4100,#4101,#4102),(#4103,#4104,#4105),
(#4106,#4107,#4108),(#4109,#4110,#4111),(#4112,#4113,#4114),(#4115,#4116,
#4117),(#4118,#4119,#4120),(#4121,#4122,#4123),(#4124,#4125,#4126),(#4127,
#4128,#4129),(#4130,#4131,#4132),(#4133,#4134,#4135),(#4136,#4137,#4138),
(#4139,#4140,#4141),(#4142,#4143,#4144),(#4145,#4146,#4147),(#4148,#4149,
#4150),(#4151,#4152,#4153),(#4154,#4155,#4156),(#4157,#4158,#4159),(#4160,
#4161,#4162),(#4163,#4164,#4165),(#4166,#4167,#4168),(#4169,#4170,#4171),
(#4172,#4173,#4174),(#4175,#4176,#4177),(#4178,#4179,#4180),(#4181,#4182,
#4183),(#4184,#4185,#4186),(#4187,#4188,#4189),(#4190,#4191,#4192),(#4193,
#4194,#4195),(#4196,#4197,#4198),(#4199,#4200,#4201),(#4202,#4203,#4204),
(#4205,#4206,#4207),(#4208,#4209,#4210),(#4211,#4212,#4213),(#4214,#4215,
#4216),(#4217,#4218,#4219),(#4220,#4221,#4222),(#4223,#4224,#4225),(#4226,
#4227,#4228),(#4229,#4230,#4231),(#4232,#4233,#4234),(#4235,#4236,#4237),
(#4238,#4239,#4240),(#4241,#4242,#4243),(#4244,#4245,#4246),(#4247,#4248,
#4249),(#4250,#4251,#4252),(#4253,#4254,#4255),(#4256,#4257,#4258),(#4259,
#4260,#4261),(#4262,#4263,#4264),(#4265,#4266,#4267),(#4268,#4269,#4270),
(#4271,#4272,#4273),(#4274,#4275,#4276),(#4277,#4278,#4279),(#4280,#4281,
#4282),(#4283,#4284,#4285),(#4286,#4287,#4288),(#4289,#4290,#4291),(#4292,
#4293,#4294),(#4295,#4296,#4297),(#4298,#4299,#4300),(#4301,#4302,#4303),
(#4304,#4305,#4306),(#4307,#4308,#4309),(#4310,#4311,#4312),(#4313,#4314,
#4315),(#4316,#4317,#4318),(#4319,#4320,#4321),(#4322,#4323,#4324),(#4325,
#4326,#4327),(#4328,#4329,#4330),(#4331,#4332,#4333),(#4334,#4335,#4336),
(#4337,#4338,#4339),(#4340,#4341,#4342),(#4343,#4344,#4345),(#4346,#4347,
#4348),(#4349,#4350,#4351),(#4352,#4353,#4354),(#4355,#4356,#4357),(#4358,
#4359,#4360),(#4361,#4362,#4363),(#4364,#4365,#4366),(#4367,#4368,#4369),
(#4370,#4371,#4372),(#4373,#4374,#4375),(#4376,#4377,#4378),(#4379,#4380,
#4381),(#4382,#4383,#4384),(#4385,#4386,#4387),(#4388,#4389,#4390),(#4391,
#4392,#4393),(#4394,#4395,#4396),(#4397,#4398,#4399),(#4400,#4401,#4402),
(#4403,#4404,#4405),(#4406,#4407,#4408),(#4409,#4410,#4411),(#4412,#4413,
#4414),(#4415,#4416,#4417),(#4418,#4419,#4420),(#4421,#4422,#4423),(#4424,
#4425,#4426),(#4427,#4428,#4429),(#4430,#4431,#4432),(#4433,#4434,#4435),
(#4436,#4437,#4438),(#4439,#4440,#4441),(#4442,#4443,#4444),(#4445,#4446,
#4447),(#4448,#4449,#4450),(#4451,#4452,#4453),(#4454,#4455,#4456),(#4457,
#4458,#4459),(#4460,#4461,#4462),(#4463,#4464,#4465),(#4466,#4467,#4468),
(#4469,#4470,#4471),(#4472,#4473,#4474),(#4475,#4476,#4477),(#4478,#4479,
#4480),(#4481,#4482,#4483),(#4484,#4485,#4486),(#4487,#4488,#4489),(#4490,
#4491,#4492),(#4493,#4494,#4495),(#4496,#4497,#4498),(#4499,#4500,#4501),
(#4502,#4503,#4504),(#4505,#4506,#4507),(#4508,#4509,#4510),(#4511,#4512,
#4513),(#4514,#4515,#4516),(#4517,#4518,#4519),(#4520,#4521,#4522),(#4523,
#4524,#4525),(#4526,#4527,#4528),(#4529,#4530,#4531),(#4532,#4533,#4534),
(#4535,#4536,#4537),(#4538,#4539,#4540),(#4541,#4542,#4543),(#4544,#4545,
#4546),(#4547,#4548,#4549),(#4550,#4551,#4552),(#4553,#4554,#4555),(#4556,
#4557,#4558),(#4559,#4560,#4561),(#4562,#4563,#4564),(#4565,#4566,#4567),
(#4568,#4569,#4570),(#4571,#4572,#4573),(#4574,#4575,#4576),(#4577,#4578,
#4579),(#4580,#4581,#4582),(#4583,#4584,#4585),(#4586,#4587,#4588),(#4589,
#4590,#4591),(#4592,#4593,#4594),(#4595,#4596,#4597),(#4598,#4599,#4600),
(#4601,#4602,#4603),(#4604,#4605,#4606),(#4607,#4608,#4609),(#4610,#4611,
#4612),(#4613,#4614,#4615),(#4616,#4617,#4618),(#4619,#4620,#4621),(#4622,
#4623,#4624),(#4625,#4626,#4627),(#4628,#4629,#4630),(#4631,#4632,#4633),
(#4634,#4635,#4636),(#4637,#4638,#4639),(#4640,#4641,#4642),(#4643,#4644,
#4645),(#4646,#4647,#4648),(#4649,#4650,#4651),(#4652,#4653,#4654),(#4655,
#4656,#4657),(#4658,#4659,#4660),(#4661,#4662,#4663),(#4664,#4665,#4666),
(#4667,#4668,#4669),(#4670,#4671,#4672),(#4673,#4674,#4675),(#4676,#4677,
#4678),(#4679,#4680,#4681),(#4682,#4683,#4684),(#4685,#4686,#4687),(#4688,
#4689,#4690),(#4691,#4692,#4693),(#4694,#4695,#4696),(#4697,#4698,#4699),
(#4700,#4701,#4702),(#4703,#4704,#4705),(#4706,#4707,#4708),(#4709,#4710,
#4711),(#4712,#4713,#4714),(#4715,#4716,#4717),(#4718,#4719,#4720),(#4721,
#4722,#4723),(#4724,#4725,#4726),(#4727,#4728,#4729),(#4730,#4731,#4732),
(#4733,#4734,#4735),(#4736,#4737,#4738),(#4739,#4740,#4741),(#4742,#4743,
#4744),(#4745,#4746,#4747),(#4748,#4749,#4750),(#4751,#4752,#4753),(#4754,
#4755,#4756),(#4757,#4758,#4759),(#4760,#4761,#4762),(#4763,#4764,#4765),
(#4766,#4767,#4768),(#4769,#4770,#4771),(#4772,#4773,#4774),(#4775,#4776,
#4777),(#4778,#4779,#4780),(#4781,#4782,#4783),(#4784,#4785,#4786),(#4787,
#4788,#4789),(#4790,#4791,#4792),(#4793,#4794,#4795),(#4796,#4797,#4798),
(#4799,#4800,#4801),(#4802,#4803,#4804),(#4805,#4806,#4807),(#4808,#4809,
#4810),(#4811,#4812,#4813),(#4814,#4815,#4816),(#4817,#4818,#4819),(#4820,
#4821,#4822),(#4823,#4824,#4825),(#4826,#4827,#4828),(#4829,#4830,#4831),
(#4832,#4833,#4834),(#4835,#4836,#4837),(#4838,#4839,#4840),(#4841,#4842,
#4843),(#4844,#4845,#4846),(#4847,#4848,#4849),(#4850,#4851,#4852),(#4853,
#4854,#4855),(#4856,#4857,#4858),(#4859,#4860,#4861),(#4862,#4863,#4864),
(#4865,#4866,#4867),(#4868,#4869,#4870),(#4871,#4872,#4873),(#4874,#4875,
#4876),(#4877,#4878,#4879),(#4880,#4881,#4882),(#4883,#4884,#4885),(#4886,
#4887,#4888),(#4889,#4890,#4891),(#4892,#4893,#4894),(#4895,#4896,#4897),
(#4898,#4899,#4900),(#4901,#4902,#4903),(#4904,#4905,#4906),(#4907,#4908,
#4909),(#4910,#4911,#4912),(#4913,#4914,#4915),(#4916,#4917,#4918),(#4919,
#4920,#4921),(#4922,#4923,#4924),(#4925,#4926,#4927),(#4928,#4929,#4930),
(#4931,#4932,#4933),(#4934,#4935,#4936),(#4937,#4938,#4939),(#4940,#4941,
#4942),(#4943,#4944,#4945),(#4946,#4947,#4948),(#4949,#4950,#4951),(#4952,
#4953,#4954),(#4955,#4956,#4957),(#4958,#4959,#4960),(#4961,#4962,#4963),
(#4964,#4965,#4966),(#4967,#4968,#4969),(#4970,#4971,#4972)),
 .UNSPECIFIED.,.F.,.F.,.F.)
B_SPLINE_SURFACE_WITH_KNOTS((4,2,2,2,2,2,2,2,2,2,2,2,2,2,2,2,2,2,2,2,2,
2,2,2,2,2,2,2,2,2,2,2,2,2,2,2,2,2,2,2,2,2,2,2,2,2,2,2,2,2,2,2,2,2,2,2,2,
2,2,2,2,2,2,2,2,2,2,2,2,2,2,2,2,2,2,2,2,2,2,2,2,2,2,2,2,2,2,2,2,2,2,2,2,
2,2,2,2,2,2,2,2,2,2,2,2,2,2,2,2,2,2,2,2,2,2,2,2,2,2,2,2,2,2,2,2,2,2,2,2,
2,2,2,2,2,2,2,2,2,2,2,2,2,2,2,2,2,2,2,2,2,2,2,2,2,2,2,2,2,2,2,2,2,2,2,2,
2,2,2,2,2,2,2,2,2,2,2,2,2,2,2,2,2,2,2,2,2,2,2,2,2,2,2,2,2,2,2,2,2,4),(3,
3),(0.00794098563082714,0.00937069674790819,0.0108004078649892,0.0122301189820703,
0.0136598300991513,0.0165192523333134,0.0179489634503944,0.0193786745674755,
0.0222380968016376,0.0236678079187187,0.0250975190357997,0.0265272301528807,
0.0279569412699618,0.0308163635041238,0.0322460746212049,0.033675785738286,
0.035105496855367,0.036535207972448,0.0393946302066101,0.0408243413236912,
0.0422540524407722,0.0451134746749343,0.0465431857920153,0.0479728969090964,
0.0494026080261774,0.0508323191432585,0.0536917413774206,0.0551214524945016,
0.0565511636115827,0.0594105858457447,0.0608402969628258,0.0622700080799068,
0.0636997191969879,0.0651294303140689,0.067988852548231,0.0708482747823931,
0.0722779858994741,0.0737076970165552,0.0765671192507173,0.0779968303677983,
0.0794265414848794,0.0822859637190415,0.0851453859532035,0.0880048081873656,
0.0894345193044467,0.0908642304215277,0.0922939415386088,0.0937236526556898,
0.0965830748898519,0.0980127860069329,0.099442497124014,0.102301919358176,
0.105161341592338,0.106591052709419,0.1080207638265,0.110880186060662,0.112309897177743,
0.113739608294824,0.115169319411905,0.116599030528986,0.118028741646068,
0.119458452763149,0.12088816388023,0.122317874997311,0.125177297231473,
0.126607008348554,0.128036719465635,0.129466430582716,0.130896141699797,
0.133755563933959,0.13518527505104,0.136614986168121,0.138044697285202,
0.139474408402283,0.142333830636445,0.143763541753526,0.145193252870607,
0.148052675104769,0.14948238622185,0.150912097338931,0.153771519573094,
0.155201230690174,0.156630941807256,0.158060652924337,0.159490364041418,
0.16234978627558,0.165209208509742,0.166638919626823,0.168068630743904,
0.170928052978066,0.172357764095147,0.173787475212229,0.175217186329309,
0.176646897446391,0.179506319680553,0.182365741914714,0.183795453031796,
0.185225164148876,0.188084586383038,0.190944008617201,0.193803430851363,
0.195233141968444,0.196662853085525,0.199522275319687,0.200951986436768,
0.202381697553849,0.20381140867093,0.205241119788011,0.208100542022174,
0.209530253139254,0.210959964256335,0.212389675373416,0.213819386490498,
0.215249097607578,0.216678808724659,0.218108519841741,0.219538230958821,
0.222397653192984,0.223827364310065,0.225257075427146,0.228116497661308,
0.23097591989547,0.232405631012551,0.233835342129632,0.236694764363794,
0.238124475480876,0.239554186597956,0.240983897715038,0.242413608832119,
0.245273031066281,0.246702742183361,0.248132453300443,0.250991875534605,
0.252421586651686,0.253851297768767,0.255281008885848,0.256710720002929,
0.259570142237091,0.260999853354172,0.262429564471253,0.265288986705415,
0.266718697822496,0.268148408939577,0.269578120056658,0.271007831173739,
0.273867253407901,0.275296964524982,0.276726675642063,0.279586097876225,
0.281015808993306,0.282445520110387,0.283875231227468,0.28530494234455,
0.288164364578712,0.289594075695793,0.291023786812874,0.293883209047036,
0.296742631281198,0.298172342398279,0.29960205351536,0.302461475749522,
0.303891186866603,0.305320897983685,0.306750609100766,0.308180320217847,
0.311039742452008,0.31246945356909,0.313899164686171,0.316758586920332,
0.318188298037414,0.319618009154495,0.321047720271576,0.322477431388657,
0.325336853622819,0.3267665647399,0.328196275856981,0.329625986974062,0.331055698091143,
0.333915120325306,0.335344831442387,0.336774542559467,0.33963396479363,
0.342493387027791,0.345352809261953,0.346782520379035,0.348212231496116,
0.349641942613197,0.351071653730278,0.35393107596444,0.356790498198602,
0.358220209315683,0.359649920432764,0.362509342666926,0.363939053784007,
0.365368764901088,0.36679847601817,0.36822818713525,0.371087609369412,0.373947031603575),
(0.,1.),.UNSPECIFIED.)
GEOMETRIC_REPRESENTATION_ITEM()
RATIONAL_B_SPLINE_SURFACE(((1.,0.793082005756088,1.),(1.,0.793282068048778,
1.),(1.,0.793275917759464,1.),(1.,0.793273447286989,1.),(1.,0.793272413766988,
1.),(1.,0.793270783123792,1.),(1.,0.793270185134037,1.),(1.,0.79326946811144,
1.),(1.,0.793269345329978,1.),(1.,0.793269672453228,1.),(1.,0.793270817929613,
1.),(1.,0.793273881150841,1.),(1.,0.793274801954063,1.),(1.,0.793272543439353,
1.),(1.,0.793271627632793,1.),(1.,0.793269560982266,1.),(1.,0.7932691215622,
1.),(1.,0.793269850248923,1.),(1.,0.793270323909323,1.),(1.,0.793271727855108,
1.),(1.,0.793272662551258,1.),(1.,0.793274961370476,1.),(1.,0.793273743738512,
1.),(1.,0.79327173564732,1.),(1.,0.793270947241584,1.),(1.,0.793269292913885,
1.),(1.,0.793269123009297,1.),(1.,0.793270252762003,1.),(1.,0.793270860130584,
1.),(1.,0.7932725339848,1.),(1.,0.7932736008912,1.),(1.,0.793276140135554,
1.),(1.,0.793272793331815,1.),(1.,0.793271038486147,1.),(1.,0.793270390126826,
1.),(1.,0.793269143815646,1.),(1.,0.79326923959037,1.),(1.,0.793270773380719,
1.),(1.,0.793271521467231,1.),(1.,0.793273455204628,1.),(1.,0.793275302689071,
1.),(1.,0.793271781652977,1.),(1.,0.793270270407704,1.),(1.,0.793269395993182,
1.),(1.,0.79326933875731,1.),(1.,0.793269700839777,1.),(1.,0.793270118056777,
1.),(1.,0.793271416290239,1.),(1.,0.793272297846554,1.),(1.,0.793274471024411,
1.),(1.,0.793274214672156,1.),(1.,0.793271060514097,1.),(1.,0.793269802024863,
1.),(1.,0.79326933667832,1.),(1.,0.79326941984065,1.),(1.,0.793270056664544,
1.),(1.,0.793270613532606,1.),(1.,0.793272956474536,1.),(1.,0.79327416128922,
1.),(1.,0.793271375577675,1.),(1.,0.793270661298074,1.),(1.,0.793269689235186,
1.),(1.,0.793269433142403,1.),(1.,0.793269400460642,1.),(1.,0.79326962111337,
1.),(1.,0.79327053292494,1.),(1.,0.793271224940597,1.),(1.,0.793273941569577,
1.),(1.,0.793273159880743,1.),(1.,0.793269942524163,1.),(1.,0.793269219478596,
1.),(1.,0.793269584603935,1.),(1.,0.793269945505797,1.),(1.,0.793271126679373,
1.),(1.,0.79327194367223,1.),(1.,0.793275025769898,1.),(1.,0.793272260840201,
1.),(1.,0.793270227600634,1.),(1.,0.793269774651767,1.),(1.,0.793269348201352,
1.),(1.,0.793269370085219,1.),(1.,0.793270127031801,1.),(1.,0.793271553558268,
1.),(1.,0.793276175879683,1.),(1.,0.793271462131355,1.),(1.,0.793269275855753,
1.),(1.,0.793269128424184,1.),(1.,0.793270284378592,1.),(1.,0.793270899255484,
1.),(1.,0.79327258131684,1.),(1.,0.79327365416511,1.),(1.,0.793276209289147,
1.),(1.,0.793272743987618,1.),(1.,0.793271006508726,1.),(1.,0.79327036020698,
1.),(1.,0.79326913537739,1.),(1.,0.793269254349449,1.),(1.,0.79327081001333,
1.),(1.,0.793271558120468,1.),(1.,0.793273509034786,1.),(1.,0.793275225425826,
1.),(1.,0.793271699479777,1.),(1.,0.7932702006022,1.),(1.,0.793269110925652,
1.),(1.,0.793269495197123,1.),(1.,0.79327145416197,1.),(1.,0.793272344256622,
1.),(1.,0.793274540931316,1.),(1.,0.793274143553261,1.),(1.,0.793271012393298,
1.),(1.,0.793269778875211,1.),(1.,0.793269337588342,1.),(1.,0.79326942787991,
1.),(1.,0.79327008002084,1.),(1.,0.793270640810056,1.),(1.,0.793272221344263,
1.),(1.,0.793273236374058,1.),(1.,0.793275664897924,1.),(1.,0.793273167246173,
1.),(1.,0.793271328826307,1.),(1.,0.793270625328522,1.),(1.,0.793269673360869,
1.),(1.,0.793269425053652,1.),(1.,0.79326940735344,1.),(1.,0.793269636251608,
1.),(1.,0.793270561581795,1.),(1.,0.793271262297156,1.),(1.,0.793274012840537,
1.),(1.,0.793273092411836,1.),(1.,0.793270710457157,1.),(1.,0.793270135187888,
1.),(1.,0.793269448436767,1.),(1.,0.793269339612133,1.),(1.,0.793269598433877,
1.),(1.,0.793269964290343,1.),(1.,0.793271163473453,1.),(1.,0.79327199322545,
1.),(1.,0.793275107259051,1.),(1.,0.793272203364941,1.),(1.,0.793270201988936,
1.),(1.,0.793269757017341,1.),(1.,0.793269344201006,1.),(1.,0.793269375302685,
1.),(1.,0.793269909632089,1.),(1.,0.793270416461639,1.),(1.,0.793271876559835,
1.),(1.,0.793272828307089,1.),(1.,0.79327629837222,1.),(1.,0.793271418751933,
1.),(1.,0.793269805796324,1.),(1.,0.793269499541397,1.),(1.,0.793269362468869,
1.),(1.,0.793269528293786,1.),(1.,0.793270712082827,1.),(1.,0.793272418004247,
1.),(1.,0.7932762781436,1.),(1.,0.793272694073781,1.),(1.,0.793270972581967,
1.),(1.,0.793270333263494,1.),(1.,0.793269126981391,1.),(1.,0.793269269156367,
1.),(1.,0.793270849429445,1.),(1.,0.793271604066531,1.),(1.,0.793273560361575,
1.),(1.,0.793275162130123,1.),(1.,0.793272823797441,1.),(1.,0.793271867527828,
1.),(1.,0.793270406441167,1.),(1.,0.79326990483302,1.),(1.,0.793269111751591,
1.),(1.,0.793269519168647,1.),(1.,0.793272156600459,1.),(1.,0.793275112878722,
1.),(1.,0.793271980959644,1.),(1.,0.793271150869735,1.),(1.,0.793269959652309,
1.),(1.,0.793269598403022,1.),(1.,0.793269211882011,1.),(1.,0.793269883870232,
1.),(1.,0.793272263934182,1.),(1.,0.793273290531627,1.),(1.,0.793275753910612,
1.),(1.,0.793273084210601,1.),(1.,0.793271248708396,1.),(1.,0.793270553927301,
1.),(1.,0.793269636792902,1.),(1.,0.793269410577205,1.),(1.,0.793269427006112,
1.),(1.,0.793270366946514,1.),(1.,0.793274081360001,1.),(1.,0.793273024971357,
1.),(1.,0.793270672374708,1.),(1.,0.793270107881051,1.),(1.,0.793269440236768,
1.),(1.,0.793269338509099,1.),(1.,0.793269749067024,1.),(1.,0.793270965222726,
1.),(1.,0.793275153798289,1.),(1.,0.793272118183471,1.),(1.,0.793269497973904,
1.),(1.,0.793269111525118,1.),(1.,0.793269923884538,1.),(1.,0.793270426681706,
1.),(1.,0.793271897492501,1.),(1.,0.79327286321171,1.),(1.,0.793276361620577,
1.),(1.,0.793271386712564,1.),(1.,0.793269797616789,1.),(1.,0.793269493980292,
1.),(1.,0.793269364399576,1.),(1.,0.793269537683046,1.),(1.,0.793270352936464,
1.),(1.,0.793270998840702,1.),(1.,0.793272729847389,1.),(1.,0.793276236984267,
1.),(1.,0.793272436410907,1.),(1.,0.793270718779728,1.),(1.,0.793269524706425,
1.),(1.,0.793269359437323,1.),(1.,0.79326950690721,1.),(1.,0.793269817372233,
1.),(1.,0.793270906855752,1.),(1.,0.793271684803745,1.),(1.,0.793273660780722,
1.),(1.,0.793275069706236,1.),(1.,0.793272774839446,1.),(1.,0.793271834139913,
1.),(1.,0.793270394723928,1.),(1.,0.793269895403023,1.),(1.,0.793269371044971,
1.),(1.,0.793269346364981,1.),(1.,0.793269769623798,1.),(1.,0.793270220796602,
1.),(1.,0.793272252530092,1.),(1.,0.793275032953658,1.),(1.,0.793271951135177,
1.),(1.,0.793271134035672,1.),(1.,0.793269951396708,1.),(1.,0.793269588777616,
1.),(1.,0.793269217429233,1.),(1.,0.793269908992635,1.),(1.,0.793273085439652,
1.),(1.,0.793273972076611,1.),(1.,0.793271233249397,1.),(1.,0.793270540234538,
1.),(1.,0.793269625248943,1.),(1.,0.79326940454576,1.),(1.,0.79326944013933,
1.),(1.,0.793270394212506,1.),(1.,0.793273171872461,1.),(1.,0.793275632831123,
1.),(1.,0.793273195173886,1.),(1.,0.793272187441962,1.),(1.,0.793270620290881,
1.),(1.,0.793270063004113,1.),(1.,0.79326942421998,1.),(1.,0.793269338988671,
1.),(1.,0.793269777109257,1.),(1.,0.793270994381662,1.),(1.,0.793274173582305,
1.),(1.,0.793274496505664,1.),(1.,0.793272307485009,1.),(1.,0.793271425174282,
1.),(1.,0.793269474287084,1.),(1.,0.793269110339453,1.),(1.,0.793269949507747,
1.),(1.,0.793270460102725,1.),(1.,0.793271939796745,1.),(1.,0.793272913981371,
1.),(1.,0.793275279390355,1.),(1.,0.793273468216973,1.),(1.,0.793271529659876,
1.),(1.,0.793270780030531,1.),(1.,0.793269240854047,1.),(1.,0.79326914324541,
1.),(1.,0.793270384874771,1.),(1.,0.793271030102747,1.),(1.,0.793272782514454,
1.),(1.,0.793276156413156,1.),(1.,0.793272371939181,1.),(1.,0.793270677862797,
1.),(1.,0.793269513401356,1.),(1.,0.793269355417603,1.),(1.,0.793269518476712,
1.),(1.,0.793269837225262,1.),(1.,0.793270939789984,1.),(1.,0.793271728016517,
1.),(1.,0.793273727038681,1.),(1.,0.793274991343121,1.),(1.,0.793271572547574,
1.),(1.,0.793270129327503,1.),(1.,0.793269366882006,1.),(1.,0.793269349285851,
1.),(1.,0.793269788098578,1.),(1.,0.793270243357759,1.),(1.,0.793272306432939,
1.),(1.,0.793274950842126,1.),(1.,0.793271897897459,1.),(1.,0.793271091940482,
1.),(1.,0.793269930334846,1.),(1.,0.793269574643834,1.),(1.,0.793269342441977,
1.),(1.,0.793269463903758,1.),(1.,0.793270177635789,1.),(1.,0.793270773717428,
1.),(1.,0.793273219322112,1.),(1.,0.793273874754599,1.),(1.,0.793271190447703,
1.),(1.,0.793270510809981,1.),(1.,0.79326961152714,1.),(1.,0.793269395257052,
1.),(1.,0.793269462068382,1.),(1.,0.793270475286816,1.),(1.,0.793274231152729,
1.),(1.,0.793272901006183,1.),(1.,0.793270590861501,1.),(1.,0.793270039276295,
1.),(1.,0.79326941440841,1.),(1.,0.793269338601387,1.),(1.,0.793269805653797,
1.),(1.,0.793271043107069,1.),(1.,0.793274228114551,1.),(1.,0.79327443554311,
1.),(1.,0.793272259909761,1.),(1.,0.79327138808548,1.),(1.,0.793270100786476,
1.),(1.,0.793269689385823,1.),(1.,0.793269339320569,1.),(1.,0.793269398277626,
1.),(1.,0.793270265683849,1.),(1.,0.793271770262098,1.),(1.,0.793275345379914,
1.),(1.,0.793273412467537,1.),(1.,0.793271490519512,1.),(1.,0.793270746796247,
1.),(1.,0.793269225869385,1.),(1.,0.793269151562233,1.),(1.,0.79327041848179,
1.),(1.,0.793271070546178,1.),(1.,0.793272829026284,1.),(1.,0.793276081047586,
1.),(1.,0.793273554553115,1.),(1.,0.793272499174918,1.),(1.,0.793270833151213,
1.),(1.,0.793270227393698,1.),(1.,0.793269117536051,1.),(1.,0.79326930905886,
1.),(1.,0.793270977529745,1.),(1.,0.793271766150396,1.),(1.,0.793273791202984,
1.),(1.,0.793274907039881,1.),(1.,0.793272625068634,1.),(1.,0.793271692982494,
1.),(1.,0.793270296041205,1.),(1.,0.793269829426073,1.),(1.,0.793269124761552,
1.),(1.,0.793269581871743,1.),(1.,0.79327165685135,1.),(1.,0.793272584413486,
1.),(1.,0.793274844463369,1.),(1.,0.793273861524107,1.),(1.,0.793270834532889,
1.),(1.,0.793269670655853,1.),(1.,0.793269235824702,1.),(1.,0.793269977393186,
1.),(1.,0.793273284026879,1.),(1.,0.793273800073293,1.),(1.,0.793271145986904,
1.),(1.,0.7932704775107,1.),(1.,0.793269598314815,1.),(1.,0.793269388694343,
1.),(1.,0.79326944896049,1.),(1.,0.793269716223388,1.),(1.,0.793270718770526,
1.),(1.,0.793271456996316,1.),(1.,0.793274307622777,1.),(1.,0.793272835070377,
1.),(1.,0.793269798044668,1.),(1.,0.793269169315101,1.),(1.,0.793269673754307,
1.),(1.,0.793270079816575,1.),(1.,0.793271353695361,1.),(1.,0.793272216193786,
1.),(1.,0.793275428401254,1.),(1.,0.793271974272341,1.),(1.,0.793270079043179,
1.),(1.,0.793269671793763,1.),(1.,0.793269337258906,1.),(1.,0.793269406975468,
1.),(1.,0.793270019212715,1.),(1.,0.793270564467807,1.),(1.,0.793272094235625,
1.),(1.,0.793273079228564,1.),(1.,0.793276646822546,1.),(1.,0.79327121765514,
1.),(1.,0.79326921307549,1.),(1.,0.793269158549385,1.),(1.,0.793270022662754,
1.)))
REPRESENTATION_ITEM('')
SURFACE()
);
#18=(
BOUNDED_SURFACE()
B_SPLINE_SURFACE(3,2,((#5347,#5348,#5349),(#5350,#5351,#5352),(#5353,#5354,
#5355),(#5356,#5357,#5358),(#5359,#5360,#5361),(#5362,#5363,#5364),(#5365,
#5366,#5367),(#5368,#5369,#5370),(#5371,#5372,#5373),(#5374,#5375,#5376),
(#5377,#5378,#5379),(#5380,#5381,#5382),(#5383,#5384,#5385),(#5386,#5387,
#5388),(#5389,#5390,#5391),(#5392,#5393,#5394),(#5395,#5396,#5397),(#5398,
#5399,#5400),(#5401,#5402,#5403),(#5404,#5405,#5406),(#5407,#5408,#5409),
(#5410,#5411,#5412),(#5413,#5414,#5415),(#5416,#5417,#5418),(#5419,#5420,
#5421),(#5422,#5423,#5424),(#5425,#5426,#5427),(#5428,#5429,#5430),(#5431,
#5432,#5433),(#5434,#5435,#5436),(#5437,#5438,#5439),(#5440,#5441,#5442),
(#5443,#5444,#5445),(#5446,#5447,#5448),(#5449,#5450,#5451),(#5452,#5453,
#5454),(#5455,#5456,#5457),(#5458,#5459,#5460),(#5461,#5462,#5463),(#5464,
#5465,#5466),(#5467,#5468,#5469),(#5470,#5471,#5472),(#5473,#5474,#5475),
(#5476,#5477,#5478),(#5479,#5480,#5481),(#5482,#5483,#5484),(#5485,#5486,
#5487),(#5488,#5489,#5490),(#5491,#5492,#5493),(#5494,#5495,#5496),(#5497,
#5498,#5499),(#5500,#5501,#5502),(#5503,#5504,#5505),(#5506,#5507,#5508),
(#5509,#5510,#5511),(#5512,#5513,#5514),(#5515,#5516,#5517),(#5518,#5519,
#5520),(#5521,#5522,#5523),(#5524,#5525,#5526),(#5527,#5528,#5529),(#5530,
#5531,#5532),(#5533,#5534,#5535),(#5536,#5537,#5538),(#5539,#5540,#5541),
(#5542,#5543,#5544),(#5545,#5546,#5547),(#5548,#5549,#5550),(#5551,#5552,
#5553),(#5554,#5555,#5556),(#5557,#5558,#5559),(#5560,#5561,#5562),(#5563,
#5564,#5565),(#5566,#5567,#5568),(#5569,#5570,#5571),(#5572,#5573,#5574),
(#5575,#5576,#5577),(#5578,#5579,#5580),(#5581,#5582,#5583),(#5584,#5585,
#5586),(#5587,#5588,#5589),(#5590,#5591,#5592),(#5593,#5594,#5595),(#5596,
#5597,#5598),(#5599,#5600,#5601),(#5602,#5603,#5604),(#5605,#5606,#5607),
(#5608,#5609,#5610),(#5611,#5612,#5613),(#5614,#5615,#5616),(#5617,#5618,
#5619),(#5620,#5621,#5622),(#5623,#5624,#5625),(#5626,#5627,#5628),(#5629,
#5630,#5631),(#5632,#5633,#5634),(#5635,#5636,#5637),(#5638,#5639,#5640),
(#5641,#5642,#5643),(#5644,#5645,#5646),(#5647,#5648,#5649),(#5650,#5651,
#5652),(#5653,#5654,#5655),(#5656,#5657,#5658),(#5659,#5660,#5661),(#5662,
#5663,#5664),(#5665,#5666,#5667),(#5668,#5669,#5670),(#5671,#5672,#5673),
(#5674,#5675,#5676),(#5677,#5678,#5679),(#5680,#5681,#5682),(#5683,#5684,
#5685),(#5686,#5687,#5688),(#5689,#5690,#5691),(#5692,#5693,#5694),(#5695,
#5696,#5697),(#5698,#5699,#5700),(#5701,#5702,#5703),(#5704,#5705,#5706),
(#5707,#5708,#5709),(#5710,#5711,#5712),(#5713,#5714,#5715),(#5716,#5717,
#5718),(#5719,#5720,#5721),(#5722,#5723,#5724),(#5725,#5726,#5727),(#5728,
#5729,#5730),(#5731,#5732,#5733),(#5734,#5735,#5736),(#5737,#5738,#5739),
(#5740,#5741,#5742),(#5743,#5744,#5745),(#5746,#5747,#5748),(#5749,#5750,
#5751),(#5752,#5753,#5754),(#5755,#5756,#5757),(#5758,#5759,#5760),(#5761,
#5762,#5763),(#5764,#5765,#5766),(#5767,#5768,#5769),(#5770,#5771,#5772),
(#5773,#5774,#5775),(#5776,#5777,#5778),(#5779,#5780,#5781),(#5782,#5783,
#5784),(#5785,#5786,#5787),(#5788,#5789,#5790),(#5791,#5792,#5793),(#5794,
#5795,#5796),(#5797,#5798,#5799),(#5800,#5801,#5802),(#5803,#5804,#5805),
(#5806,#5807,#5808),(#5809,#5810,#5811),(#5812,#5813,#5814),(#5815,#5816,
#5817),(#5818,#5819,#5820),(#5821,#5822,#5823),(#5824,#5825,#5826),(#5827,
#5828,#5829),(#5830,#5831,#5832),(#5833,#5834,#5835),(#5836,#5837,#5838),
(#5839,#5840,#5841),(#5842,#5843,#5844),(#5845,#5846,#5847),(#5848,#5849,
#5850),(#5851,#5852,#5853),(#5854,#5855,#5856),(#5857,#5858,#5859),(#5860,
#5861,#5862),(#5863,#5864,#5865),(#5866,#5867,#5868),(#5869,#5870,#5871),
(#5872,#5873,#5874),(#5875,#5876,#5877),(#5878,#5879,#5880),(#5881,#5882,
#5883),(#5884,#5885,#5886),(#5887,#5888,#5889),(#5890,#5891,#5892),(#5893,
#5894,#5895),(#5896,#5897,#5898),(#5899,#5900,#5901),(#5902,#5903,#5904),
(#5905,#5906,#5907),(#5908,#5909,#5910),(#5911,#5912,#5913),(#5914,#5915,
#5916),(#5917,#5918,#5919),(#5920,#5921,#5922),(#5923,#5924,#5925),(#5926,
#5927,#5928),(#5929,#5930,#5931),(#5932,#5933,#5934),(#5935,#5936,#5937),
(#5938,#5939,#5940),(#5941,#5942,#5943),(#5944,#5945,#5946),(#5947,#5948,
#5949),(#5950,#5951,#5952),(#5953,#5954,#5955),(#5956,#5957,#5958),(#5959,
#5960,#5961),(#5962,#5963,#5964),(#5965,#5966,#5967),(#5968,#5969,#5970),
(#5971,#5972,#5973),(#5974,#5975,#5976),(#5977,#5978,#5979),(#5980,#5981,
#5982),(#5983,#5984,#5985),(#5986,#5987,#5988),(#5989,#5990,#5991),(#5992,
#5993,#5994),(#5995,#5996,#5997),(#5998,#5999,#6000),(#6001,#6002,#6003),
(#6004,#6005,#6006),(#6007,#6008,#6009),(#6010,#6011,#6012),(#6013,#6014,
#6015),(#6016,#6017,#6018),(#6019,#6020,#6021),(#6022,#6023,#6024),(#6025,
#6026,#6027),(#6028,#6029,#6030),(#6031,#6032,#6033),(#6034,#6035,#6036),
(#6037,#6038,#6039),(#6040,#6041,#6042),(#6043,#6044,#6045),(#6046,#6047,
#6048),(#6049,#6050,#6051),(#6052,#6053,#6054),(#6055,#6056,#6057),(#6058,
#6059,#6060),(#6061,#6062,#6063),(#6064,#6065,#6066),(#6067,#6068,#6069),
(#6070,#6071,#6072),(#6073,#6074,#6075),(#6076,#6077,#6078),(#6079,#6080,
#6081),(#6082,#6083,#6084),(#6085,#6086,#6087),(#6088,#6089,#6090),(#6091,
#6092,#6093),(#6094,#6095,#6096),(#6097,#6098,#6099),(#6100,#6101,#6102),
(#6103,#6104,#6105),(#6106,#6107,#6108),(#6109,#6110,#6111),(#6112,#6113,
#6114),(#6115,#6116,#6117),(#6118,#6119,#6120),(#6121,#6122,#6123),(#6124,
#6125,#6126),(#6127,#6128,#6129),(#6130,#6131,#6132),(#6133,#6134,#6135),
(#6136,#6137,#6138),(#6139,#6140,#6141),(#6142,#6143,#6144),(#6145,#6146,
#6147),(#6148,#6149,#6150),(#6151,#6152,#6153),(#6154,#6155,#6156),(#6157,
#6158,#6159),(#6160,#6161,#6162),(#6163,#6164,#6165),(#6166,#6167,#6168),
(#6169,#6170,#6171),(#6172,#6173,#6174),(#6175,#6176,#6177),(#6178,#6179,
#6180),(#6181,#6182,#6183),(#6184,#6185,#6186),(#6187,#6188,#6189),(#6190,
#6191,#6192),(#6193,#6194,#6195),(#6196,#6197,#6198),(#6199,#6200,#6201),
(#6202,#6203,#6204),(#6205,#6206,#6207),(#6208,#6209,#6210),(#6211,#6212,
#6213),(#6214,#6215,#6216),(#6217,#6218,#6219),(#6220,#6221,#6222),(#6223,
#6224,#6225),(#6226,#6227,#6228),(#6229,#6230,#6231),(#6232,#6233,#6234),
(#6235,#6236,#6237),(#6238,#6239,#6240),(#6241,#6242,#6243),(#6244,#6245,
#6246),(#6247,#6248,#6249),(#6250,#6251,#6252),(#6253,#6254,#6255),(#6256,
#6257,#6258),(#6259,#6260,#6261),(#6262,#6263,#6264),(#6265,#6266,#6267),
(#6268,#6269,#6270),(#6271,#6272,#6273),(#6274,#6275,#6276),(#6277,#6278,
#6279),(#6280,#6281,#6282),(#6283,#6284,#6285),(#6286,#6287,#6288),(#6289,
#6290,#6291),(#6292,#6293,#6294),(#6295,#6296,#6297),(#6298,#6299,#6300),
(#6301,#6302,#6303),(#6304,#6305,#6306),(#6307,#6308,#6309),(#6310,#6311,
#6312),(#6313,#6314,#6315),(#6316,#6317,#6318),(#6319,#6320,#6321),(#6322,
#6323,#6324)),.UNSPECIFIED.,.F.,.F.,.F.)
B_SPLINE_SURFACE_WITH_KNOTS((4,2,2,2,2,2,2,2,2,2,2,2,2,2,2,2,2,2,2,2,2,
2,2,2,2,2,2,2,2,2,2,2,2,2,2,2,2,2,2,2,2,2,2,2,2,2,2,2,2,2,2,2,2,2,2,2,2,
2,2,2,2,2,2,2,2,2,2,2,2,2,2,2,2,2,2,2,2,2,2,2,2,2,2,2,2,2,2,2,2,2,2,2,2,
2,2,2,2,2,2,2,2,2,2,2,2,2,2,2,2,2,2,2,2,2,2,2,2,2,2,2,2,2,2,2,2,2,2,2,2,
2,2,2,2,2,2,2,2,2,2,2,2,2,2,2,2,2,2,2,2,2,2,2,2,2,2,2,2,2,2,2,2,2,4),(3,
3),(0.00851750136027026,0.00964271059989102,0.0107679198395118,0.0118931290791326,
0.0130183383187533,0.0152687567979949,0.0163939660376156,0.0175191752772364,
0.0186443845168572,0.019769593756478,0.0220200122357195,0.024270430714961,
0.0253956399545818,0.0265208491942025,0.0287712676734441,0.0310216861526857,
0.0321468953923064,0.0332721046319271,0.034397313871548,0.0355225231111687,
0.0400233600696518,0.0411485693092725,0.0422737785488933,0.0445241970281349,
0.0467746155073764,0.0478998247469972,0.0490250339866179,0.053525870945101,
0.0557762894243425,0.0569014986639633,0.0580267079035841,0.0602771263828256,
0.0625275448620671,0.0636527541016879,0.0647779633413087,0.0670283818205502,
0.0692788002997918,0.0715292187790333,0.0737796372582748,0.0760300557375164,
0.0782804742167579,0.0805308926959995,0.0816561019356202,0.082781311175241,
0.0850317296544825,0.0895325666129656,0.0906577758525864,0.0917829850922071,
0.0940334035714487,0.0962838220506902,0.097409031290311,0.0985342405299317,
0.100784659009173,0.103035077488415,0.105285495967656,0.106410705207277,
0.107535914446898,0.109786332926139,0.11091154216576,0.112036751405381,
0.113161960645002,0.114287169884622,0.116537588363864,0.118788006843106,
0.119913216082726,0.121038425322347,0.122163634561968,0.123288843801589,
0.12553926228083,0.126664471520451,0.127789680760072,0.128914889999692,
0.130040099239313,0.134540936197796,0.135666145437417,0.136791354677038,
0.137916563916659,0.139041773156279,0.141292191635521,0.142417400875142,
0.143542610114762,0.148043447073246,0.150293865552487,0.151419074792108,
0.152544284031729,0.15479470251097,0.157045120990212,0.158170330229832,
0.159295539469453,0.161545957948695,0.163796376427936,0.166046794907178,
0.170547631865661,0.171672841105281,0.172798050344903,0.175048468824144,
0.177298887303385,0.178424096543006,0.179549305782627,0.18405014274111,
0.186300561220351,0.187425770459972,0.188550979699593,0.190801398178835,
0.193051816658076,0.194177025897697,0.195302235137318,0.197552653616559,
0.199803072095801,0.202053490575042,0.204303909054284,0.206554327533525,
0.208804746012767,0.211055164492009,0.21330558297125,0.215556001450492,
0.217806419929733,0.220056838408974,0.222307256888217,0.224557675367458,
0.226808093846699,0.22793330308632,0.229058512325941,0.231308930805182,
0.233559349284424,0.235809767763665,0.236934977003287,0.238060186242907,
0.240310604722149,0.241435813961769,0.24256102320139,0.243686232441011,
0.244811441680631,0.247061860159873,0.249312278639115,0.250437487878735,
0.251562697118356,0.252687906357977,0.253813115597598,0.256063534076839,
0.25718874331646,0.258313952556081,0.259439161795701,0.260564371035323,
0.265065207993806,0.266190417233426,0.267315626473047,0.268440835712668,
0.269566044952289,0.27181646343153,0.272941672671151,0.274066881910771,
0.278567718869255,0.280818137348497,0.281943346588117,0.283068555827738,
0.28531897430698,0.287569392786221,0.288694602025842,0.289819811265462,
0.292070229744704,0.294320648223945,0.296571066703187),(0.,1.),
 .UNSPECIFIED.)
GEOMETRIC_REPRESENTATION_ITEM()
RATIONAL_B_SPLINE_SURFACE(((1.,0.793114288652839,1.),(1.,0.793254514976739,
1.),(1.,0.79327513681765,1.),(1.,0.793273274842964,1.),(1.,0.793272470331268,
1.),(1.,0.793271130417962,1.),(1.,0.793270593962596,1.),(1.,0.793269811725526,
1.),(1.,0.793269567276074,1.),(1.,0.793269268123437,1.),(1.,0.793269647608933,
1.),(1.,0.793271062945518,1.),(1.,0.79327167574966,1.),(1.,0.793273179660965,
1.),(1.,0.793275980374495,1.),(1.,0.79327396288939,1.),(1.,0.793273083544221,
1.),(1.,0.793271596775742,1.),(1.,0.793270988207509,1.),(1.,0.793269598936538,
1.),(1.,0.793269255410661,1.),(1.,0.793269714025212,1.),(1.,0.793270516225374,
1.),(1.,0.793272564500917,1.),(1.,0.793273390693763,1.),(1.,0.793275296748903,
1.),(1.,0.793273742851883,1.),(1.,0.793271306583896,1.),(1.,0.79327022482335,
1.),(1.,0.793269239562351,1.),(1.,0.793269323171342,1.),(1.,0.79327030576048,
1.),(1.,0.793270776156435,1.),(1.,0.793272001493918,1.),(1.,0.793272758800155,
1.),(1.,0.793274532397283,1.),(1.,0.793274452815703,1.),(1.,0.793272693382262,
1.),(1.,0.793271943556221,1.),(1.,0.793268911964509,1.),(1.,0.793268782721551,
1.),(1.,0.793271491379021,1.),(1.,0.793272179468406,1.),(1.,0.793273811908791,
1.),(1.,0.793275226933194,1.),(1.,0.793272410023653,1.),(1.,0.793271049376239,
1.),(1.,0.793269452272411,1.),(1.,0.793269221763343,1.),(1.,0.793269765650029,
1.),(1.,0.793270092899169,1.),(1.,0.793271035138553,1.),(1.,0.793271652004789,
1.),(1.,0.793275391293024,1.),(1.,0.793270340337411,1.),(1.,0.79326922041555,
1.),(1.,0.793269437082632,1.),(1.,0.793270632745524,1.),(1.,0.793271177912127,
1.),(1.,0.793272534929655,1.),(1.,0.793273347551276,1.),(1.,0.793276161334185,
1.),(1.,0.79327205784517,1.),(1.,0.793269886271198,1.),(1.,0.793269355506288,
1.),(1.,0.793269454539767,1.),(1.,0.793269634190049,1.),(1.,0.793270285072781,
1.),(1.,0.793270757815467,1.),(1.,0.79327258261856,1.),(1.,0.793275412456234,
1.),(1.,0.793271899597052,1.),(1.,0.793270657416828,1.),(1.,0.793269319875869,
1.),(1.,0.793269240956995,1.),(1.,0.793270223198728,1.),(1.,0.793271283325474,
1.),(1.,0.793274496087365,1.),(1.,0.793273296354157,1.),(1.,0.793270539666494,
1.),(1.,0.79326971633299,1.),(1.,0.793269253950131,1.),(1.,0.793269603341489,
1.),(1.,0.793270971208654,1.),(1.,0.793271567806799,1.),(1.,0.793273037759843,
1.),(1.,0.793273914193539,1.),(1.,0.793276927787276,1.),(1.,0.793271567194288,
1.),(1.,0.793268683660423,1.),(1.,0.793269105365606,1.),(1.,0.793272434150522,
1.),(1.,0.793273242893894,1.),(1.,0.793275121289474,1.),(1.,0.793273897145494,
1.),(1.,0.793271416042897,1.),(1.,0.793270299522165,1.),(1.,0.793269249151066,
1.),(1.,0.793269302467945,1.),(1.,0.79327023745341,1.),(1.,0.793270691624891,
1.),(1.,0.793271882872682,1.),(1.,0.793272622794982,1.),(1.,0.793275240640816,
1.),(1.,0.793272690750586,1.),(1.,0.793270194217751,1.),(1.,0.793269523807504,
1.),(1.,0.793269332101851,1.),(1.,0.79326981064995,1.),(1.,0.793271384659483,
1.),(1.,0.793272055636161,1.),(1.,0.793273662162544,1.),(1.,0.793275397637799,
1.),(1.,0.793272535361206,1.),(1.,0.793271146375325,1.),(1.,0.793269903675858,
1.),(1.,0.793269629564852,1.),(1.,0.793269372196575,1.),(1.,0.793269390113589,
1.),(1.,0.793269719756854,1.),(1.,0.793270030697097,1.),(1.,0.793270939708467,
1.),(1.,0.793271540296277,1.),(1.,0.793273743771305,1.),(1.,0.793274047760282,
1.),(1.,0.793271015989892,1.),(1.,0.793270032168189,1.),(1.,0.793269424164676,
1.),(1.,0.793269367296828,1.),(1.,0.793269548651638,1.),(1.,0.793269785892659,
1.),(1.,0.793270549620464,1.),(1.,0.793271078444952,1.),(1.,0.793272407957524,
1.),(1.,0.793273207515272,1.),(1.,0.793275982757591,1.),(1.,0.793272177455711,
1.),(1.,0.793270505425102,1.),(1.,0.793270085317533,1.),(1.,0.793269532493918,
1.),(1.,0.793269400920245,1.),(1.,0.793269433744272,1.),(1.,0.793269596962283,
1.),(1.,0.793270214362479,1.),(1.,0.793270670690088,1.),(1.,0.793273641444757,
1.),(1.,0.793271446126717,1.),(1.,0.793269697042583,1.),(1.,0.793269490944885,
1.),(1.,0.793269375193563,1.),(1.,0.793269464164827,1.),(1.,0.793269934386499,
1.),(1.,0.793270317584653,1.),(1.,0.793271363124245,1.),(1.,0.793272024556523,
1.),(1.,0.793274400122577,1.),(1.,0.793273419737195,1.),(1.,0.793271327113961,
1.),(1.,0.793270763162282,1.),(1.,0.793269917592106,1.),(1.,0.79326963769301,
1.),(1.,0.793268977953513,1.),(1.,0.793270783391147,1.),(1.,0.793276730272455,
1.),(1.,0.793271681991748,1.),(1.,0.793270193255639,1.),(1.,0.793269840148635,
1.),(1.,0.793269428817697,1.),(1.,0.793269368830929,1.),(1.,0.793269619454068,
1.),(1.,0.79327036066194,1.),(1.,0.793272957626942,1.),(1.,0.793274895747992,
1.),(1.,0.79327236928714,1.),(1.,0.793271661016057,1.),(1.,0.793270524787743,
1.),(1.,0.793270098444471,1.),(1.,0.793269261165727,1.),(1.,0.793269284208942,
1.),(1.,0.793270468332675,1.),(1.,0.793271630066349,1.),(1.,0.793275064921846,
1.),(1.,0.793272817716474,1.),(1.,0.793268993024716,1.),(1.,0.793268733989721,
1.),(1.,0.793271285921271,1.),(1.,0.79327194325392,1.),(1.,0.793273517246827,
1.),(1.,0.793275572139132,1.),(1.,0.793272670308265,1.),(1.,0.793271249573008,
1.),(1.,0.793269527583976,1.),(1.,0.793269231562803,1.),(1.,0.793269678855516,
1.),(1.,0.7932699741288,1.),(1.,0.793270853168041,1.),(1.,0.793271439039127,
1.),(1.,0.793275029901377,1.),(1.,0.793270535788228,1.),(1.,0.793269223050661,
1.),(1.,0.793269374422703,1.),(1.,0.793270474606185,1.),(1.,0.793270988459833,
1.),(1.,0.793272285265222,1.),(1.,0.793273068715915,1.),(1.,0.793275798141286,
1.),(1.,0.793272304221176,1.),(1.,0.793270010227211,1.),(1.,0.793269415959068,
1.),(1.,0.793269415959068,1.),(1.,0.793269564098694,1.),(1.,0.793270150959419,
1.),(1.,0.793270592110361,1.),(1.,0.793272325455842,1.),(1.,0.793275766049926,
1.),(1.,0.793272139263298,1.),(1.,0.793270836364469,1.),(1.,0.793269371883297,
1.),(1.,0.793269227765156,1.),(1.,0.793270083713926,1.),(1.,0.793271081908919,
1.),(1.,0.79327417562635,1.),(1.,0.793273589371699,1.),(1.,0.793270711560138,
1.),(1.,0.793269823889309,1.),(1.,0.793269233545351,1.),(1.,0.7932695192766,
1.),(1.,0.793271218786951,1.),(1.,0.793272639313405,1.),(1.,0.793276545394851,
1.),(1.,0.793271793220495,1.),(1.,0.793269745613947,1.),(1.,0.793269304967991,
1.),(1.,0.793269574309322,1.),(1.,0.793270282863749,1.),(1.,0.793272823701718,
1.),(1.,0.793275060471744,1.),(1.,0.79327163491496,1.),(1.,0.793270455213966,
1.),(1.,0.793269277775998,1.),(1.,0.793269267250671,1.),(1.,0.793270107813355,
1.),(1.,0.793270530731072,1.),(1.,0.793271660221706,1.),(1.,0.793272369359361,
1.),(1.,0.793274899916423,1.),(1.,0.793272962316397,1.),(1.,0.79327034337187,
1.),(1.,0.793269608471803,1.),(1.,0.793269289767629,1.),(1.,0.793269704792901,
1.),(1.,0.793271185299237,1.),(1.,0.793271825077384,1.),(1.,0.793273373004263,
1.),(1.,0.793275746454516,1.),(1.,0.793272799568125,1.),(1.,0.793271350780245,
1.),(1.,0.793270014999971,1.),(1.,0.793269709295744,1.),(1.,0.793269387881996,
1.),(1.,0.793269373261258,1.),(1.,0.793269638638927,1.),(1.,0.793269917690089,
1.),(1.,0.793270763715574,1.),(1.,0.793271332994005,1.),(1.,0.793273447203471,
1.),(1.,0.793274362590285,1.),(1.,0.793271213541507,1.),(1.,0.793270167976065,
1.),(1.,0.793269464325069,1.),(1.,0.793269374942285,1.),(1.,0.793269491905186,
1.),(1.,0.793269697114636,1.),(1.,0.793270397417065,1.),(1.,0.793270894657841,
1.),(1.,0.793272163828716,1.),(1.,0.793272934175314,1.),(1.,0.793275624994813,
1.),(1.,0.793272427750479,1.),(1.,0.793270664509464,1.),(1.,0.793270213285211,
1.),(1.,0.793269597061239,1.),(1.,0.793269433035287,1.),(1.,0.793269401428175,
1.),(1.,0.793269532516726,1.),(1.,0.793270086135961,1.),(1.,0.793270510643938,
1.),(1.,0.793273328674202,1.),(1.,0.793271692374293,1.),(1.,0.7932697859176,
1.),(1.,0.793269547467123,1.),(1.,0.793269367335316,1.),(1.,0.793269424120881,
1.),(1.,0.793269830293701,1.),(1.,0.79327018147466,1.),(1.,0.793271165258021,
1.),(1.,0.793271796627415,1.),(1.,0.793274084803039,1.),(1.,0.793273714517328,
1.),(1.,0.793271533049168,1.),(1.,0.793270938625487,1.),(1.,0.793270030642183,
1.),(1.,0.793269718439539,1.),(1.,0.793268898809506,1.),(1.,0.793270577922701,
1.),(1.,0.793276352073655,1.),(1.,0.793271912347888,1.),(1.,0.793270330257643,
1.),(1.,0.793269945064702,1.),(1.,0.793269469967795,1.),(1.,0.793269378123851,
1.),(1.,0.793269533687634,1.),(1.,0.793270212208655,1.),(1.,0.793272687556794,
1.),(1.,0.793275235788783,1.),(1.,0.793272621718508,1.),(1.,0.793271883386184,
1.),(1.,0.79327068559816,1.),(1.,0.793270227368681,1.),(1.,0.793269294859255,
1.),(1.,0.793269254199602,1.),(1.,0.793270312859994,1.),(1.,0.793271412253131,
1.),(1.,0.793274729151515,1.),(1.,0.793274311637349,1.),(1.,0.793271765240746,
1.)))
REPRESENTATION_ITEM('')
SURFACE()
);
#19=(
BOUNDED_SURFACE()
B_SPLINE_SURFACE(1,2,((#6591,#6592,#6593,#6594,#6595,#6596,#6597,#6598,
#6599,#6600,#6601,#6602,#6603,#6604,#6605,#6606,#6607,#6608,#6609,#6610,
#6611,#6612,#6613,#6614,#6615,#6616,#6617,#6618,#6619,#6620,#6621,#6622,
#6623,#6624,#6625,#6626,#6627,#6628,#6629,#6630,#6631,#6632,#6633,#6634,
#6635,#6636,#6637,#6638,#6639,#6640,#6641,#6642,#6643,#6644,#6645,#6646,
#6647,#6648,#6649,#6650,#6651,#6652,#6653,#6654,#6655,#6656,#6657,#6658,
#6659,#6660,#6661,#6662,#6663,#6664,#6665,#6666,#6667,#6668,#6669,#6670,
#6671,#6672,#6673,#6674,#6675,#6676,#6677,#6678,#6679,#6680,#6681,#6682,
#6683),(#6684,#6685,#6686,#6687,#6688,#6689,#6690,#6691,#6692,#6693,#6694,
#6695,#6696,#6697,#6698,#6699,#6700,#6701,#6702,#6703,#6704,#6705,#6706,
#6707,#6708,#6709,#6710,#6711,#6712,#6713,#6714,#6715,#6716,#6717,#6718,
#6719,#6720,#6721,#6722,#6723,#6724,#6725,#6726,#6727,#6728,#6729,#6730,
#6731,#6732,#6733,#6734,#6735,#6736,#6737,#6738,#6739,#6740,#6741,#6742,
#6743,#6744,#6745,#6746,#6747,#6748,#6749,#6750,#6751,#6752,#6753,#6754,
#6755,#6756,#6757,#6758,#6759,#6760,#6761,#6762,#6763,#6764,#6765,#6766,
#6767,#6768,#6769,#6770,#6771,#6772,#6773,#6774,#6775,#6776)),
 .RULED_SURF.,.F.,.F.,.F.)
B_SPLINE_SURFACE_WITH_KNOTS((2,2),(3,2,2,2,2,2,2,2,2,2,2,2,2,2,2,2,2,2,
2,2,2,2,2,2,2,2,2,2,2,2,2,2,2,2,2,2,2,2,2,2,2,2,2,2,2,2,3),(0.,0.279789295188152),
(0.0624975834240162,0.0625,0.0833333333333333,0.104166666666667,0.125,0.145833333333333,
0.166666666666667,0.1875,0.208333333333334,0.229166666666666,0.25,0.270833333333334,
0.291666666666667,0.3125,0.333333333333334,0.354166666666667,0.375,0.395833333333334,
0.416666666666667,0.4375,0.458333333333333,0.479166666666667,0.5,0.520833333333333,
0.541666666666667,0.5625,0.583333333333333,0.604166666666667,0.625,0.645833333333333,
0.666666666666667,0.6875,0.708333333333333,0.729166666666667,0.75,0.770833333333333,
0.791666666666667,0.8125,0.833333333333333,0.854166666666667,0.875,0.895833333333333,
0.916666666666667,0.9375,0.958333333333333,0.979166666666667,0.998522307530398),
 .PIECEWISE_BEZIER_KNOTS.)
GEOMETRIC_REPRESENTATION_ITEM()
RATIONAL_B_SPLINE_SURFACE(((0.999992096005269,0.999996047544167,1.,0.965925826289068,
1.,0.965925826289068,1.,0.965925826289068,1.,0.965925826289068,1.,0.965925826289068,
1.,0.965925826289068,1.,0.965925826289068,1.,0.965925826289068,1.,0.965925826289068,
1.,0.965925826289068,1.,0.965925826289068,1.,0.965925826289068,1.,0.965925826289068,
1.,0.965925826289068,1.,0.965925826289068,1.,0.965925826289068,1.,0.965925826289068,
1.,0.965925826289068,1.,0.965925826289068,1.,0.965925826289068,1.,0.965925826289068,
1.,0.965925826289068,1.,0.965925826289068,1.,0.965925826289068,1.,0.965925826289068,
1.,0.965925826289068,1.,0.965925826289068,1.,0.965925826289068,1.,0.965925826289068,
1.,0.965925826289068,1.,0.965925826289068,1.,0.965925826289068,1.,0.965925826289068,
1.,0.965925826289068,1.,0.965925826289068,1.,0.965925826289068,1.,0.965925826289068,
1.,0.965925826289068,1.,0.965925826289068,1.,0.965925826289068,1.,0.965925826289068,
1.,0.965925826289068,1.,0.965925826289068,1.,0.965925826289068,1.,0.968342681484295,
0.995509141006868),(0.999992096005269,0.999996047544167,1.,0.965925826289068,
1.,0.965925826289068,1.,0.965925826289068,1.,0.965925826289068,1.,0.965925826289068,
1.,0.965925826289068,1.,0.965925826289068,1.,0.965925826289068,1.,0.965925826289068,
1.,0.965925826289068,1.,0.965925826289068,1.,0.965925826289068,1.,0.965925826289068,
1.,0.965925826289068,1.,0.965925826289068,1.,0.965925826289068,1.,0.965925826289068,
1.,0.965925826289068,1.,0.965925826289068,1.,0.965925826289068,1.,0.965925826289068,
1.,0.965925826289068,1.,0.965925826289068,1.,0.965925826289068,1.,0.965925826289068,
1.,0.965925826289068,1.,0.965925826289068,1.,0.965925826289068,1.,0.965925826289068,
1.,0.965925826289068,1.,0.965925826289068,1.,0.965925826289068,1.,0.965925826289068,
1.,0.965925826289068,1.,0.965925826289068,1.,0.965925826289068,1.,0.965925826289068,
1.,0.965925826289068,1.,0.965925826289068,1.,0.965925826289068,1.,0.965925826289068,
1.,0.965925826289068,1.,0.965925826289068,1.,0.965925826289068,1.,0.968342681484295,
0.995509141006868)))
REPRESENTATION_ITEM('')
SURFACE()
);
#20=(
BOUNDED_SURFACE()
B_SPLINE_SURFACE(1,2,((#6868,#6869,#6870,#6871,#6872,#6873,#6874,#6875,
#6876,#6877,#6878,#6879,#6880,#6881,#6882,#6883,#6884,#6885,#6886,#6887,
#6888,#6889,#6890,#6891,#6892,#6893,#6894,#6895,#6896,#6897,#6898,#6899,
#6900,#6901,#6902,#6903,#6904,#6905,#6906,#6907,#6908,#6909,#6910,#6911,
#6912,#6913,#6914,#6915,#6916,#6917,#6918,#6919,#6920,#6921,#6922,#6923,
#6924,#6925,#6926,#6927,#6928,#6929,#6930,#6931,#6932,#6933,#6934,#6935,
#6936,#6937,#6938,#6939,#6940,#6941,#6942),(#6943,#6944,#6945,#6946,#6947,
#6948,#6949,#6950,#6951,#6952,#6953,#6954,#6955,#6956,#6957,#6958,#6959,
#6960,#6961,#6962,#6963,#6964,#6965,#6966,#6967,#6968,#6969,#6970,#6971,
#6972,#6973,#6974,#6975,#6976,#6977,#6978,#6979,#6980,#6981,#6982,#6983,
#6984,#6985,#6986,#6987,#6988,#6989,#6990,#6991,#6992,#6993,#6994,#6995,
#6996,#6997,#6998,#6999,#7000,#7001,#7002,#7003,#7004,#7005,#7006,#7007,
#7008,#7009,#7010,#7011,#7012,#7013,#7014,#7015,#7016,#7017)),
 .RULED_SURF.,.F.,.F.,.F.)
B_SPLINE_SURFACE_WITH_KNOTS((2,2),(3,2,2,2,2,2,2,2,2,2,2,2,2,2,2,2,2,2,
2,2,2,2,2,2,2,2,2,2,2,2,2,2,2,2,2,2,2,3),(0.720210270229314,1.),(0.0624975834240162,
0.0625,0.0833333333333333,0.104166666666667,0.125,0.145833333333333,0.166666666666667,
0.1875,0.208333333333334,0.229166666666666,0.25,0.270833333333334,0.291666666666667,
0.3125,0.333333333333334,0.354166666666667,0.375,0.395833333333334,0.416666666666667,
0.4375,0.458333333333333,0.479166666666667,0.5,0.520833333333333,0.541666666666667,
0.5625,0.583333333333333,0.604166666666667,0.625,0.645833333333333,0.666666666666667,
0.6875,0.708333333333333,0.729166666666667,0.75,0.770833333333333,0.791666666666667,
0.804902793174338),.PIECEWISE_BEZIER_KNOTS.)
GEOMETRIC_REPRESENTATION_ITEM()
RATIONAL_B_SPLINE_SURFACE(((0.999992096005269,0.999996047544167,1.,0.965925826289068,
1.,0.965925826289068,1.,0.965925826289068,1.,0.965925826289068,1.,0.965925826289068,
1.,0.965925826289068,1.,0.965925826289068,1.,0.965925826289068,1.,0.965925826289068,
1.,0.965925826289068,1.,0.965925826289068,1.,0.965925826289068,1.,0.965925826289068,
1.,0.965925826289068,1.,0.965925826289068,1.,0.965925826289068,1.,0.965925826289068,
1.,0.965925826289068,1.,0.965925826289068,1.,0.965925826289068,1.,0.965925826289068,
1.,0.965925826289068,1.,0.965925826289068,1.,0.965925826289068,1.,0.965925826289068,
1.,0.965925826289068,1.,0.965925826289068,1.,0.965925826289068,1.,0.965925826289068,
1.,0.965925826289068,1.,0.965925826289068,1.,0.965925826289068,1.,0.965925826289068,
1.,0.965925826289068,1.,0.965925826289068,1.,0.978351516453652,0.984211071331498),
(0.999992096005269,0.999996047544167,1.,0.965925826289068,1.,0.965925826289068,
1.,0.965925826289068,1.,0.965925826289068,1.,0.965925826289068,1.,0.965925826289068,
1.,0.965925826289068,1.,0.965925826289068,1.,0.965925826289068,1.,0.965925826289068,
1.,0.965925826289068,1.,0.965925826289068,1.,0.965925826289068,1.,0.965925826289068,
1.,0.965925826289068,1.,0.965925826289068,1.,0.965925826289068,1.,0.965925826289068,
1.,0.965925826289068,1.,0.965925826289068,1.,0.965925826289068,1.,0.965925826289068,
1.,0.965925826289068,1.,0.965925826289068,1.,0.965925826289068,1.,0.965925826289068,
1.,0.965925826289068,1.,0.965925826289068,1.,0.965925826289068,1.,0.965925826289068,
1.,0.965925826289068,1.,0.965925826289068,1.,0.965925826289068,1.,0.965925826289068,
1.,0.965925826289068,1.,0.978351516453652,0.984211071331498)))
REPRESENTATION_ITEM('')
SURFACE()
);
#21=(
BOUNDED_SURFACE()
B_SPLINE_SURFACE(3,2,((#7091,#7092,#7093,#7094,#7095,#7096,#7097,#7098,
#7099,#7100,#7101,#7102,#7103,#7104,#7105,#7106,#7107,#7108,#7109,#7110,
#7111,#7112,#7113,#7114,#7115,#7116,#7117,#7118,#7119,#7120,#7121,#7122,
#7123,#7124,#7125,#7126,#7127,#7128,#7129,#7130,#7131,#7132,#7133,#7134,
#7135,#7136,#7137,#7138,#7139,#7140,#7141,#7142,#7143,#7144,#7145,#7146,
#7147,#7148,#7149,#7150,#7151,#7152,#7153,#7154,#7155,#7156,#7157,#7158,
#7159,#7160,#7161,#7162,#7163,#7164,#7165,#7166,#7167,#7168,#7169,#7170,
#7171,#7172,#7173,#7174,#7175,#7176,#7177,#7178,#7179,#7180,#7181,#7182,
#7183),(#7184,#7185,#7186,#7187,#7188,#7189,#7190,#7191,#7192,#7193,#7194,
#7195,#7196,#7197,#7198,#7199,#7200,#7201,#7202,#7203,#7204,#7205,#7206,
#7207,#7208,#7209,#7210,#7211,#7212,#7213,#7214,#7215,#7216,#7217,#7218,
#7219,#7220,#7221,#7222,#7223,#7224,#7225,#7226,#7227,#7228,#7229,#7230,
#7231,#7232,#7233,#7234,#7235,#7236,#7237,#7238,#7239,#7240,#7241,#7242,
#7243,#7244,#7245,#7246,#7247,#7248,#7249,#7250,#7251,#7252,#7253,#7254,
#7255,#7256,#7257,#7258,#7259,#7260,#7261,#7262,#7263,#7264,#7265,#7266,
#7267,#7268,#7269,#7270,#7271,#7272,#7273,#7274,#7275,#7276),(#7277,#7278,
#7279,#7280,#7281,#7282,#7283,#7284,#7285,#7286,#7287,#7288,#7289,#7290,
#7291,#7292,#7293,#7294,#7295,#7296,#7297,#7298,#7299,#7300,#7301,#7302,
#7303,#7304,#7305,#7306,#7307,#7308,#7309,#7310,#7311,#7312,#7313,#7314,
#7315,#7316,#7317,#7318,#7319,#7320,#7321,#7322,#7323,#7324,#7325,#7326,
#7327,#7328,#7329,#7330,#7331,#7332,#7333,#7334,#7335,#7336,#7337,#7338,
#7339,#7340,#7341,#7342,#7343,#7344,#7345,#7346,#7347,#7348,#7349,#7350,
#7351,#7352,#7353,#7354,#7355,#7356,#7357,#7358,#7359,#7360,#7361,#7362,
#7363,#7364,#7365,#7366,#7367,#7368,#7369),(#7370,#7371,#7372,#7373,#7374,
#7375,#7376,#7377,#7378,#7379,#7380,#7381,#7382,#7383,#7384,#7385,#7386,
#7387,#7388,#7389,#7390,#7391,#7392,#7393,#7394,#7395,#7396,#7397,#7398,
#7399,#7400,#7401,#7402,#7403,#7404,#7405,#7406,#7407,#7408,#7409,#7410,
#7411,#7412,#7413,#7414,#7415,#7416,#7417,#7418,#7419,#7420,#7421,#7422,
#7423,#7424,#7425,#7426,#7427,#7428,#7429,#7430,#7431,#7432,#7433,#7434,
#7435,#7436,#7437,#7438,#7439,#7440,#7441,#7442,#7443,#7444,#7445,#7446,
#7447,#7448,#7449,#7450,#7451,#7452,#7453,#7454,#7455,#7456,#7457,#7458,
#7459,#7460,#7461,#7462)),.UNSPECIFIED.,.F.,.F.,.F.)
B_SPLINE_SURFACE_WITH_KNOTS((4,4),(3,2,2,2,2,2,2,2,2,2,2,2,2,2,2,2,2,2,
2,2,2,2,2,2,2,2,2,2,2,2,2,2,2,2,2,2,2,2,2,2,2,2,2,2,2,2,3),(0.,1.),(0.0624974872450973,
0.0625,0.0833333333333333,0.104166666666667,0.125,0.145833333333333,0.166666666666667,
0.1875,0.208333333333334,0.229166666666666,0.25,0.270833333333334,0.291666666666667,
0.3125,0.333333333333334,0.354166666666667,0.375,0.395833333333334,0.416666666666667,
0.4375,0.458333333333333,0.479166666666667,0.5,0.520833333333333,0.541666666666667,
0.5625,0.583333333333333,0.604166666666667,0.625,0.645833333333333,0.666666666666667,
0.6875,0.708333333333333,0.729166666666667,0.75,0.770833333333333,0.791666666666667,
0.8125,0.833333333333333,0.854166666666667,0.875,0.895833333333333,0.916666666666667,
0.9375,0.958333333333333,0.979166666666667,0.997933118796755),
 .PIECEWISE_BEZIER_KNOTS.)
GEOMETRIC_REPRESENTATION_ITEM()
RATIONAL_B_SPLINE_SURFACE(((0.999991781466859,0.999995890237742,1.,0.965925826289068,
1.,0.965925826289068,1.,0.965925826289068,1.,0.965925826289068,1.,0.965925826289068,
1.,0.965925826289068,1.,0.965925826289068,1.,0.965925826289068,1.,0.965925826289068,
1.,0.965925826289068,1.,0.965925826289068,1.,0.965925826289068,1.,0.965925826289068,
1.,0.965925826289068,1.,0.965925826289068,1.,0.965925826289068,1.,0.965925826289068,
1.,0.965925826289068,1.,0.965925826289068,1.,0.965925826289068,1.,0.965925826289068,
1.,0.965925826289068,1.,0.965925826289068,1.,0.965925826289068,1.,0.965925826289068,
1.,0.965925826289068,1.,0.965925826289068,1.,0.965925826289068,1.,0.965925826289068,
1.,0.965925826289068,1.,0.965925826289068,1.,0.965925826289068,1.,0.965925826289068,
1.,0.965925826289068,1.,0.965925826289068,1.,0.965925826289068,1.,0.965925826289068,
1.,0.965925826289068,1.,0.965925826289068,1.,0.965925826289068,1.,0.965925826289068,
1.,0.965925826289068,1.,0.965925826289068,1.,0.965925826289068,1.,0.96930633520871,
0.993909744753682),(0.505875205815366,0.505877284357764,0.505879363401679,
0.488641942096355,0.505879363401679,0.488641942096355,0.505879363401679,
0.488641942096355,0.505879363401679,0.488641942096355,0.505879363401679,
0.488641942096355,0.505879363401679,0.488641942096355,0.505879363401679,
0.488641942096355,0.505879363401679,0.488641942096355,0.505879363401679,
0.488641942096355,0.505879363401679,0.488641942096355,0.505879363401679,
0.488641942096355,0.505879363401679,0.488641942096355,0.505879363401679,
0.488641942096355,0.505879363401679,0.488641942096355,0.505879363401679,
0.488641942096355,0.505879363401679,0.488641942096355,0.505879363401679,
0.488641942096355,0.505879363401679,0.488641942096355,0.505879363401679,
0.488641942096355,0.505879363401679,0.488641942096355,0.505879363401679,
0.488641942096355,0.505879363401679,0.488641942096355,0.505879363401679,
0.488641942096355,0.505879363401679,0.488641942096355,0.505879363401679,
0.488641942096355,0.505879363401679,0.488641942096355,0.505879363401679,
0.488641942096355,0.505879363401679,0.488641942096355,0.505879363401679,
0.488641942096355,0.505879363401679,0.488641942096355,0.505879363401679,
0.488641942096355,0.505879363401679,0.488641942096355,0.505879363401679,
0.488641942096355,0.505879363401679,0.488641942096355,0.505879363401679,
0.488641942096355,0.505879363401679,0.488641942096355,0.505879363401679,
0.488641942096355,0.505879363401679,0.488641942096355,0.505879363401679,
0.488641942096355,0.505879363401679,0.488641942096355,0.505879363401679,
0.488641942096355,0.505879363401679,0.488641942096355,0.505879363401679,
0.488641942096355,0.505879363401679,0.488641942096355,0.505879363401679,
0.490352071796597,0.502798428954718),(0.505875205815366,0.505877284357764,
0.505879363401679,0.488641942096355,0.505879363401679,0.488641942096355,
0.505879363401679,0.488641942096355,0.505879363401679,0.488641942096355,
0.505879363401679,0.488641942096355,0.505879363401679,0.488641942096355,
0.505879363401679,0.488641942096355,0.505879363401679,0.488641942096355,
0.505879363401679,0.488641942096355,0.505879363401679,0.488641942096355,
0.505879363401679,0.488641942096355,0.505879363401679,0.488641942096355,
0.505879363401679,0.488641942096355,0.505879363401679,0.488641942096355,
0.505879363401679,0.488641942096355,0.505879363401679,0.488641942096355,
0.505879363401679,0.488641942096355,0.505879363401679,0.488641942096355,
0.505879363401679,0.488641942096355,0.505879363401679,0.488641942096355,
0.505879363401679,0.488641942096355,0.505879363401679,0.488641942096355,
0.505879363401679,0.488641942096355,0.505879363401679,0.488641942096355,
0.505879363401679,0.488641942096355,0.505879363401679,0.488641942096355,
0.505879363401679,0.488641942096355,0.505879363401679,0.488641942096355,
0.505879363401679,0.488641942096355,0.505879363401679,0.488641942096355,
0.505879363401679,0.488641942096355,0.505879363401679,0.488641942096355,
0.505879363401679,0.488641942096355,0.505879363401679,0.488641942096355,
0.505879363401679,0.488641942096355,0.505879363401679,0.488641942096355,
0.505879363401679,0.488641942096355,0.505879363401679,0.488641942096355,
0.505879363401679,0.488641942096355,0.505879363401679,0.488641942096355,
0.505879363401679,0.488641942096355,0.505879363401679,0.488641942096355,
0.505879363401679,0.488641942096355,0.505879363401679,0.488641942096355,
0.505879363401679,0.490352071796597,0.502798428954718),(0.999991781466859,
0.999995890237742,1.,0.965925826289068,1.,0.965925826289068,1.,0.965925826289068,
1.,0.965925826289068,1.,0.965925826289068,1.,0.965925826289068,1.,0.965925826289068,
1.,0.965925826289068,1.,0.965925826289068,1.,0.965925826289068,1.,0.965925826289068,
1.,0.965925826289068,1.,0.965925826289068,1.,0.965925826289068,1.,0.965925826289068,
1.,0.965925826289068,1.,0.965925826289068,1.,0.965925826289068,1.,0.965925826289068,
1.,0.965925826289068,1.,0.965925826289068,1.,0.965925826289068,1.,0.965925826289068,
1.,0.965925826289068,1.,0.965925826289068,1.,0.965925826289068,1.,0.965925826289068,
1.,0.965925826289068,1.,0.965925826289068,1.,0.965925826289068,1.,0.965925826289068,
1.,0.965925826289068,1.,0.965925826289068,1.,0.965925826289068,1.,0.965925826289068,
1.,0.965925826289068,1.,0.965925826289068,1.,0.965925826289068,1.,0.965925826289068,
1.,0.965925826289068,1.,0.965925826289068,1.,0.965925826289068,1.,0.965925826289068,
1.,0.965925826289068,1.,0.96930633520871,0.993909744753682)))
REPRESENTATION_ITEM('')
SURFACE()
);
#22=TOROIDAL_SURFACE('',#2005,0.015475,0.0006);
#23=TOROIDAL_SURFACE('',#2057,0.0171,0.002);
#24=TOROIDAL_SURFACE('',#2059,0.015715,0.00099);
#25=TOROIDAL_SURFACE('',#2063,0.013225,0.0015);
#26=SPHERICAL_SURFACE('',#2002,0.0006);
#27=SPHERICAL_SURFACE('',#2009,0.0006);
#28=SPHERICAL_SURFACE('',#2064,0.0029);
#29=SPHERICAL_SURFACE('',#2066,0.00099);
#30=B_SPLINE_SURFACE_WITH_KNOTS('',3,3,((#3124,#3125,#3126,#3127),(#3128,
#3129,#3130,#3131),(#3132,#3133,#3134,#3135),(#3136,#3137,#3138,#3139),
(#3140,#3141,#3142,#3143),(#3144,#3145,#3146,#3147)),.UNSPECIFIED.,.F.,
 .F.,.F.,(4,2,4),(4,4),(-2.58678712131144E-14,0.000155266789472165,0.000310533578970198),
(-0.00918203506971681,1.),.UNSPECIFIED.);
#31=B_SPLINE_SURFACE_WITH_KNOTS('',3,3,((#3209,#3210,#3211,#3212,#3213,
#3214,#3215,#3216,#3217,#3218),(#3219,#3220,#3221,#3222,#3223,#3224,#3225,
#3226,#3227,#3228),(#3229,#3230,#3231,#3232,#3233,#3234,#3235,#3236,#3237,
#3238),(#3239,#3240,#3241,#3242,#3243,#3244,#3245,#3246,#3247,#3248)),
 .UNSPECIFIED.,.F.,.F.,.F.,(4,4),(4,2,2,2,4),(-2.16840434497101E-19,0.00197434467080929),
(0.,0.251515074217377,0.503030148434753,0.75454522265213,1.00606029686951),
 .UNSPECIFIED.);
#32=B_SPLINE_CURVE_WITH_KNOTS('',3,(#2762,#2763,#2764,#2765,#2766,#2767,
#2768),.UNSPECIFIED.,.F.,.F.,(4,1,1,1,4),(1.87897460359189E-16,0.00121719981965192,
0.00243439963930366,0.00365159945895539,0.00486879927860713),
 .UNSPECIFIED.);
#33=B_SPLINE_CURVE_WITH_KNOTS('',3,(#2774,#2775,#2776,#2777,#2778,#2779,
#2780),.UNSPECIFIED.,.F.,.F.,(4,1,1,1,4),(7.9589597044533E-17,0.00121719981965042,
0.00243439963930077,0.00365159945895111,0.00486879927860146),
 .UNSPECIFIED.);
#34=B_SPLINE_CURVE_WITH_KNOTS('',3,(#2786,#2787,#2788,#2789,#2790,#2791,
#2792),.UNSPECIFIED.,.F.,.F.,(4,1,1,1,4),(2.1680573725158E-16,0.00121719981964849,
0.00243439963929677,0.00365159945894505,0.00486879927859332),
 .UNSPECIFIED.);
#35=B_SPLINE_CURVE_WITH_KNOTS('',3,(#2798,#2799,#2800,#2801,#2802,#2803,
#2804),.UNSPECIFIED.,.F.,.F.,(4,1,1,1,4),(1.59216999384478E-16,0.00121719981965077,
0.00243439963930138,0.003651599458952,0.00486879927860261),
 .UNSPECIFIED.);
#36=B_SPLINE_CURVE_WITH_KNOTS('',3,(#2810,#2811,#2812,#2813,#2814,#2815,
#2816),.UNSPECIFIED.,.F.,.F.,(4,1,1,1,4),(1.58734307415107E-16,0.00121719981964758,
0.002434399639295,0.00365159945894242,0.00486879927858985),
 .UNSPECIFIED.);
#37=B_SPLINE_CURVE_WITH_KNOTS('',3,(#2825,#2826,#2827,#2828,#2829,#2830,
#2831),.UNSPECIFIED.,.F.,.F.,(4,1,1,1,4),(2.92428279747926E-16,0.00121719981964852,
0.00243439963929674,0.00365159945894496,0.00486879927859319),
 .UNSPECIFIED.);
#38=B_SPLINE_CURVE_WITH_KNOTS('',3,(#2837,#2838,#2839,#2840,#2841,#2842,
#2843),.UNSPECIFIED.,.F.,.F.,(4,1,1,1,4),(1.51637060036987E-16,0.00121719981965132,
0.00243439963930248,0.00365159945895365,0.00486879927860481),
 .UNSPECIFIED.);
#39=B_SPLINE_CURVE_WITH_KNOTS('',3,(#2849,#2850,#2851,#2852,#2853,#2854,
#2855),.UNSPECIFIED.,.F.,.F.,(4,1,1,1,4),(1.91331427818453E-16,0.00121719981964986,
0.00243439963929953,0.0036515994589492,0.00486879927859887),
 .UNSPECIFIED.);
#40=B_SPLINE_CURVE_WITH_KNOTS('',3,(#2858,#2859,#2860,#2861,#2862,#2863,
#2864),.UNSPECIFIED.,.F.,.F.,(4,1,1,1,4),(2.88955155033204E-16,0.00121719981964432,
0.00243439963928836,0.00365159945893239,0.00486879927857643),
 .UNSPECIFIED.);
#41=B_SPLINE_CURVE_WITH_KNOTS('',3,(#2870,#2871,#2872,#2873,#2874,#2875,
#2876),.UNSPECIFIED.,.F.,.F.,(4,1,1,1,4),(2.09527673105479E-16,0.00121719981964696,
0.00243439963929371,0.00365159945894047,0.00486879927858722),
 .UNSPECIFIED.);
#42=B_SPLINE_CURVE_WITH_KNOTS('',3,(#2885,#2886,#2887,#2888,#2889,#2890,
#2891),.UNSPECIFIED.,.F.,.F.,(4,1,1,1,4),(2.45431188474996E-16,0.00121719981964688,
0.00243439963929351,0.00365159945894014,0.00486879927858678),
 .UNSPECIFIED.);
#43=B_SPLINE_CURVE_WITH_KNOTS('',3,(#2897,#2898,#2899,#2900,#2901,#2902,
#2903),.UNSPECIFIED.,.F.,.F.,(4,1,1,1,4),(2.20139074736049E-16,0.0012171998196486,
0.00243439963929699,0.00365159945894537,0.00486879927859375),
 .UNSPECIFIED.);
#44=B_SPLINE_CURVE_WITH_KNOTS('',3,(#2909,#2910,#2911,#2912,#2913,#2914,
#2915),.UNSPECIFIED.,.F.,.F.,(4,1,1,1,4),(2.20719278261739E-16,0.00121719981965076,
0.00243439963930129,0.00365159945895183,0.00486879927860236),
 .UNSPECIFIED.);
#45=B_SPLINE_CURVE_WITH_KNOTS('',3,(#2918,#2919,#2920,#2921,#2922,#2923,
#2924),.UNSPECIFIED.,.F.,.F.,(4,1,1,1,4),(2.95871522254918E-16,0.00121719981964577,
0.00243439963929125,0.00365159945893672,0.0048687992785822),
 .UNSPECIFIED.);
#46=B_SPLINE_CURVE_WITH_KNOTS('',3,(#2933,#2934,#2935,#2936,#2937,#2938,
#2939),.UNSPECIFIED.,.F.,.F.,(4,1,1,1,4),(2.16340257266529E-16,0.00121719981964553,
0.00243439963929085,0.00365159945893616,0.00486879927858148),
 .UNSPECIFIED.);
#47=B_SPLINE_CURVE_WITH_KNOTS('',3,(#2945,#2946,#2947,#2948,#2949,#2950,
#2951),.UNSPECIFIED.,.F.,.F.,(4,1,1,1,4),(2.81987291520182E-16,0.00121719981964377,
0.00243439963928725,0.00365159945893073,0.00486879927857422),
 .UNSPECIFIED.);
#48=B_SPLINE_CURVE_WITH_KNOTS('',3,(#2957,#2958,#2959,#2960,#2961,#2962,
#2963),.UNSPECIFIED.,.F.,.F.,(4,1,1,1,4),(2.95779255059901E-16,0.00121719981964727,
0.00243439963929425,0.00365159945894123,0.00486879927858821),
 .UNSPECIFIED.);
#49=B_SPLINE_CURVE_WITH_KNOTS('',3,(#2969,#2970,#2971,#2972,#2973,#2974,
#2975),.UNSPECIFIED.,.F.,.F.,(4,1,1,1,4),(1.40598240813362E-16,0.00121719981964976,
0.00243439963929938,0.003651599458949,0.00486879927859862),
 .UNSPECIFIED.);
#50=B_SPLINE_CURVE_WITH_KNOTS('',3,(#2984,#2985,#2986,#2987,#2988,#2989,
#2990),.UNSPECIFIED.,.F.,.F.,(4,1,1,1,4),(3.10339269336398E-16,0.00121719981964783,
0.00243439963929535,0.00365159945894287,0.00486879927859039),
 .UNSPECIFIED.);
#51=B_SPLINE_CURVE_WITH_KNOTS('',3,(#2996,#2997,#2998,#2999,#3000,#3001,
#3002),.UNSPECIFIED.,.F.,.F.,(4,1,1,1,4),(1.40461728539134E-16,0.00121719981964982,
0.00243439963929949,0.00365159945894916,0.00486879927859884),
 .UNSPECIFIED.);
#52=B_SPLINE_CURVE_WITH_KNOTS('',3,(#3008,#3009,#3010,#3011,#3012,#3013,
#3014),.UNSPECIFIED.,.F.,.F.,(4,1,1,1,4),(2.02482063421746E-16,0.00121719981964869,
0.00243439963929718,0.00365159945894567,0.00486879927859416),
 .UNSPECIFIED.);
#53=B_SPLINE_CURVE_WITH_KNOTS('',3,(#3020,#3021,#3022,#3023,#3024,#3025,
#3026),.UNSPECIFIED.,.F.,.F.,(4,1,1,1,4),(1.76839722551207E-16,0.00121719981965073,
0.00243439963930129,0.00365159945895185,0.0048687992786024),
 .UNSPECIFIED.);
#54=B_SPLINE_CURVE_WITH_KNOTS('',3,(#3035,#3036,#3037,#3038,#3039,#3040,
#3041),.UNSPECIFIED.,.F.,.F.,(4,1,1,1,4),(2.20139074736049E-16,0.00121719981964558,
0.00243439963929094,0.0036515994589363,0.00486879927858166),
 .UNSPECIFIED.);
#55=B_SPLINE_CURVE_WITH_KNOTS('',3,(#3047,#3048,#3049,#3050,#3051,#3052,
#3053),.UNSPECIFIED.,.F.,.F.,(4,1,1,1,4),(3.28353415848272E-16,0.00121719981964797,
0.00243439963929562,0.00365159945894327,0.00486879927859091),
 .UNSPECIFIED.);
#56=B_SPLINE_CURVE_WITH_KNOTS('',3,(#3056,#3057,#3058,#3059,#3060,#3061,
#3062),.UNSPECIFIED.,.F.,.F.,(4,1,1,1,4),(1.69692845854288E-16,0.00121719981964929,
0.00243439963929841,0.00365159945894752,0.00486879927859664),
 .UNSPECIFIED.);
#57=B_SPLINE_CURVE_WITH_KNOTS('',3,(#3065,#3066,#3067,#3068,#3069,#3070,
#3071),.UNSPECIFIED.,.F.,.F.,(4,1,1,1,4),(2.09604855386346E-16,0.00121719981964594,
0.00243439963929167,0.0036515994589374,0.00486879927858313),
 .UNSPECIFIED.);
#58=B_SPLINE_CURVE_WITH_KNOTS('',3,(#3077,#3078,#3079,#3080,#3081,#3082,
#3083),.UNSPECIFIED.,.F.,.F.,(4,1,1,1,4),(1.08680114266881E-16,0.00121719981965134,
0.00243439963930257,0.0036515994589538,0.00486879927860503),
 .UNSPECIFIED.);
#59=B_SPLINE_CURVE_WITH_KNOTS('',3,(#3089,#3090,#3091,#3092,#3093,#3094,
#3095),.UNSPECIFIED.,.F.,.F.,(4,1,1,1,4),(1.87999531236234E-16,0.00121719981965328,
0.00243439963930638,0.00365159945895947,0.00486879927861257),
 .UNSPECIFIED.);
#60=B_SPLINE_CURVE_WITH_KNOTS('',3,(#3097,#3098,#3099,#3100),
 .UNSPECIFIED.,.F.,.F.,(4,4),(0.,1.),.UNSPECIFIED.);
#61=B_SPLINE_CURVE_WITH_KNOTS('',3,(#3103,#3104,#3105,#3106,#3107,#3108,
#3109,#3110,#3111,#3112,#3113),.UNSPECIFIED.,.F.,.F.,(4,1,1,1,1,1,1,1,4),
(0.,0.25,0.375,0.5,0.625,0.75,0.875,0.9375,1.),.UNSPECIFIED.);
#62=B_SPLINE_CURVE_WITH_KNOTS('',3,(#3115,#3116,#3117,#3118,#3119,#3120,
#3121,#3122,#3123),.UNSPECIFIED.,.F.,.F.,(4,1,1,1,1,1,4),(0.,0.125,0.25,
0.5,0.625,0.75,1.),.UNSPECIFIED.);
#63=B_SPLINE_CURVE_WITH_KNOTS('',3,(#3151,#3152,#3153,#3154,#3155,#3156,
#3157,#3158,#3159,#3160,#3161,#3162,#3163,#3164,#3165,#3166,#3167,#3168,
#3169,#3170,#3171,#3172),.UNSPECIFIED.,.F.,.F.,(4,3,3,3,3,3,3,4),(-5.99999800741891E-8,
0.,8.87650677370322E-6,3.33950477243181E-5,6.88829314863274E-5,0.000118381026986256,
0.000214692225606007,0.000316390846375152),.UNSPECIFIED.);
#64=B_SPLINE_CURVE_WITH_KNOTS('',3,(#3173,#3174,#3175,#3176,#3177,#3178,
#3179,#3180,#3181,#3182,#3183,#3184,#3185,#3186,#3187,#3188,#3189,#3190,
#3191,#3192,#3193,#3194),.UNSPECIFIED.,.F.,.F.,(4,3,3,3,3,3,3,4),(0.,9.57047199780539E-5,
0.000183452738889377,0.000225663411039089,0.000252794369309441,0.000263651641491393,
0.000268910533101076,0.000274435436819541),.UNSPECIFIED.);
#65=B_SPLINE_CURVE_WITH_KNOTS('',3,(#3253,#3254,#3255,#3256),
 .UNSPECIFIED.,.F.,.F.,(4,4),(0.,1.),.UNSPECIFIED.);
#66=B_SPLINE_CURVE_WITH_KNOTS('',3,(#3515,#3516,#3517,#3518,#3519,#3520,
#3521,#3522,#3523,#3524,#3525,#3526,#3527,#3528,#3529,#3530,#3531,#3532,
#3533,#3534,#3535,#3536,#3537,#3538,#3539,#3540,#3541,#3542,#3543,#3544,
#3545,#3546,#3547,#3548,#3549,#3550,#3551,#3552,#3553,#3554,#3555,#3556,
#3557,#3558,#3559,#3560,#3561,#3562,#3563,#3564,#3565,#3566,#3567,#3568,
#3569,#3570,#3571,#3572,#3573,#3574,#3575,#3576,#3577,#3578,#3579,#3580,
#3581,#3582,#3583,#3584,#3585,#3586,#3587,#3588,#3589,#3590,#3591,#3592,
#3593,#3594,#3595,#3596,#3597,#3598,#3599,#3600,#3601,#3602,#3603,#3604,
#3605,#3606),.UNSPECIFIED.,.F.,.F.,(4,1,1,1,1,1,1,1,1,1,1,1,1,1,1,1,1,1,
1,1,1,1,1,1,1,1,1,1,1,1,1,1,1,1,1,1,1,1,1,1,1,1,1,1,1,1,1,1,1,1,1,1,1,1,
1,1,1,1,1,1,1,1,1,1,1,1,1,1,1,1,1,1,1,1,1,1,1,1,1,1,1,1,1,1,1,1,1,1,1,4),
(0.,0.03125,0.0625,0.078125,0.09375,0.1015625,0.109375,0.1171875,0.12109375,
0.123046875,0.125,0.126953125,0.12890625,0.1328125,0.140625,0.1484375,0.15625,
0.171875,0.1875,0.203125,0.21875,0.234375,0.2421875,0.24609375,0.25,0.25390625,
0.2578125,0.265625,0.28125,0.3125,0.34375,0.359375,0.375,0.3828125,0.38671875,
0.390625,0.392578125,0.39453125,0.3984375,0.40625,0.421875,0.4375,0.453125,
0.46875,0.4765625,0.484375,0.4921875,0.49609375,0.498046875,0.5,0.501953125,
0.50390625,0.5078125,0.515625,0.5234375,0.53125,0.546875,0.5625,0.578125,
0.59375,0.609375,0.625,0.640625,0.6484375,0.65625,0.66015625,0.662109375,
0.6630859375,0.6640625,0.666015625,0.66796875,0.671875,0.6796875,0.6875,
0.703125,0.71875,0.75,0.765625,0.78125,0.796875,0.8125,0.84375,0.859375,
0.875,0.890625,0.90625,0.921875,0.9375,0.96875,1.),.UNSPECIFIED.);
#67=B_SPLINE_CURVE_WITH_KNOTS('',3,(#3608,#3609,#3610,#3611,#3612,#3613,
#3614,#3615,#3616,#3617,#3618,#3619,#3620,#3621,#3622,#3623,#3624),
 .UNSPECIFIED.,.F.,.F.,(4,1,1,1,1,1,1,1,1,1,1,1,1,1,4),(0.,0.125,0.1875,
0.25,0.3125,0.375,0.4375,0.5,0.5625,0.625,0.6875,0.75,0.875,0.9375,1.),
 .UNSPECIFIED.);
#68=B_SPLINE_CURVE_WITH_KNOTS('',3,(#3625,#3626,#3627,#3628,#3629,#3630,
#3631,#3632,#3633,#3634,#3635,#3636,#3637,#3638,#3639,#3640,#3641,#3642,
#3643,#3644,#3645,#3646,#3647,#3648,#3649,#3650,#3651,#3652,#3653,#3654,
#3655,#3656),.UNSPECIFIED.,.F.,.F.,(4,1,1,1,1,1,1,1,1,1,1,1,1,1,1,1,1,1,
1,1,1,1,1,1,1,1,1,1,1,4),(0.,0.0625,0.125,0.15625,0.1875,0.21875,0.234375,
0.25,0.265625,0.28125,0.3125,0.34375,0.375,0.40625,0.4375,0.46875,0.484375,
0.4921875,0.5,0.5078125,0.515625,0.53125,0.5625,0.59375,0.625,0.6875,0.75,
0.8125,0.875,1.),.UNSPECIFIED.);
#69=B_SPLINE_CURVE_WITH_KNOTS('',3,(#3681,#3682,#3683,#3684,#3685,#3686,
#3687,#3688,#3689),.UNSPECIFIED.,.F.,.F.,(4,1,1,1,1,1,4),(0.,0.125,0.25,
0.375,0.5,0.75,1.),.UNSPECIFIED.);
#70=B_SPLINE_CURVE_WITH_KNOTS('',3,(#3692,#3693,#3694,#3695),
 .UNSPECIFIED.,.F.,.F.,(4,4),(0.,1.),.UNSPECIFIED.);
#71=B_SPLINE_CURVE_WITH_KNOTS('',3,(#3699,#3700,#3701,#3702),
 .UNSPECIFIED.,.F.,.F.,(4,4),(0.,1.),.UNSPECIFIED.);
#72=B_SPLINE_CURVE_WITH_KNOTS('',3,(#3704,#3705,#3706,#3707,#3708),
 .UNSPECIFIED.,.F.,.F.,(4,1,4),(0.,0.5,1.),.UNSPECIFIED.);
#73=B_SPLINE_CURVE_WITH_KNOTS('',3,(#3714,#3715,#3716,#3717,#3718,#3719,
#3720,#3721,#3722,#3723,#3724,#3725,#3726,#3727,#3728),.UNSPECIFIED.,.F.,
 .F.,(4,1,1,1,1,1,1,1,1,1,1,1,4),(0.,0.125,0.1875,0.25,0.28125,0.3125,0.375,
0.4375,0.5,0.5625,0.625,0.75,1.),.UNSPECIFIED.);
#74=B_SPLINE_CURVE_WITH_KNOTS('',3,(#3759,#3760,#3761,#3762,#3763,#3764,
#3765,#3766,#3767,#3768),.UNSPECIFIED.,.F.,.F.,(4,1,1,1,1,1,1,4),(0.,0.25,
0.375,0.5,0.625,0.75,0.875,1.),.UNSPECIFIED.);
#75=B_SPLINE_CURVE_WITH_KNOTS('',3,(#3771,#3772,#3773,#3774),
 .UNSPECIFIED.,.F.,.F.,(4,4),(0.,1.),.UNSPECIFIED.);
#76=B_SPLINE_CURVE_WITH_KNOTS('',3,(#3775,#3776,#3777,#3778),
 .UNSPECIFIED.,.F.,.F.,(4,4),(0.,1.),.UNSPECIFIED.);
#77=B_SPLINE_CURVE_WITH_KNOTS('',3,(#4973,#4974,#4975,#4976,#4977,#4978,
#4979,#4980,#4981,#4982,#4983,#4984,#4985,#4986,#4987,#4988,#4989,#4990,
#4991,#4992,#4993,#4994,#4995,#4996,#4997,#4998,#4999,#5000,#5001,#5002,
#5003,#5004,#5005,#5006,#5007,#5008,#5009,#5010,#5011,#5012,#5013,#5014,
#5015,#5016,#5017,#5018,#5019,#5020,#5021,#5022,#5023,#5024,#5025,#5026,
#5027,#5028,#5029,#5030,#5031,#5032,#5033,#5034,#5035,#5036,#5037,#5038,
#5039,#5040,#5041,#5042,#5043,#5044,#5045,#5046,#5047,#5048,#5049,#5050,
#5051,#5052,#5053,#5054,#5055,#5056,#5057,#5058,#5059,#5060,#5061,#5062,
#5063,#5064,#5065,#5066,#5067,#5068,#5069,#5070,#5071,#5072,#5073,#5074,
#5075,#5076,#5077,#5078,#5079,#5080,#5081,#5082,#5083),.UNSPECIFIED.,.F.,
 .F.,(4,1,1,1,1,1,1,1,1,1,1,1,1,1,1,1,1,1,1,1,1,1,1,1,1,1,1,1,1,1,1,1,1,
1,1,1,1,1,1,1,1,1,1,1,1,1,1,1,1,1,1,1,1,1,1,1,1,1,1,1,1,1,1,1,1,1,1,1,1,
1,1,1,1,1,1,1,1,1,1,1,1,1,1,1,1,1,1,1,1,1,1,1,1,1,1,1,1,1,1,1,1,1,1,1,1,
1,1,1,4),(0.,0.0078125,0.015625,0.03125,0.0390625,0.046875,0.0625,0.0703125,
0.078125,0.0859375,0.09375,0.109375,0.1171875,0.125,0.140625,0.1484375,
0.15625,0.1640625,0.171875,0.1796875,0.1875,0.1953125,0.203125,0.2109375,
0.21875,0.2265625,0.234375,0.2421875,0.25,0.2578125,0.265625,0.2734375,
0.28125,0.2890625,0.296875,0.3125,0.3203125,0.328125,0.34375,0.3515625,
0.359375,0.3671875,0.375,0.390625,0.3984375,0.40625,0.421875,0.4296875,
0.4375,0.453125,0.4609375,0.46875,0.4765625,0.484375,0.5,0.5078125,0.515625,
0.5234375,0.53125,0.546875,0.5546875,0.5625,0.578125,0.5859375,0.59375,
0.6015625,0.609375,0.625,0.6328125,0.640625,0.65625,0.6640625,0.671875,
0.6796875,0.6875,0.6953125,0.703125,0.7109375,0.71875,0.7265625,0.734375,
0.7421875,0.75,0.7578125,0.765625,0.78125,0.7890625,0.796875,0.8046875,
0.8125,0.828125,0.8359375,0.84375,0.859375,0.8671875,0.875,0.890625,0.8984375,
0.90625,0.9140625,0.921875,0.9375,0.9453125,0.953125,0.9609375,0.96875,
0.984375,0.9921875,1.),.UNSPECIFIED.);
#78=B_SPLINE_CURVE_WITH_KNOTS('',3,(#5084,#5085,#5086,#5087,#5088,#5089,
#5090,#5091,#5092,#5093,#5094,#5095,#5096,#5097,#5098,#5099,#5100,#5101,
#5102,#5103,#5104,#5105,#5106,#5107,#5108,#5109,#5110,#5111,#5112,#5113,
#5114,#5115,#5116,#5117,#5118,#5119,#5120,#5121,#5122,#5123,#5124,#5125,
#5126,#5127,#5128,#5129,#5130,#5131,#5132,#5133,#5134,#5135,#5136,#5137,
#5138,#5139,#5140,#5141,#5142,#5143,#5144,#5145,#5146,#5147,#5148,#5149,
#5150,#5151,#5152,#5153,#5154,#5155,#5156,#5157,#5158,#5159,#5160,#5161,
#5162,#5163,#5164,#5165,#5166,#5167,#5168,#5169,#5170,#5171,#5172,#5173,
#5174,#5175,#5176,#5177,#5178,#5179,#5180,#5181,#5182,#5183,#5184,#5185,
#5186,#5187,#5188,#5189,#5190,#5191,#5192,#5193,#5194,#5195,#5196,#5197,
#5198,#5199,#5200,#5201,#5202,#5203,#5204,#5205,#5206,#5207,#5208),
 .UNSPECIFIED.,.F.,.F.,(4,1,1,1,1,1,1,1,1,1,1,1,1,1,1,1,1,1,1,1,1,1,1,1,
1,1,1,1,1,1,1,1,1,1,1,1,1,1,1,1,1,1,1,1,1,1,1,1,1,1,1,1,1,1,1,1,1,1,1,1,
1,1,1,1,1,1,1,1,1,1,1,1,1,1,1,1,1,1,1,1,1,1,1,1,1,1,1,1,1,1,1,1,1,1,1,1,
1,1,1,1,1,1,1,1,1,1,1,1,1,1,1,1,1,1,1,1,1,1,1,1,1,1,4),(0.,0.015625,0.03125,
0.046875,0.0546875,0.0625,0.06640625,0.0703125,0.072265625,0.07421875,0.078125,
0.0859375,0.09375,0.1015625,0.109375,0.1171875,0.12109375,0.125,0.12890625,
0.1328125,0.140625,0.15625,0.1640625,0.171875,0.1796875,0.18359375,0.1875,
0.19140625,0.1953125,0.203125,0.2109375,0.21875,0.234375,0.2421875,0.24609375,
0.25,0.25390625,0.2578125,0.265625,0.28125,0.296875,0.3046875,0.30859375,
0.310546875,0.3125,0.314453125,0.31640625,0.3203125,0.328125,0.3359375,
0.34375,0.3515625,0.359375,0.3671875,0.37109375,0.373046875,0.375,0.376953125,
0.37890625,0.3828125,0.390625,0.40625,0.421875,0.4296875,0.4375,0.4453125,
0.453125,0.46875,0.484375,0.4921875,0.49609375,0.5,0.50390625,0.5078125,
0.515625,0.53125,0.546875,0.5546875,0.5625,0.56640625,0.5703125,0.5712890625,
0.572265625,0.57421875,0.578125,0.5859375,0.59375,0.6015625,0.60546875,
0.609375,0.6171875,0.625,0.6328125,0.63671875,0.640625,0.642578125,0.64453125,
0.6484375,0.65625,0.671875,0.6875,0.703125,0.7109375,0.71484375,0.71875,
0.734375,0.75,0.78125,0.8125,0.84375,0.859375,0.875,0.8828125,0.88671875,
0.890625,0.892578125,0.89453125,0.8984375,0.90625,0.921875,0.9375,0.96875,
1.),.UNSPECIFIED.);
#79=B_SPLINE_CURVE_WITH_KNOTS('',3,(#5210,#5211,#5212,#5213,#5214,#5215,
#5216,#5217,#5218,#5219,#5220),.UNSPECIFIED.,.F.,.F.,(4,1,1,1,1,1,1,1,4),
(0.,0.125,0.25,0.375,0.5,0.625,0.75,0.875,1.),.UNSPECIFIED.);
#80=B_SPLINE_CURVE_WITH_KNOTS('',3,(#5222,#5223,#5224,#5225,#5226,#5227,
#5228,#5229,#5230,#5231,#5232),.UNSPECIFIED.,.F.,.F.,(4,1,1,1,1,1,1,1,4),
(0.,0.125,0.25,0.375,0.5,0.625,0.75,0.875,1.),.UNSPECIFIED.);
#81=B_SPLINE_CURVE_WITH_KNOTS('',3,(#5234,#5235,#5236,#5237,#5238,#5239,
#5240,#5241,#5242,#5243,#5244),.UNSPECIFIED.,.F.,.F.,(4,1,1,1,1,1,1,1,4),
(0.,0.125,0.25,0.375,0.5,0.625,0.75,0.875,1.),.UNSPECIFIED.);
#82=B_SPLINE_CURVE_WITH_KNOTS('',3,(#5246,#5247,#5248,#5249,#5250,#5251,
#5252,#5253,#5254,#5255,#5256),.UNSPECIFIED.,.F.,.F.,(4,1,1,1,1,1,1,1,4),
(0.,0.125,0.25,0.375,0.5,0.625,0.75,0.875,1.),.UNSPECIFIED.);
#83=B_SPLINE_CURVE_WITH_KNOTS('',3,(#5258,#5259,#5260,#5261,#5262,#5263,
#5264,#5265,#5266,#5267,#5268),.UNSPECIFIED.,.F.,.F.,(4,1,1,1,1,1,1,1,4),
(0.,0.125,0.25,0.375,0.5,0.625,0.75,0.875,1.),.UNSPECIFIED.);
#84=B_SPLINE_CURVE_WITH_KNOTS('',3,(#5270,#5271,#5272,#5273,#5274,#5275,
#5276,#5277,#5278,#5279,#5280),.UNSPECIFIED.,.F.,.F.,(4,1,1,1,1,1,1,1,4),
(0.,0.125,0.25,0.375,0.5,0.625,0.75,0.875,1.),.UNSPECIFIED.);
#85=B_SPLINE_CURVE_WITH_KNOTS('',3,(#5282,#5283,#5284,#5285,#5286,#5287,
#5288,#5289,#5290,#5291,#5292,#5293,#5294,#5295,#5296,#5297,#5298,#5299,
#5300,#5301,#5302,#5303,#5304,#5305,#5306,#5307,#5308,#5309,#5310,#5311,
#5312,#5313,#5314,#5315,#5316,#5317,#5318,#5319,#5320,#5321,#5322,#5323,
#5324,#5325,#5326,#5327,#5328,#5329,#5330,#5331,#5332,#5333,#5334,#5335,
#5336,#5337,#5338,#5339,#5340,#5341,#5342,#5343,#5344,#5345,#5346),
 .UNSPECIFIED.,.F.,.F.,(4,1,1,1,1,1,1,1,1,1,1,1,1,1,1,1,1,1,1,1,1,1,1,1,
1,1,1,1,1,1,1,1,1,1,1,1,1,1,1,1,1,1,1,1,1,1,1,1,1,1,1,1,1,1,1,1,1,1,1,1,
1,1,4),(0.,0.0625,0.09375,0.125,0.140625,0.15625,0.1875,0.21875,0.234375,
0.2421875,0.25,0.2578125,0.265625,0.28125,0.3125,0.328125,0.34375,0.359375,
0.3671875,0.37109375,0.375,0.37890625,0.3828125,0.390625,0.40625,0.421875,
0.4375,0.46875,0.484375,0.4921875,0.5,0.5078125,0.515625,0.53125,0.546875,
0.5625,0.578125,0.59375,0.609375,0.6171875,0.62109375,0.625,0.62890625,
0.6328125,0.640625,0.65625,0.671875,0.6875,0.71875,0.734375,0.7421875,0.74609375,
0.75,0.75390625,0.7578125,0.765625,0.78125,0.796875,0.8125,0.84375,0.875,
0.9375,1.),.UNSPECIFIED.);
#86=B_SPLINE_CURVE_WITH_KNOTS('',3,(#6325,#6326,#6327,#6328,#6329,#6330,
#6331,#6332,#6333,#6334,#6335,#6336,#6337,#6338,#6339,#6340,#6341,#6342,
#6343,#6344,#6345,#6346,#6347,#6348,#6349,#6350,#6351,#6352,#6353,#6354,
#6355,#6356,#6357,#6358,#6359,#6360,#6361,#6362,#6363,#6364,#6365,#6366,
#6367,#6368),.UNSPECIFIED.,.F.,.F.,(4,1,1,1,1,1,1,1,1,1,1,1,1,1,1,1,1,1,
1,1,1,1,1,1,1,1,1,1,1,1,1,1,1,1,1,1,1,1,1,1,1,4),(0.,0.0625,0.09375,0.109375,
0.1171875,0.125,0.1328125,0.140625,0.15625,0.1875,0.21875,0.25,0.265625,
0.28125,0.3125,0.375,0.40625,0.4375,0.46875,0.484375,0.4921875,0.5,0.5078125,
0.515625,0.53125,0.5625,0.59375,0.609375,0.6171875,0.625,0.6328125,0.640625,
0.65625,0.6875,0.71875,0.734375,0.75,0.78125,0.8125,0.875,0.9375,1.),
 .UNSPECIFIED.);
#87=B_SPLINE_CURVE_WITH_KNOTS('',3,(#6370,#6371,#6372,#6373,#6374,#6375,
#6376,#6377,#6378,#6379,#6380,#6381,#6382,#6383,#6384,#6385,#6386,#6387,
#6388,#6389,#6390,#6391,#6392,#6393,#6394,#6395,#6396,#6397,#6398,#6399,
#6400,#6401,#6402,#6403,#6404,#6405,#6406,#6407,#6408,#6409,#6410,#6411,
#6412,#6413,#6414,#6415,#6416,#6417,#6418,#6419,#6420,#6421,#6422,#6423,
#6424,#6425,#6426,#6427,#6428,#6429,#6430,#6431,#6432,#6433,#6434,#6435,
#6436,#6437,#6438,#6439,#6440,#6441,#6442,#6443,#6444,#6445,#6446,#6447,
#6448,#6449,#6450,#6451,#6452,#6453,#6454,#6455,#6456,#6457,#6458,#6459,
#6460,#6461),.UNSPECIFIED.,.F.,.F.,(4,1,1,1,1,1,1,1,1,1,1,1,1,1,1,1,1,1,
1,1,1,1,1,1,1,1,1,1,1,1,1,1,1,1,1,1,1,1,1,1,1,1,1,1,1,1,1,1,1,1,1,1,1,1,
1,1,1,1,1,1,1,1,1,1,1,1,1,1,1,1,1,1,1,1,1,1,1,1,1,1,1,1,1,1,1,1,1,1,1,4),
(0.,0.015625,0.0234375,0.03125,0.0390625,0.046875,0.0625,0.078125,0.0859375,
0.09375,0.109375,0.125,0.140625,0.15625,0.1640625,0.171875,0.1796875,0.1875,
0.203125,0.21875,0.234375,0.2421875,0.25,0.265625,0.28125,0.296875,0.3046875,
0.3125,0.3203125,0.328125,0.34375,0.359375,0.3671875,0.375,0.3828125,0.390625,
0.40625,0.421875,0.4375,0.4453125,0.453125,0.46875,0.4765625,0.484375,0.4921875,
0.5,0.5078125,0.515625,0.53125,0.546875,0.5546875,0.5625,0.5703125,0.578125,
0.59375,0.609375,0.625,0.6328125,0.640625,0.6484375,0.65625,0.671875,0.6796875,
0.6875,0.6953125,0.703125,0.71875,0.734375,0.75,0.765625,0.78125,0.7890625,
0.796875,0.8125,0.828125,0.8359375,0.84375,0.8515625,0.859375,0.875,0.890625,
0.8984375,0.90625,0.921875,0.9375,0.953125,0.96875,0.984375,0.9921875,1.),
 .UNSPECIFIED.);
#88=B_SPLINE_CURVE_WITH_KNOTS('',3,(#6462,#6463,#6464,#6465,#6466,#6467,
#6468,#6469,#6470,#6471,#6472,#6473,#6474,#6475,#6476,#6477,#6478,#6479,
#6480,#6481,#6482,#6483,#6484,#6485,#6486,#6487,#6488,#6489,#6490,#6491,
#6492,#6493,#6494,#6495,#6496,#6497,#6498,#6499,#6500,#6501,#6502,#6503,
#6504,#6505,#6506,#6507,#6508,#6509,#6510,#6511,#6512,#6513,#6514,#6515,
#6516,#6517,#6518,#6519,#6520,#6521,#6522,#6523,#6524,#6525,#6526,#6527,
#6528,#6529,#6530),.UNSPECIFIED.,.F.,.F.,(4,1,1,1,1,1,1,1,1,1,1,1,1,1,1,
1,1,1,1,1,1,1,1,1,1,1,1,1,1,1,1,1,1,1,1,1,1,1,1,1,1,1,1,1,1,1,1,1,1,1,1,
1,1,1,1,1,1,1,1,1,1,1,1,1,1,1,4),(0.,0.0625,0.09375,0.109375,0.125,0.140625,
0.15625,0.1875,0.203125,0.21875,0.234375,0.2421875,0.24609375,0.25,0.25390625,
0.2578125,0.265625,0.28125,0.296875,0.3125,0.328125,0.34375,0.359375,0.3671875,
0.37109375,0.375,0.37890625,0.3828125,0.390625,0.40625,0.421875,0.4375,
0.46875,0.484375,0.5,0.515625,0.53125,0.5625,0.59375,0.609375,0.6171875,
0.625,0.6328125,0.640625,0.65625,0.6875,0.703125,0.71875,0.734375,0.7421875,
0.74609375,0.75,0.75390625,0.7578125,0.765625,0.78125,0.796875,0.8125,0.84375,
0.859375,0.8671875,0.875,0.8828125,0.890625,0.90625,0.9375,1.),
 .UNSPECIFIED.);
#89=B_SPLINE_CURVE_WITH_KNOTS('',3,(#6532,#6533,#6534,#6535,#6536,#6537,
#6538,#6539,#6540,#6541,#6542),.UNSPECIFIED.,.F.,.F.,(4,1,1,1,1,1,1,1,4),
(0.,0.125,0.25,0.375,0.5,0.625,0.75,0.875,1.),.UNSPECIFIED.);
#90=B_SPLINE_CURVE_WITH_KNOTS('',3,(#6544,#6545,#6546,#6547,#6548,#6549,
#6550,#6551,#6552,#6553,#6554),.UNSPECIFIED.,.F.,.F.,(4,1,1,1,1,1,1,1,4),
(0.,0.125,0.25,0.375,0.5,0.625,0.75,0.875,1.),.UNSPECIFIED.);
#91=B_SPLINE_CURVE_WITH_KNOTS('',3,(#6556,#6557,#6558,#6559,#6560,#6561,
#6562,#6563,#6564,#6565,#6566),.UNSPECIFIED.,.F.,.F.,(4,1,1,1,1,1,1,1,4),
(0.,0.125,0.25,0.375,0.5,0.625,0.75,0.875,1.),.UNSPECIFIED.);
#92=B_SPLINE_CURVE_WITH_KNOTS('',3,(#6568,#6569,#6570,#6571,#6572,#6573,
#6574,#6575,#6576,#6577,#6578),.UNSPECIFIED.,.F.,.F.,(4,1,1,1,1,1,1,1,4),
(0.,0.125,0.25,0.375,0.5,0.625,0.75,0.875,1.),.UNSPECIFIED.);
#93=B_SPLINE_CURVE_WITH_KNOTS('',3,(#6580,#6581,#6582,#6583,#6584,#6585,
#6586,#6587,#6588,#6589,#6590),.UNSPECIFIED.,.F.,.F.,(4,1,1,1,1,1,1,1,4),
(0.,0.125,0.25,0.375,0.5,0.625,0.75,0.875,1.),.UNSPECIFIED.);
#94=B_SPLINE_CURVE_WITH_KNOTS('',3,(#7463,#7464,#7465,#7466,#7467,#7468,
#7469,#7470,#7471),.UNSPECIFIED.,.F.,.F.,(4,1,1,1,1,1,4),(3.2958561707621E-6,
0.250002471892128,0.375002059910107,0.500001647928085,0.625001235946064,
0.750000823964043,1.),.UNSPECIFIED.);
#95=B_SPLINE_CURVE_WITH_KNOTS('',3,(#7473,#7474,#7475,#7476,#7477,#7478,
#7479,#7480,#7481,#7482,#7483),.UNSPECIFIED.,.F.,.F.,(4,1,1,1,1,1,1,1,4),
(0.,0.249999174401714,0.374998761602571,0.437498555202999,0.499998348803428,
0.562498142403856,0.624997936004284,0.749997523205141,0.999996697606855),
 .UNSPECIFIED.);
#96=B_SPLINE_CURVE_WITH_KNOTS('',3,(#7531,#7532,#7533,#7534,#7535,#7536,
#7537),.UNSPECIFIED.,.F.,.F.,(4,1,1,1,4),(7.19492115448475E-17,0.00121668386422604,
0.002433367728452,0.00365005159267796,0.00486673545690392),
 .UNSPECIFIED.);
#97=B_SPLINE_CURVE_WITH_KNOTS('',3,(#7548,#7549,#7550,#7551,#7552,#7553,
#7554),.UNSPECIFIED.,.F.,.F.,(4,1,1,1,4),(-0.000702447319632241,0.000514225910418701,
0.00173089914046964,0.00294757237052058,0.00416424560057153),
 .UNSPECIFIED.);
#98=B_SPLINE_CURVE_WITH_KNOTS('',3,(#7556,#7557,#7558,#7559,#7560,#7561,
#7562),.UNSPECIFIED.,.F.,.F.,(4,1,1,1,4),(-0.00115626711023415,5.97364360249518E-5,
0.00127573998228406,0.00249174352854316,0.00370774707480226),
 .UNSPECIFIED.);
#99=B_SPLINE_CURVE_WITH_KNOTS('',3,(#7564,#7565,#7566,#7567,#7568,#7569,
#7570),.UNSPECIFIED.,.F.,.F.,(4,1,1,1,4),(-0.00151359223410128,-0.000296931100223803,
0.00091973003365367,0.00213639116753114,0.00335305230140862),
 .UNSPECIFIED.);
#100=B_SPLINE_CURVE_WITH_KNOTS('',3,(#7572,#7573,#7574,#7575,#7576,#7577,
#7578),.UNSPECIFIED.,.F.,.F.,(4,1,1,1,4),(-0.00183243263203637,-0.000616006905214036,
0.000600418821608302,0.00181684454843064,0.00303327027525298),
 .UNSPECIFIED.);
#101=B_SPLINE_CURVE_WITH_KNOTS('',3,(#7580,#7581,#7582,#7583,#7584,#7585,
#7586),.UNSPECIFIED.,.F.,.F.,(4,1,1,1,4),(-0.00213716172196648,-0.000920245031920036,
0.000296671658126412,0.00151358834817286,0.00273050503821931),
 .UNSPECIFIED.);
#102=B_SPLINE_CURVE_WITH_KNOTS('',3,(#7588,#7589,#7590,#7591,#7592,#7593,
#7594),.UNSPECIFIED.,.F.,.F.,(4,1,1,1,4),(-0.00243647582801581,-0.00121890990203246,
-1.34397604911133E-6,0.00121622194993424,0.00243378787591758),
 .UNSPECIFIED.);
#103=B_SPLINE_CURVE_WITH_KNOTS('',3,(#7596,#7597,#7598,#7599,#7600,#7601,
#7602),.UNSPECIFIED.,.F.,.F.,(4,1,1,1,4),(-0.00273269561155903,-0.00151585521270237,
-0.000299014813845712,0.00091782558501095,0.00213466598386761),
 .UNSPECIFIED.);
#104=B_SPLINE_CURVE_WITH_KNOTS('',3,(#7604,#7605,#7606,#7607,#7608,#7609,
#7610),.UNSPECIFIED.,.F.,.F.,(4,1,1,1,4),(-0.00303551116566356,-0.00181893936200035,
-0.000602367558337139,0.000614204245326071,0.00183077604898928),
 .UNSPECIFIED.);
#105=B_SPLINE_CURVE_WITH_KNOTS('',3,(#7612,#7613,#7614,#7615,#7616,#7617,
#7618),.UNSPECIFIED.,.F.,.F.,(4,1,1,1,4),(-0.00335160634430393,-0.00213604194897746,
-0.000920477553650992,0.000295086841675476,0.00151065123700194),
 .UNSPECIFIED.);
#106=B_SPLINE_CURVE_WITH_KNOTS('',3,(#7620,#7621,#7622,#7623,#7624,#7625,
#7626),.UNSPECIFIED.,.F.,.F.,(4,1,1,1,4),(-0.00370316342604073,-0.00248881370463062,
-0.00127446398322051,-6.01142618104081E-5,0.0011542354595997),
 .UNSPECIFIED.);
#107=B_SPLINE_CURVE_WITH_KNOTS('',3,(#7628,#7629,#7630,#7631,#7632,#7633,
#7634),.UNSPECIFIED.,.F.,.F.,(4,1,1,1,4),(-0.00416137517049846,-0.00294558347507684,
-0.00172979177965521,-0.000514000084233583,0.000701791611188044),
 .UNSPECIFIED.);
#108=CYLINDRICAL_SURFACE('',#1895,0.01675);
#109=CYLINDRICAL_SURFACE('',#1902,0.01675);
#110=CYLINDRICAL_SURFACE('',#1914,0.01675);
#111=CYLINDRICAL_SURFACE('',#1921,0.01675);
#112=CYLINDRICAL_SURFACE('',#1928,0.01675);
#113=CYLINDRICAL_SURFACE('',#1935,0.01675);
#114=CYLINDRICAL_SURFACE('',#1942,0.01675);
#115=CYLINDRICAL_SURFACE('',#1944,0.0019);
#116=CYLINDRICAL_SURFACE('',#1946,0.0019);
#117=CYLINDRICAL_SURFACE('',#1948,0.0019);
#118=CYLINDRICAL_SURFACE('',#1950,0.0019);
#119=CYLINDRICAL_SURFACE('',#1952,0.0019);
#120=CYLINDRICAL_SURFACE('',#1954,0.0019);
#121=CYLINDRICAL_SURFACE('',#1956,0.0019);
#122=CYLINDRICAL_SURFACE('',#1958,0.0019);
#123=CYLINDRICAL_SURFACE('',#1960,0.0019);
#124=CYLINDRICAL_SURFACE('',#1962,0.0019);
#125=CYLINDRICAL_SURFACE('',#1964,0.0019);
#126=CYLINDRICAL_SURFACE('',#1966,0.0019);
#127=CYLINDRICAL_SURFACE('',#1968,0.0019);
#128=CYLINDRICAL_SURFACE('',#1970,0.0019);
#129=CYLINDRICAL_SURFACE('',#1972,0.0019);
#130=CYLINDRICAL_SURFACE('',#1974,0.0019);
#131=CYLINDRICAL_SURFACE('',#1976,0.0019);
#132=CYLINDRICAL_SURFACE('',#1978,0.0019);
#133=CYLINDRICAL_SURFACE('',#1980,0.0019);
#134=CYLINDRICAL_SURFACE('',#1982,0.0019);
#135=CYLINDRICAL_SURFACE('',#1984,0.0019);
#136=CYLINDRICAL_SURFACE('',#1986,0.0019);
#137=CYLINDRICAL_SURFACE('',#1988,0.0019);
#138=CYLINDRICAL_SURFACE('',#1990,0.0019);
#139=CYLINDRICAL_SURFACE('',#1992,0.0019);
#140=CYLINDRICAL_SURFACE('',#1994,0.0019);
#141=CYLINDRICAL_SURFACE('',#1996,0.0019);
#142=CYLINDRICAL_SURFACE('',#1998,0.0019);
#143=CYLINDRICAL_SURFACE('',#2000,0.000989958691524899);
#144=CYLINDRICAL_SURFACE('',#2015,0.000989996382330177);
#145=CYLINDRICAL_SURFACE('',#2017,0.000990002507645737);
#146=CYLINDRICAL_SURFACE('',#2051,0.0019);
#147=CYLINDRICAL_SURFACE('',#2058,0.016075);
#148=CYLINDRICAL_SURFACE('',#2061,0.014725);
#149=CYLINDRICAL_SURFACE('',#2065,0.02045);
#150=CYLINDRICAL_SURFACE('',#2067,0.0019);
#151=CYLINDRICAL_SURFACE('',#2068,0.0019);
#152=CYLINDRICAL_SURFACE('',#2069,0.0019);
#153=CYLINDRICAL_SURFACE('',#2070,0.0019);
#154=CYLINDRICAL_SURFACE('',#2071,0.0019);
#155=CYLINDRICAL_SURFACE('',#2072,0.0019);
#156=CYLINDRICAL_SURFACE('',#2073,0.0019);
#157=CYLINDRICAL_SURFACE('',#2074,0.0019);
#158=CYLINDRICAL_SURFACE('',#2075,0.0019);
#159=CYLINDRICAL_SURFACE('',#2076,0.0019);
#160=CYLINDRICAL_SURFACE('',#2077,0.0019);
#161=CYLINDRICAL_SURFACE('',#2078,0.01675);
#162=CYLINDRICAL_SURFACE('',#2079,0.002);
#163=CYLINDRICAL_SURFACE('',#2080,0.002);
#164=CIRCLE('',#1891,0.01675);
#165=CIRCLE('',#1892,0.016075);
#166=CIRCLE('',#1896,0.01675);
#167=CIRCLE('',#1898,0.01675);
#168=CIRCLE('',#1899,0.016075);
#169=CIRCLE('',#1903,0.01675);
#170=CIRCLE('',#1905,0.01675);
#171=CIRCLE('',#1906,0.016075);
#172=CIRCLE('',#1910,0.01675);
#173=CIRCLE('',#1911,0.016075);
#174=CIRCLE('',#1915,0.01675);
#175=CIRCLE('',#1917,0.01675);
#176=CIRCLE('',#1918,0.016075);
#177=CIRCLE('',#1922,0.01675);
#178=CIRCLE('',#1924,0.01675);
#179=CIRCLE('',#1925,0.016075);
#180=CIRCLE('',#1929,0.01675);
#181=CIRCLE('',#1931,0.01675);
#182=CIRCLE('',#1932,0.016075);
#183=CIRCLE('',#1936,0.01675);
#184=CIRCLE('',#1938,0.01675);
#185=CIRCLE('',#1939,0.016075);
#186=CIRCLE('',#1943,0.01675);
#187=CIRCLE('',#1945,0.0019);
#188=CIRCLE('',#1947,0.0019);
#189=CIRCLE('',#1949,0.0019);
#190=CIRCLE('',#1951,0.0019);
#191=CIRCLE('',#1953,0.0019);
#192=CIRCLE('',#1955,0.0019);
#193=CIRCLE('',#1957,0.0019);
#194=CIRCLE('',#1959,0.0019);
#195=CIRCLE('',#1961,0.0019);
#196=CIRCLE('',#1963,0.0019);
#197=CIRCLE('',#1965,0.0019);
#198=CIRCLE('',#1967,0.0019);
#199=CIRCLE('',#1969,0.0019);
#200=CIRCLE('',#1971,0.0019);
#201=CIRCLE('',#1973,0.0019);
#202=CIRCLE('',#1975,0.0019);
#203=CIRCLE('',#1977,0.0019);
#204=CIRCLE('',#1979,0.0019);
#205=CIRCLE('',#1981,0.0019);
#206=CIRCLE('',#1983,0.0019);
#207=CIRCLE('',#1985,0.0019);
#208=CIRCLE('',#1987,0.0019);
#209=CIRCLE('',#1989,0.0019);
#210=CIRCLE('',#1991,0.0019);
#211=CIRCLE('',#1993,0.0019);
#212=CIRCLE('',#1995,0.0019);
#213=CIRCLE('',#1997,0.0019);
#214=CIRCLE('',#1999,0.0019);
#215=CIRCLE('',#2001,0.0006);
#216=CIRCLE('',#2003,0.0006);
#217=CIRCLE('',#2004,0.0006);
#218=CIRCLE('',#2006,0.0006);
#219=CIRCLE('',#2007,0.016075);
#220=CIRCLE('',#2008,0.015565566037736);
#221=CIRCLE('',#2010,0.0006);
#222=CIRCLE('',#2011,0.0006);
#223=CIRCLE('',#2012,0.0006);
#224=CIRCLE('',#2013,0.0182502115269881);
#225=CIRCLE('',#2014,0.00099);
#226=CIRCLE('',#2016,0.0681954831607757);
#227=CIRCLE('',#2018,0.0460440902792224);
#228=CIRCLE('',#2019,0.00099);
#229=CIRCLE('',#2020,0.00652699518076256);
#230=CIRCLE('',#2023,0.02045);
#231=CIRCLE('',#2024,0.016075);
#232=CIRCLE('',#2025,0.016075);
#233=CIRCLE('',#2026,0.016075);
#234=CIRCLE('',#2027,0.016075);
#235=CIRCLE('',#2028,0.016075);
#236=CIRCLE('',#2029,0.016075);
#237=CIRCLE('',#2030,0.01675);
#238=CIRCLE('',#2031,0.016075);
#239=CIRCLE('',#2032,0.016075);
#240=CIRCLE('',#2034,0.02045);
#241=CIRCLE('',#2035,0.0019);
#242=CIRCLE('',#2036,0.0019);
#243=CIRCLE('',#2037,0.0019);
#244=CIRCLE('',#2038,0.0019);
#245=CIRCLE('',#2039,0.0019);
#246=CIRCLE('',#2040,0.0019);
#247=CIRCLE('',#2041,0.0019);
#248=CIRCLE('',#2042,0.0019);
#249=CIRCLE('',#2043,0.0019);
#250=CIRCLE('',#2044,0.0019);
#251=CIRCLE('',#2045,0.0019);
#252=CIRCLE('',#2046,0.0019);
#253=CIRCLE('',#2048,0.002);
#254=CIRCLE('',#2049,0.002);
#255=CIRCLE('',#2050,0.013225);
#256=CIRCLE('',#2053,0.002);
#257=CIRCLE('',#2054,0.002);
#258=CIRCLE('',#2055,0.0171);
#259=CIRCLE('',#2056,0.002);
#260=CIRCLE('',#2060,0.014725);
#261=CIRCLE('',#2062,0.014725);
#262=ORIENTED_EDGE('',*,*,#826,.T.);
#263=ORIENTED_EDGE('',*,*,#827,.T.);
#264=ORIENTED_EDGE('',*,*,#828,.T.);
#265=ORIENTED_EDGE('',*,*,#829,.F.);
#266=ORIENTED_EDGE('',*,*,#830,.T.);
#267=ORIENTED_EDGE('',*,*,#828,.F.);
#268=ORIENTED_EDGE('',*,*,#831,.T.);
#269=ORIENTED_EDGE('',*,*,#832,.T.);
#270=ORIENTED_EDGE('',*,*,#833,.T.);
#271=ORIENTED_EDGE('',*,*,#834,.T.);
#272=ORIENTED_EDGE('',*,*,#835,.F.);
#273=ORIENTED_EDGE('',*,*,#826,.F.);
#274=ORIENTED_EDGE('',*,*,#836,.T.);
#275=ORIENTED_EDGE('',*,*,#831,.F.);
#276=ORIENTED_EDGE('',*,*,#827,.F.);
#277=ORIENTED_EDGE('',*,*,#835,.T.);
#278=ORIENTED_EDGE('',*,*,#837,.T.);
#279=ORIENTED_EDGE('',*,*,#838,.T.);
#280=ORIENTED_EDGE('',*,*,#839,.T.);
#281=ORIENTED_EDGE('',*,*,#840,.F.);
#282=ORIENTED_EDGE('',*,*,#841,.T.);
#283=ORIENTED_EDGE('',*,*,#839,.F.);
#284=ORIENTED_EDGE('',*,*,#842,.T.);
#285=ORIENTED_EDGE('',*,*,#843,.T.);
#286=ORIENTED_EDGE('',*,*,#844,.T.);
#287=ORIENTED_EDGE('',*,*,#845,.T.);
#288=ORIENTED_EDGE('',*,*,#846,.F.);
#289=ORIENTED_EDGE('',*,*,#837,.F.);
#290=ORIENTED_EDGE('',*,*,#847,.T.);
#291=ORIENTED_EDGE('',*,*,#842,.F.);
#292=ORIENTED_EDGE('',*,*,#838,.F.);
#293=ORIENTED_EDGE('',*,*,#846,.T.);
#294=ORIENTED_EDGE('',*,*,#848,.T.);
#295=ORIENTED_EDGE('',*,*,#849,.T.);
#296=ORIENTED_EDGE('',*,*,#850,.T.);
#297=ORIENTED_EDGE('',*,*,#851,.F.);
#298=ORIENTED_EDGE('',*,*,#852,.T.);
#299=ORIENTED_EDGE('',*,*,#850,.F.);
#300=ORIENTED_EDGE('',*,*,#853,.T.);
#301=ORIENTED_EDGE('',*,*,#854,.T.);
#302=ORIENTED_EDGE('',*,*,#855,.T.);
#303=ORIENTED_EDGE('',*,*,#856,.T.);
#304=ORIENTED_EDGE('',*,*,#857,.F.);
#305=ORIENTED_EDGE('',*,*,#848,.F.);
#306=ORIENTED_EDGE('',*,*,#858,.T.);
#307=ORIENTED_EDGE('',*,*,#859,.T.);
#308=ORIENTED_EDGE('',*,*,#860,.T.);
#309=ORIENTED_EDGE('',*,*,#861,.F.);
#310=ORIENTED_EDGE('',*,*,#862,.T.);
#311=ORIENTED_EDGE('',*,*,#860,.F.);
#312=ORIENTED_EDGE('',*,*,#863,.T.);
#313=ORIENTED_EDGE('',*,*,#864,.T.);
#314=ORIENTED_EDGE('',*,*,#865,.T.);
#315=ORIENTED_EDGE('',*,*,#866,.T.);
#316=ORIENTED_EDGE('',*,*,#867,.F.);
#317=ORIENTED_EDGE('',*,*,#858,.F.);
#318=ORIENTED_EDGE('',*,*,#868,.T.);
#319=ORIENTED_EDGE('',*,*,#863,.F.);
#320=ORIENTED_EDGE('',*,*,#859,.F.);
#321=ORIENTED_EDGE('',*,*,#867,.T.);
#322=ORIENTED_EDGE('',*,*,#869,.T.);
#323=ORIENTED_EDGE('',*,*,#870,.T.);
#324=ORIENTED_EDGE('',*,*,#871,.T.);
#325=ORIENTED_EDGE('',*,*,#872,.F.);
#326=ORIENTED_EDGE('',*,*,#873,.T.);
#327=ORIENTED_EDGE('',*,*,#871,.F.);
#328=ORIENTED_EDGE('',*,*,#874,.T.);
#329=ORIENTED_EDGE('',*,*,#875,.T.);
#330=ORIENTED_EDGE('',*,*,#876,.T.);
#331=ORIENTED_EDGE('',*,*,#877,.T.);
#332=ORIENTED_EDGE('',*,*,#878,.F.);
#333=ORIENTED_EDGE('',*,*,#869,.F.);
#334=ORIENTED_EDGE('',*,*,#879,.T.);
#335=ORIENTED_EDGE('',*,*,#874,.F.);
#336=ORIENTED_EDGE('',*,*,#870,.F.);
#337=ORIENTED_EDGE('',*,*,#878,.T.);
#338=ORIENTED_EDGE('',*,*,#880,.T.);
#339=ORIENTED_EDGE('',*,*,#881,.T.);
#340=ORIENTED_EDGE('',*,*,#882,.T.);
#341=ORIENTED_EDGE('',*,*,#883,.F.);
#342=ORIENTED_EDGE('',*,*,#884,.T.);
#343=ORIENTED_EDGE('',*,*,#882,.F.);
#344=ORIENTED_EDGE('',*,*,#885,.T.);
#345=ORIENTED_EDGE('',*,*,#886,.T.);
#346=ORIENTED_EDGE('',*,*,#887,.T.);
#347=ORIENTED_EDGE('',*,*,#888,.T.);
#348=ORIENTED_EDGE('',*,*,#889,.F.);
#349=ORIENTED_EDGE('',*,*,#880,.F.);
#350=ORIENTED_EDGE('',*,*,#890,.T.);
#351=ORIENTED_EDGE('',*,*,#885,.F.);
#352=ORIENTED_EDGE('',*,*,#881,.F.);
#353=ORIENTED_EDGE('',*,*,#889,.T.);
#354=ORIENTED_EDGE('',*,*,#891,.T.);
#355=ORIENTED_EDGE('',*,*,#892,.T.);
#356=ORIENTED_EDGE('',*,*,#893,.T.);
#357=ORIENTED_EDGE('',*,*,#894,.F.);
#358=ORIENTED_EDGE('',*,*,#895,.T.);
#359=ORIENTED_EDGE('',*,*,#893,.F.);
#360=ORIENTED_EDGE('',*,*,#896,.T.);
#361=ORIENTED_EDGE('',*,*,#897,.T.);
#362=ORIENTED_EDGE('',*,*,#898,.T.);
#363=ORIENTED_EDGE('',*,*,#899,.T.);
#364=ORIENTED_EDGE('',*,*,#900,.F.);
#365=ORIENTED_EDGE('',*,*,#891,.F.);
#366=ORIENTED_EDGE('',*,*,#901,.T.);
#367=ORIENTED_EDGE('',*,*,#896,.F.);
#368=ORIENTED_EDGE('',*,*,#892,.F.);
#369=ORIENTED_EDGE('',*,*,#900,.T.);
#370=ORIENTED_EDGE('',*,*,#902,.T.);
#371=ORIENTED_EDGE('',*,*,#903,.T.);
#372=ORIENTED_EDGE('',*,*,#904,.T.);
#373=ORIENTED_EDGE('',*,*,#905,.F.);
#374=ORIENTED_EDGE('',*,*,#906,.T.);
#375=ORIENTED_EDGE('',*,*,#904,.F.);
#376=ORIENTED_EDGE('',*,*,#907,.T.);
#377=ORIENTED_EDGE('',*,*,#908,.T.);
#378=ORIENTED_EDGE('',*,*,#909,.T.);
#379=ORIENTED_EDGE('',*,*,#910,.T.);
#380=ORIENTED_EDGE('',*,*,#911,.F.);
#381=ORIENTED_EDGE('',*,*,#902,.F.);
#382=ORIENTED_EDGE('',*,*,#912,.T.);
#383=ORIENTED_EDGE('',*,*,#907,.F.);
#384=ORIENTED_EDGE('',*,*,#903,.F.);
#385=ORIENTED_EDGE('',*,*,#911,.T.);
#386=ORIENTED_EDGE('',*,*,#913,.F.);
#387=ORIENTED_EDGE('',*,*,#914,.F.);
#388=ORIENTED_EDGE('',*,*,#915,.F.);
#389=ORIENTED_EDGE('',*,*,#916,.F.);
#390=ORIENTED_EDGE('',*,*,#915,.T.);
#391=ORIENTED_EDGE('',*,*,#917,.F.);
#392=ORIENTED_EDGE('',*,*,#918,.F.);
#393=ORIENTED_EDGE('',*,*,#919,.F.);
#394=ORIENTED_EDGE('',*,*,#918,.T.);
#395=ORIENTED_EDGE('',*,*,#920,.F.);
#396=ORIENTED_EDGE('',*,*,#921,.F.);
#397=ORIENTED_EDGE('',*,*,#922,.F.);
#398=ORIENTED_EDGE('',*,*,#921,.T.);
#399=ORIENTED_EDGE('',*,*,#923,.F.);
#400=ORIENTED_EDGE('',*,*,#924,.F.);
#401=ORIENTED_EDGE('',*,*,#925,.F.);
#402=ORIENTED_EDGE('',*,*,#924,.T.);
#403=ORIENTED_EDGE('',*,*,#926,.F.);
#404=ORIENTED_EDGE('',*,*,#927,.F.);
#405=ORIENTED_EDGE('',*,*,#928,.F.);
#406=ORIENTED_EDGE('',*,*,#929,.T.);
#407=ORIENTED_EDGE('',*,*,#930,.F.);
#408=ORIENTED_EDGE('',*,*,#931,.F.);
#409=ORIENTED_EDGE('',*,*,#932,.F.);
#410=ORIENTED_EDGE('',*,*,#931,.T.);
#411=ORIENTED_EDGE('',*,*,#933,.F.);
#412=ORIENTED_EDGE('',*,*,#934,.F.);
#413=ORIENTED_EDGE('',*,*,#935,.F.);
#414=ORIENTED_EDGE('',*,*,#934,.T.);
#415=ORIENTED_EDGE('',*,*,#936,.F.);
#416=ORIENTED_EDGE('',*,*,#937,.F.);
#417=ORIENTED_EDGE('',*,*,#938,.F.);
#418=ORIENTED_EDGE('',*,*,#927,.T.);
#419=ORIENTED_EDGE('',*,*,#939,.F.);
#420=ORIENTED_EDGE('',*,*,#929,.F.);
#421=ORIENTED_EDGE('',*,*,#940,.F.);
#422=ORIENTED_EDGE('',*,*,#937,.T.);
#423=ORIENTED_EDGE('',*,*,#941,.F.);
#424=ORIENTED_EDGE('',*,*,#942,.F.);
#425=ORIENTED_EDGE('',*,*,#943,.F.);
#426=ORIENTED_EDGE('',*,*,#944,.T.);
#427=ORIENTED_EDGE('',*,*,#945,.F.);
#428=ORIENTED_EDGE('',*,*,#946,.F.);
#429=ORIENTED_EDGE('',*,*,#947,.F.);
#430=ORIENTED_EDGE('',*,*,#946,.T.);
#431=ORIENTED_EDGE('',*,*,#948,.F.);
#432=ORIENTED_EDGE('',*,*,#949,.F.);
#433=ORIENTED_EDGE('',*,*,#950,.F.);
#434=ORIENTED_EDGE('',*,*,#949,.T.);
#435=ORIENTED_EDGE('',*,*,#951,.F.);
#436=ORIENTED_EDGE('',*,*,#952,.F.);
#437=ORIENTED_EDGE('',*,*,#953,.F.);
#438=ORIENTED_EDGE('',*,*,#942,.T.);
#439=ORIENTED_EDGE('',*,*,#954,.F.);
#440=ORIENTED_EDGE('',*,*,#944,.F.);
#441=ORIENTED_EDGE('',*,*,#955,.F.);
#442=ORIENTED_EDGE('',*,*,#956,.T.);
#443=ORIENTED_EDGE('',*,*,#957,.F.);
#444=ORIENTED_EDGE('',*,*,#958,.F.);
#445=ORIENTED_EDGE('',*,*,#959,.F.);
#446=ORIENTED_EDGE('',*,*,#958,.T.);
#447=ORIENTED_EDGE('',*,*,#960,.F.);
#448=ORIENTED_EDGE('',*,*,#961,.F.);
#449=ORIENTED_EDGE('',*,*,#962,.F.);
#450=ORIENTED_EDGE('',*,*,#961,.T.);
#451=ORIENTED_EDGE('',*,*,#963,.F.);
#452=ORIENTED_EDGE('',*,*,#964,.F.);
#453=ORIENTED_EDGE('',*,*,#965,.F.);
#454=ORIENTED_EDGE('',*,*,#964,.T.);
#455=ORIENTED_EDGE('',*,*,#966,.F.);
#456=ORIENTED_EDGE('',*,*,#967,.F.);
#457=ORIENTED_EDGE('',*,*,#968,.F.);
#458=ORIENTED_EDGE('',*,*,#969,.T.);
#459=ORIENTED_EDGE('',*,*,#970,.F.);
#460=ORIENTED_EDGE('',*,*,#971,.F.);
#461=ORIENTED_EDGE('',*,*,#972,.F.);
#462=ORIENTED_EDGE('',*,*,#971,.T.);
#463=ORIENTED_EDGE('',*,*,#973,.F.);
#464=ORIENTED_EDGE('',*,*,#974,.F.);
#465=ORIENTED_EDGE('',*,*,#975,.F.);
#466=ORIENTED_EDGE('',*,*,#974,.T.);
#467=ORIENTED_EDGE('',*,*,#976,.F.);
#468=ORIENTED_EDGE('',*,*,#977,.F.);
#469=ORIENTED_EDGE('',*,*,#978,.F.);
#470=ORIENTED_EDGE('',*,*,#977,.T.);
#471=ORIENTED_EDGE('',*,*,#979,.F.);
#472=ORIENTED_EDGE('',*,*,#980,.F.);
#473=ORIENTED_EDGE('',*,*,#981,.F.);
#474=ORIENTED_EDGE('',*,*,#982,.T.);
#475=ORIENTED_EDGE('',*,*,#983,.F.);
#476=ORIENTED_EDGE('',*,*,#984,.F.);
#477=ORIENTED_EDGE('',*,*,#985,.F.);
#478=ORIENTED_EDGE('',*,*,#984,.T.);
#479=ORIENTED_EDGE('',*,*,#986,.F.);
#480=ORIENTED_EDGE('',*,*,#987,.F.);
#481=ORIENTED_EDGE('',*,*,#988,.F.);
#482=ORIENTED_EDGE('',*,*,#980,.T.);
#483=ORIENTED_EDGE('',*,*,#989,.F.);
#484=ORIENTED_EDGE('',*,*,#982,.F.);
#485=ORIENTED_EDGE('',*,*,#990,.F.);
#486=ORIENTED_EDGE('',*,*,#967,.T.);
#487=ORIENTED_EDGE('',*,*,#991,.F.);
#488=ORIENTED_EDGE('',*,*,#969,.F.);
#489=ORIENTED_EDGE('',*,*,#992,.F.);
#490=ORIENTED_EDGE('',*,*,#987,.T.);
#491=ORIENTED_EDGE('',*,*,#993,.F.);
#492=ORIENTED_EDGE('',*,*,#994,.F.);
#493=ORIENTED_EDGE('',*,*,#995,.F.);
#494=ORIENTED_EDGE('',*,*,#994,.T.);
#495=ORIENTED_EDGE('',*,*,#996,.F.);
#496=ORIENTED_EDGE('',*,*,#997,.F.);
#497=ORIENTED_EDGE('',*,*,#998,.F.);
#498=ORIENTED_EDGE('',*,*,#999,.T.);
#499=ORIENTED_EDGE('',*,*,#1000,.F.);
#500=ORIENTED_EDGE('',*,*,#1001,.F.);
#501=ORIENTED_EDGE('',*,*,#1002,.T.);
#502=ORIENTED_EDGE('',*,*,#1003,.F.);
#503=ORIENTED_EDGE('',*,*,#999,.F.);
#504=ORIENTED_EDGE('',*,*,#1004,.F.);
#505=ORIENTED_EDGE('',*,*,#1005,.T.);
#506=ORIENTED_EDGE('',*,*,#1006,.F.);
#507=ORIENTED_EDGE('',*,*,#1002,.F.);
#508=ORIENTED_EDGE('',*,*,#1007,.T.);
#509=ORIENTED_EDGE('',*,*,#1008,.F.);
#510=ORIENTED_EDGE('',*,*,#1005,.F.);
#511=ORIENTED_EDGE('',*,*,#1009,.F.);
#512=ORIENTED_EDGE('',*,*,#1010,.T.);
#513=ORIENTED_EDGE('',*,*,#1011,.F.);
#514=ORIENTED_EDGE('',*,*,#1007,.F.);
#515=ORIENTED_EDGE('',*,*,#1012,.T.);
#516=ORIENTED_EDGE('',*,*,#1013,.F.);
#517=ORIENTED_EDGE('',*,*,#1010,.F.);
#518=ORIENTED_EDGE('',*,*,#1014,.F.);
#519=ORIENTED_EDGE('',*,*,#1015,.F.);
#520=ORIENTED_EDGE('',*,*,#1016,.F.);
#521=ORIENTED_EDGE('',*,*,#1012,.F.);
#522=ORIENTED_EDGE('',*,*,#1017,.F.);
#523=ORIENTED_EDGE('',*,*,#1018,.F.);
#524=ORIENTED_EDGE('',*,*,#1019,.F.);
#525=ORIENTED_EDGE('',*,*,#1020,.T.);
#526=ORIENTED_EDGE('',*,*,#1021,.F.);
#527=ORIENTED_EDGE('',*,*,#1022,.T.);
#528=ORIENTED_EDGE('',*,*,#1023,.F.);
#529=ORIENTED_EDGE('',*,*,#1020,.F.);
#530=ORIENTED_EDGE('',*,*,#1024,.F.);
#531=ORIENTED_EDGE('',*,*,#1025,.F.);
#532=ORIENTED_EDGE('',*,*,#1026,.F.);
#533=ORIENTED_EDGE('',*,*,#1027,.T.);
#534=ORIENTED_EDGE('',*,*,#1028,.F.);
#535=ORIENTED_EDGE('',*,*,#1029,.F.);
#536=ORIENTED_EDGE('',*,*,#1030,.F.);
#537=ORIENTED_EDGE('',*,*,#1027,.F.);
#538=ORIENTED_EDGE('',*,*,#1031,.F.);
#539=ORIENTED_EDGE('',*,*,#1032,.F.);
#540=ORIENTED_EDGE('',*,*,#1006,.T.);
#541=ORIENTED_EDGE('',*,*,#1033,.F.);
#542=ORIENTED_EDGE('',*,*,#1034,.F.);
#543=ORIENTED_EDGE('',*,*,#1035,.F.);
#544=ORIENTED_EDGE('',*,*,#1036,.F.);
#545=ORIENTED_EDGE('',*,*,#1037,.F.);
#546=ORIENTED_EDGE('',*,*,#1038,.F.);
#547=ORIENTED_EDGE('',*,*,#1039,.F.);
#548=ORIENTED_EDGE('',*,*,#1040,.F.);
#549=ORIENTED_EDGE('',*,*,#1031,.T.);
#550=ORIENTED_EDGE('',*,*,#1041,.F.);
#551=ORIENTED_EDGE('',*,*,#1011,.T.);
#552=ORIENTED_EDGE('',*,*,#1042,.F.);
#553=ORIENTED_EDGE('',*,*,#1019,.T.);
#554=ORIENTED_EDGE('',*,*,#1043,.F.);
#555=ORIENTED_EDGE('',*,*,#1044,.F.);
#556=ORIENTED_EDGE('',*,*,#1045,.F.);
#557=ORIENTED_EDGE('',*,*,#1046,.F.);
#558=ORIENTED_EDGE('',*,*,#1047,.F.);
#559=ORIENTED_EDGE('',*,*,#1048,.F.);
#560=ORIENTED_EDGE('',*,*,#1049,.T.);
#561=ORIENTED_EDGE('',*,*,#1003,.T.);
#562=ORIENTED_EDGE('',*,*,#1032,.T.);
#563=ORIENTED_EDGE('',*,*,#1026,.T.);
#564=ORIENTED_EDGE('',*,*,#1042,.T.);
#565=ORIENTED_EDGE('',*,*,#1013,.T.);
#566=ORIENTED_EDGE('',*,*,#1050,.F.);
#567=ORIENTED_EDGE('',*,*,#1024,.T.);
#568=ORIENTED_EDGE('',*,*,#1016,.T.);
#569=ORIENTED_EDGE('',*,*,#1000,.T.);
#570=ORIENTED_EDGE('',*,*,#1049,.F.);
#571=ORIENTED_EDGE('',*,*,#1051,.T.);
#572=ORIENTED_EDGE('',*,*,#1052,.T.);
#573=ORIENTED_EDGE('',*,*,#1050,.T.);
#574=ORIENTED_EDGE('',*,*,#1053,.T.);
#575=ORIENTED_EDGE('',*,*,#1021,.T.);
#576=ORIENTED_EDGE('',*,*,#1023,.T.);
#577=ORIENTED_EDGE('',*,*,#1028,.T.);
#578=ORIENTED_EDGE('',*,*,#1030,.T.);
#579=ORIENTED_EDGE('',*,*,#1054,.T.);
#580=ORIENTED_EDGE('',*,*,#834,.F.);
#581=ORIENTED_EDGE('',*,*,#1055,.F.);
#582=ORIENTED_EDGE('',*,*,#897,.F.);
#583=ORIENTED_EDGE('',*,*,#901,.F.);
#584=ORIENTED_EDGE('',*,*,#899,.F.);
#585=ORIENTED_EDGE('',*,*,#1056,.F.);
#586=ORIENTED_EDGE('',*,*,#908,.F.);
#587=ORIENTED_EDGE('',*,*,#912,.F.);
#588=ORIENTED_EDGE('',*,*,#910,.F.);
#589=ORIENTED_EDGE('',*,*,#1057,.F.);
#590=ORIENTED_EDGE('',*,*,#886,.F.);
#591=ORIENTED_EDGE('',*,*,#890,.F.);
#592=ORIENTED_EDGE('',*,*,#888,.F.);
#593=ORIENTED_EDGE('',*,*,#1058,.F.);
#594=ORIENTED_EDGE('',*,*,#875,.F.);
#595=ORIENTED_EDGE('',*,*,#879,.F.);
#596=ORIENTED_EDGE('',*,*,#877,.F.);
#597=ORIENTED_EDGE('',*,*,#1059,.F.);
#598=ORIENTED_EDGE('',*,*,#864,.F.);
#599=ORIENTED_EDGE('',*,*,#868,.F.);
#600=ORIENTED_EDGE('',*,*,#866,.F.);
#601=ORIENTED_EDGE('',*,*,#1060,.F.);
#602=ORIENTED_EDGE('',*,*,#854,.F.);
#603=ORIENTED_EDGE('',*,*,#1061,.F.);
#604=ORIENTED_EDGE('',*,*,#856,.F.);
#605=ORIENTED_EDGE('',*,*,#1062,.F.);
#606=ORIENTED_EDGE('',*,*,#843,.F.);
#607=ORIENTED_EDGE('',*,*,#847,.F.);
#608=ORIENTED_EDGE('',*,*,#845,.F.);
#609=ORIENTED_EDGE('',*,*,#1063,.F.);
#610=ORIENTED_EDGE('',*,*,#832,.F.);
#611=ORIENTED_EDGE('',*,*,#836,.F.);
#612=ORIENTED_EDGE('',*,*,#1064,.F.);
#613=ORIENTED_EDGE('',*,*,#1065,.T.);
#614=ORIENTED_EDGE('',*,*,#996,.T.);
#615=ORIENTED_EDGE('',*,*,#993,.T.);
#616=ORIENTED_EDGE('',*,*,#986,.T.);
#617=ORIENTED_EDGE('',*,*,#983,.T.);
#618=ORIENTED_EDGE('',*,*,#989,.T.);
#619=ORIENTED_EDGE('',*,*,#979,.T.);
#620=ORIENTED_EDGE('',*,*,#976,.T.);
#621=ORIENTED_EDGE('',*,*,#973,.T.);
#622=ORIENTED_EDGE('',*,*,#970,.T.);
#623=ORIENTED_EDGE('',*,*,#991,.T.);
#624=ORIENTED_EDGE('',*,*,#966,.T.);
#625=ORIENTED_EDGE('',*,*,#963,.T.);
#626=ORIENTED_EDGE('',*,*,#960,.T.);
#627=ORIENTED_EDGE('',*,*,#957,.T.);
#628=ORIENTED_EDGE('',*,*,#1066,.T.);
#629=ORIENTED_EDGE('',*,*,#1067,.T.);
#630=ORIENTED_EDGE('',*,*,#1068,.T.);
#631=ORIENTED_EDGE('',*,*,#1069,.T.);
#632=ORIENTED_EDGE('',*,*,#1070,.T.);
#633=ORIENTED_EDGE('',*,*,#1071,.T.);
#634=ORIENTED_EDGE('',*,*,#1072,.T.);
#635=ORIENTED_EDGE('',*,*,#1073,.T.);
#636=ORIENTED_EDGE('',*,*,#1074,.T.);
#637=ORIENTED_EDGE('',*,*,#1075,.T.);
#638=ORIENTED_EDGE('',*,*,#1076,.T.);
#639=ORIENTED_EDGE('',*,*,#951,.T.);
#640=ORIENTED_EDGE('',*,*,#948,.T.);
#641=ORIENTED_EDGE('',*,*,#945,.T.);
#642=ORIENTED_EDGE('',*,*,#954,.T.);
#643=ORIENTED_EDGE('',*,*,#941,.T.);
#644=ORIENTED_EDGE('',*,*,#936,.T.);
#645=ORIENTED_EDGE('',*,*,#933,.T.);
#646=ORIENTED_EDGE('',*,*,#930,.T.);
#647=ORIENTED_EDGE('',*,*,#939,.T.);
#648=ORIENTED_EDGE('',*,*,#926,.T.);
#649=ORIENTED_EDGE('',*,*,#923,.T.);
#650=ORIENTED_EDGE('',*,*,#920,.T.);
#651=ORIENTED_EDGE('',*,*,#917,.T.);
#652=ORIENTED_EDGE('',*,*,#914,.T.);
#653=ORIENTED_EDGE('',*,*,#1077,.F.);
#654=ORIENTED_EDGE('',*,*,#1078,.F.);
#655=ORIENTED_EDGE('',*,*,#1079,.T.);
#656=ORIENTED_EDGE('',*,*,#1080,.F.);
#657=ORIENTED_EDGE('',*,*,#997,.T.);
#658=ORIENTED_EDGE('',*,*,#1065,.F.);
#659=ORIENTED_EDGE('',*,*,#913,.T.);
#660=ORIENTED_EDGE('',*,*,#1081,.F.);
#661=ORIENTED_EDGE('',*,*,#1082,.F.);
#662=ORIENTED_EDGE('',*,*,#1083,.F.);
#663=ORIENTED_EDGE('',*,*,#1084,.T.);
#664=ORIENTED_EDGE('',*,*,#1080,.T.);
#665=ORIENTED_EDGE('',*,*,#916,.T.);
#666=ORIENTED_EDGE('',*,*,#919,.T.);
#667=ORIENTED_EDGE('',*,*,#922,.T.);
#668=ORIENTED_EDGE('',*,*,#925,.T.);
#669=ORIENTED_EDGE('',*,*,#928,.T.);
#670=ORIENTED_EDGE('',*,*,#940,.T.);
#671=ORIENTED_EDGE('',*,*,#932,.T.);
#672=ORIENTED_EDGE('',*,*,#935,.T.);
#673=ORIENTED_EDGE('',*,*,#938,.T.);
#674=ORIENTED_EDGE('',*,*,#943,.T.);
#675=ORIENTED_EDGE('',*,*,#955,.T.);
#676=ORIENTED_EDGE('',*,*,#947,.T.);
#677=ORIENTED_EDGE('',*,*,#950,.T.);
#678=ORIENTED_EDGE('',*,*,#953,.T.);
#679=ORIENTED_EDGE('',*,*,#1085,.T.);
#680=ORIENTED_EDGE('',*,*,#1086,.T.);
#681=ORIENTED_EDGE('',*,*,#1087,.T.);
#682=ORIENTED_EDGE('',*,*,#1088,.T.);
#683=ORIENTED_EDGE('',*,*,#1089,.T.);
#684=ORIENTED_EDGE('',*,*,#1090,.T.);
#685=ORIENTED_EDGE('',*,*,#1091,.T.);
#686=ORIENTED_EDGE('',*,*,#1092,.T.);
#687=ORIENTED_EDGE('',*,*,#1093,.T.);
#688=ORIENTED_EDGE('',*,*,#1094,.T.);
#689=ORIENTED_EDGE('',*,*,#1095,.T.);
#690=ORIENTED_EDGE('',*,*,#959,.T.);
#691=ORIENTED_EDGE('',*,*,#962,.T.);
#692=ORIENTED_EDGE('',*,*,#965,.T.);
#693=ORIENTED_EDGE('',*,*,#968,.T.);
#694=ORIENTED_EDGE('',*,*,#992,.T.);
#695=ORIENTED_EDGE('',*,*,#972,.T.);
#696=ORIENTED_EDGE('',*,*,#975,.T.);
#697=ORIENTED_EDGE('',*,*,#978,.T.);
#698=ORIENTED_EDGE('',*,*,#981,.T.);
#699=ORIENTED_EDGE('',*,*,#990,.T.);
#700=ORIENTED_EDGE('',*,*,#985,.T.);
#701=ORIENTED_EDGE('',*,*,#988,.T.);
#702=ORIENTED_EDGE('',*,*,#995,.T.);
#703=ORIENTED_EDGE('',*,*,#998,.T.);
#704=ORIENTED_EDGE('',*,*,#1083,.T.);
#705=ORIENTED_EDGE('',*,*,#851,.T.);
#706=ORIENTED_EDGE('',*,*,#852,.F.);
#707=ORIENTED_EDGE('',*,*,#1060,.T.);
#708=ORIENTED_EDGE('',*,*,#865,.F.);
#709=ORIENTED_EDGE('',*,*,#861,.T.);
#710=ORIENTED_EDGE('',*,*,#862,.F.);
#711=ORIENTED_EDGE('',*,*,#1059,.T.);
#712=ORIENTED_EDGE('',*,*,#876,.F.);
#713=ORIENTED_EDGE('',*,*,#872,.T.);
#714=ORIENTED_EDGE('',*,*,#873,.F.);
#715=ORIENTED_EDGE('',*,*,#1058,.T.);
#716=ORIENTED_EDGE('',*,*,#887,.F.);
#717=ORIENTED_EDGE('',*,*,#883,.T.);
#718=ORIENTED_EDGE('',*,*,#884,.F.);
#719=ORIENTED_EDGE('',*,*,#1057,.T.);
#720=ORIENTED_EDGE('',*,*,#909,.F.);
#721=ORIENTED_EDGE('',*,*,#905,.T.);
#722=ORIENTED_EDGE('',*,*,#906,.F.);
#723=ORIENTED_EDGE('',*,*,#1056,.T.);
#724=ORIENTED_EDGE('',*,*,#898,.F.);
#725=ORIENTED_EDGE('',*,*,#894,.T.);
#726=ORIENTED_EDGE('',*,*,#895,.F.);
#727=ORIENTED_EDGE('',*,*,#1055,.T.);
#728=ORIENTED_EDGE('',*,*,#833,.F.);
#729=ORIENTED_EDGE('',*,*,#829,.T.);
#730=ORIENTED_EDGE('',*,*,#830,.F.);
#731=ORIENTED_EDGE('',*,*,#1063,.T.);
#732=ORIENTED_EDGE('',*,*,#844,.F.);
#733=ORIENTED_EDGE('',*,*,#840,.T.);
#734=ORIENTED_EDGE('',*,*,#841,.F.);
#735=ORIENTED_EDGE('',*,*,#1062,.T.);
#736=ORIENTED_EDGE('',*,*,#855,.F.);
#737=ORIENTED_EDGE('',*,*,#1008,.T.);
#738=ORIENTED_EDGE('',*,*,#1041,.T.);
#739=ORIENTED_EDGE('',*,*,#1048,.T.);
#740=ORIENTED_EDGE('',*,*,#1047,.T.);
#741=ORIENTED_EDGE('',*,*,#1046,.T.);
#742=ORIENTED_EDGE('',*,*,#1045,.T.);
#743=ORIENTED_EDGE('',*,*,#1044,.T.);
#744=ORIENTED_EDGE('',*,*,#1043,.T.);
#745=ORIENTED_EDGE('',*,*,#1018,.T.);
#746=ORIENTED_EDGE('',*,*,#1053,.F.);
#747=ORIENTED_EDGE('',*,*,#1029,.T.);
#748=ORIENTED_EDGE('',*,*,#1040,.T.);
#749=ORIENTED_EDGE('',*,*,#1039,.T.);
#750=ORIENTED_EDGE('',*,*,#1038,.T.);
#751=ORIENTED_EDGE('',*,*,#1037,.T.);
#752=ORIENTED_EDGE('',*,*,#1036,.T.);
#753=ORIENTED_EDGE('',*,*,#1035,.T.);
#754=ORIENTED_EDGE('',*,*,#1034,.T.);
#755=ORIENTED_EDGE('',*,*,#1033,.T.);
#756=ORIENTED_EDGE('',*,*,#1009,.T.);
#757=ORIENTED_EDGE('',*,*,#1004,.T.);
#758=ORIENTED_EDGE('',*,*,#1001,.T.);
#759=ORIENTED_EDGE('',*,*,#1096,.F.);
#760=ORIENTED_EDGE('',*,*,#1015,.T.);
#761=ORIENTED_EDGE('',*,*,#1017,.T.);
#762=ORIENTED_EDGE('',*,*,#1014,.T.);
#763=ORIENTED_EDGE('',*,*,#1096,.T.);
#764=ORIENTED_EDGE('',*,*,#1097,.F.);
#765=ORIENTED_EDGE('',*,*,#1097,.T.);
#766=ORIENTED_EDGE('',*,*,#1079,.F.);
#767=ORIENTED_EDGE('',*,*,#1084,.F.);
#768=ORIENTED_EDGE('',*,*,#1054,.F.);
#769=ORIENTED_EDGE('',*,*,#1064,.T.);
#770=ORIENTED_EDGE('',*,*,#1025,.T.);
#771=ORIENTED_EDGE('',*,*,#1022,.F.);
#772=ORIENTED_EDGE('',*,*,#1052,.F.);
#773=ORIENTED_EDGE('',*,*,#1051,.F.);
#774=ORIENTED_EDGE('',*,*,#1090,.F.);
#775=ORIENTED_EDGE('',*,*,#1098,.T.);
#776=ORIENTED_EDGE('',*,*,#1071,.F.);
#777=ORIENTED_EDGE('',*,*,#1099,.F.);
#778=ORIENTED_EDGE('',*,*,#1095,.F.);
#779=ORIENTED_EDGE('',*,*,#1100,.T.);
#780=ORIENTED_EDGE('',*,*,#1066,.F.);
#781=ORIENTED_EDGE('',*,*,#956,.F.);
#782=ORIENTED_EDGE('',*,*,#1094,.F.);
#783=ORIENTED_EDGE('',*,*,#1101,.T.);
#784=ORIENTED_EDGE('',*,*,#1067,.F.);
#785=ORIENTED_EDGE('',*,*,#1100,.F.);
#786=ORIENTED_EDGE('',*,*,#1093,.F.);
#787=ORIENTED_EDGE('',*,*,#1102,.T.);
#788=ORIENTED_EDGE('',*,*,#1068,.F.);
#789=ORIENTED_EDGE('',*,*,#1101,.F.);
#790=ORIENTED_EDGE('',*,*,#1092,.F.);
#791=ORIENTED_EDGE('',*,*,#1103,.T.);
#792=ORIENTED_EDGE('',*,*,#1069,.F.);
#793=ORIENTED_EDGE('',*,*,#1102,.F.);
#794=ORIENTED_EDGE('',*,*,#1091,.F.);
#795=ORIENTED_EDGE('',*,*,#1099,.T.);
#796=ORIENTED_EDGE('',*,*,#1070,.F.);
#797=ORIENTED_EDGE('',*,*,#1103,.F.);
#798=ORIENTED_EDGE('',*,*,#1089,.F.);
#799=ORIENTED_EDGE('',*,*,#1104,.T.);
#800=ORIENTED_EDGE('',*,*,#1072,.F.);
#801=ORIENTED_EDGE('',*,*,#1098,.F.);
#802=ORIENTED_EDGE('',*,*,#1086,.F.);
#803=ORIENTED_EDGE('',*,*,#1105,.T.);
#804=ORIENTED_EDGE('',*,*,#1075,.F.);
#805=ORIENTED_EDGE('',*,*,#1106,.F.);
#806=ORIENTED_EDGE('',*,*,#1088,.F.);
#807=ORIENTED_EDGE('',*,*,#1107,.T.);
#808=ORIENTED_EDGE('',*,*,#1073,.F.);
#809=ORIENTED_EDGE('',*,*,#1104,.F.);
#810=ORIENTED_EDGE('',*,*,#1087,.F.);
#811=ORIENTED_EDGE('',*,*,#1106,.T.);
#812=ORIENTED_EDGE('',*,*,#1074,.F.);
#813=ORIENTED_EDGE('',*,*,#1107,.F.);
#814=ORIENTED_EDGE('',*,*,#1085,.F.);
#815=ORIENTED_EDGE('',*,*,#952,.T.);
#816=ORIENTED_EDGE('',*,*,#1076,.F.);
#817=ORIENTED_EDGE('',*,*,#1105,.F.);
#818=ORIENTED_EDGE('',*,*,#849,.F.);
#819=ORIENTED_EDGE('',*,*,#857,.T.);
#820=ORIENTED_EDGE('',*,*,#1061,.T.);
#821=ORIENTED_EDGE('',*,*,#853,.F.);
#822=ORIENTED_EDGE('',*,*,#1078,.T.);
#823=ORIENTED_EDGE('',*,*,#1082,.T.);
#824=ORIENTED_EDGE('',*,*,#1077,.T.);
#825=ORIENTED_EDGE('',*,*,#1081,.T.);
#826=EDGE_CURVE('',#1108,#1109,#1299,.T.);
#827=EDGE_CURVE('',#1109,#1110,#164,.T.);
#828=EDGE_CURVE('',#1110,#1111,#1300,.T.);
#829=EDGE_CURVE('',#1108,#1111,#165,.T.);
#830=EDGE_CURVE('',#1112,#1111,#1301,.T.);
#831=EDGE_CURVE('',#1110,#1113,#1302,.T.);
#832=EDGE_CURVE('',#1113,#1112,#1303,.T.);
#833=EDGE_CURVE('',#1108,#1114,#1304,.T.);
#834=EDGE_CURVE('',#1114,#1115,#1305,.T.);
#835=EDGE_CURVE('',#1109,#1115,#1306,.T.);
#836=EDGE_CURVE('',#1115,#1113,#166,.T.);
#837=EDGE_CURVE('',#1116,#1117,#1307,.T.);
#838=EDGE_CURVE('',#1117,#1118,#167,.T.);
#839=EDGE_CURVE('',#1118,#1119,#1308,.T.);
#840=EDGE_CURVE('',#1116,#1119,#168,.T.);
#841=EDGE_CURVE('',#1120,#1119,#1309,.T.);
#842=EDGE_CURVE('',#1118,#1121,#1310,.T.);
#843=EDGE_CURVE('',#1121,#1120,#1311,.T.);
#844=EDGE_CURVE('',#1116,#1122,#1312,.T.);
#845=EDGE_CURVE('',#1122,#1123,#1313,.T.);
#846=EDGE_CURVE('',#1117,#1123,#1314,.T.);
#847=EDGE_CURVE('',#1123,#1121,#169,.T.);
#848=EDGE_CURVE('',#1124,#1125,#1315,.T.);
#849=EDGE_CURVE('',#1125,#1126,#170,.T.);
#850=EDGE_CURVE('',#1126,#1127,#1316,.T.);
#851=EDGE_CURVE('',#1124,#1127,#171,.T.);
#852=EDGE_CURVE('',#1128,#1127,#1317,.T.);
#853=EDGE_CURVE('',#1126,#1129,#1318,.T.);
#854=EDGE_CURVE('',#1129,#1128,#1319,.T.);
#855=EDGE_CURVE('',#1124,#1130,#1320,.T.);
#856=EDGE_CURVE('',#1130,#1131,#1321,.T.);
#857=EDGE_CURVE('',#1125,#1131,#1322,.T.);
#858=EDGE_CURVE('',#1132,#1133,#1323,.T.);
#859=EDGE_CURVE('',#1133,#1134,#172,.T.);
#860=EDGE_CURVE('',#1134,#1135,#1324,.T.);
#861=EDGE_CURVE('',#1132,#1135,#173,.T.);
#862=EDGE_CURVE('',#1136,#1135,#1325,.T.);
#863=EDGE_CURVE('',#1134,#1137,#1326,.T.);
#864=EDGE_CURVE('',#1137,#1136,#1327,.T.);
#865=EDGE_CURVE('',#1132,#1138,#1328,.T.);
#866=EDGE_CURVE('',#1138,#1139,#1329,.T.);
#867=EDGE_CURVE('',#1133,#1139,#1330,.T.);
#868=EDGE_CURVE('',#1139,#1137,#174,.T.);
#869=EDGE_CURVE('',#1140,#1141,#1331,.T.);
#870=EDGE_CURVE('',#1141,#1142,#175,.T.);
#871=EDGE_CURVE('',#1142,#1143,#1332,.T.);
#872=EDGE_CURVE('',#1140,#1143,#176,.T.);
#873=EDGE_CURVE('',#1144,#1143,#1333,.T.);
#874=EDGE_CURVE('',#1142,#1145,#1334,.T.);
#875=EDGE_CURVE('',#1145,#1144,#1335,.T.);
#876=EDGE_CURVE('',#1140,#1146,#1336,.T.);
#877=EDGE_CURVE('',#1146,#1147,#1337,.T.);
#878=EDGE_CURVE('',#1141,#1147,#1338,.T.);
#879=EDGE_CURVE('',#1147,#1145,#177,.T.);
#880=EDGE_CURVE('',#1148,#1149,#1339,.T.);
#881=EDGE_CURVE('',#1149,#1150,#178,.T.);
#882=EDGE_CURVE('',#1150,#1151,#1340,.T.);
#883=EDGE_CURVE('',#1148,#1151,#179,.T.);
#884=EDGE_CURVE('',#1152,#1151,#1341,.T.);
#885=EDGE_CURVE('',#1150,#1153,#1342,.T.);
#886=EDGE_CURVE('',#1153,#1152,#1343,.T.);
#887=EDGE_CURVE('',#1148,#1154,#1344,.T.);
#888=EDGE_CURVE('',#1154,#1155,#1345,.T.);
#889=EDGE_CURVE('',#1149,#1155,#1346,.T.);
#890=EDGE_CURVE('',#1155,#1153,#180,.T.);
#891=EDGE_CURVE('',#1156,#1157,#1347,.T.);
#892=EDGE_CURVE('',#1157,#1158,#181,.T.);
#893=EDGE_CURVE('',#1158,#1159,#1348,.T.);
#894=EDGE_CURVE('',#1156,#1159,#182,.T.);
#895=EDGE_CURVE('',#1160,#1159,#1349,.T.);
#896=EDGE_CURVE('',#1158,#1161,#1350,.T.);
#897=EDGE_CURVE('',#1161,#1160,#1351,.T.);
#898=EDGE_CURVE('',#1156,#1162,#1352,.T.);
#899=EDGE_CURVE('',#1162,#1163,#1353,.T.);
#900=EDGE_CURVE('',#1157,#1163,#1354,.T.);
#901=EDGE_CURVE('',#1163,#1161,#183,.T.);
#902=EDGE_CURVE('',#1164,#1165,#1355,.T.);
#903=EDGE_CURVE('',#1165,#1166,#184,.T.);
#904=EDGE_CURVE('',#1166,#1167,#1356,.T.);
#905=EDGE_CURVE('',#1164,#1167,#185,.T.);
#906=EDGE_CURVE('',#1168,#1167,#1357,.T.);
#907=EDGE_CURVE('',#1166,#1169,#1358,.T.);
#908=EDGE_CURVE('',#1169,#1168,#1359,.T.);
#909=EDGE_CURVE('',#1164,#1170,#1360,.T.);
#910=EDGE_CURVE('',#1170,#1171,#1361,.T.);
#911=EDGE_CURVE('',#1165,#1171,#1362,.T.);
#912=EDGE_CURVE('',#1171,#1169,#186,.T.);
#913=EDGE_CURVE('',#1172,#1173,#1363,.T.);
#914=EDGE_CURVE('',#1174,#1172,#187,.T.);
#915=EDGE_CURVE('',#1175,#1174,#1364,.T.);
#916=EDGE_CURVE('',#1173,#1175,#32,.T.);
#917=EDGE_CURVE('',#1176,#1174,#188,.T.);
#918=EDGE_CURVE('',#1177,#1176,#1365,.T.);
#919=EDGE_CURVE('',#1175,#1177,#33,.T.);
#920=EDGE_CURVE('',#1178,#1176,#189,.T.);
#921=EDGE_CURVE('',#1179,#1178,#1366,.T.);
#922=EDGE_CURVE('',#1177,#1179,#34,.T.);
#923=EDGE_CURVE('',#1180,#1178,#190,.T.);
#924=EDGE_CURVE('',#1181,#1180,#1367,.T.);
#925=EDGE_CURVE('',#1179,#1181,#35,.T.);
#926=EDGE_CURVE('',#1182,#1180,#191,.T.);
#927=EDGE_CURVE('',#1183,#1182,#1368,.T.);
#928=EDGE_CURVE('',#1181,#1183,#36,.T.);
#929=EDGE_CURVE('',#1184,#1185,#1369,.T.);
#930=EDGE_CURVE('',#1186,#1185,#192,.T.);
#931=EDGE_CURVE('',#1187,#1186,#1370,.T.);
#932=EDGE_CURVE('',#1184,#1187,#37,.T.);
#933=EDGE_CURVE('',#1188,#1186,#193,.T.);
#934=EDGE_CURVE('',#1189,#1188,#1371,.T.);
#935=EDGE_CURVE('',#1187,#1189,#38,.T.);
#936=EDGE_CURVE('',#1190,#1188,#194,.T.);
#937=EDGE_CURVE('',#1191,#1190,#1372,.T.);
#938=EDGE_CURVE('',#1189,#1191,#39,.T.);
#939=EDGE_CURVE('',#1185,#1182,#195,.T.);
#940=EDGE_CURVE('',#1183,#1184,#40,.T.);
#941=EDGE_CURVE('',#1192,#1190,#196,.T.);
#942=EDGE_CURVE('',#1193,#1192,#1373,.T.);
#943=EDGE_CURVE('',#1191,#1193,#41,.T.);
#944=EDGE_CURVE('',#1194,#1195,#1374,.T.);
#945=EDGE_CURVE('',#1196,#1195,#197,.T.);
#946=EDGE_CURVE('',#1197,#1196,#1375,.T.);
#947=EDGE_CURVE('',#1194,#1197,#42,.T.);
#948=EDGE_CURVE('',#1198,#1196,#198,.T.);
#949=EDGE_CURVE('',#1199,#1198,#1376,.T.);
#950=EDGE_CURVE('',#1197,#1199,#43,.T.);
#951=EDGE_CURVE('',#1200,#1198,#199,.T.);
#952=EDGE_CURVE('',#1201,#1200,#1377,.T.);
#953=EDGE_CURVE('',#1199,#1201,#44,.T.);
#954=EDGE_CURVE('',#1195,#1192,#200,.T.);
#955=EDGE_CURVE('',#1193,#1194,#45,.T.);
#956=EDGE_CURVE('',#1202,#1203,#1378,.T.);
#957=EDGE_CURVE('',#1204,#1203,#201,.T.);
#958=EDGE_CURVE('',#1205,#1204,#1379,.T.);
#959=EDGE_CURVE('',#1202,#1205,#46,.T.);
#960=EDGE_CURVE('',#1206,#1204,#202,.T.);
#961=EDGE_CURVE('',#1207,#1206,#1380,.T.);
#962=EDGE_CURVE('',#1205,#1207,#47,.T.);
#963=EDGE_CURVE('',#1208,#1206,#203,.T.);
#964=EDGE_CURVE('',#1209,#1208,#1381,.T.);
#965=EDGE_CURVE('',#1207,#1209,#48,.T.);
#966=EDGE_CURVE('',#1210,#1208,#204,.T.);
#967=EDGE_CURVE('',#1211,#1210,#1382,.T.);
#968=EDGE_CURVE('',#1209,#1211,#49,.T.);
#969=EDGE_CURVE('',#1212,#1213,#1383,.T.);
#970=EDGE_CURVE('',#1214,#1213,#205,.T.);
#971=EDGE_CURVE('',#1215,#1214,#1384,.T.);
#972=EDGE_CURVE('',#1212,#1215,#50,.T.);
#973=EDGE_CURVE('',#1216,#1214,#206,.T.);
#974=EDGE_CURVE('',#1217,#1216,#1385,.T.);
#975=EDGE_CURVE('',#1215,#1217,#51,.T.);
#976=EDGE_CURVE('',#1218,#1216,#207,.T.);
#977=EDGE_CURVE('',#1219,#1218,#1386,.T.);
#978=EDGE_CURVE('',#1217,#1219,#52,.T.);
#979=EDGE_CURVE('',#1220,#1218,#208,.T.);
#980=EDGE_CURVE('',#1221,#1220,#1387,.T.);
#981=EDGE_CURVE('',#1219,#1221,#53,.T.);
#982=EDGE_CURVE('',#1222,#1223,#1388,.T.);
#983=EDGE_CURVE('',#1224,#1223,#209,.T.);
#984=EDGE_CURVE('',#1225,#1224,#1389,.T.);
#985=EDGE_CURVE('',#1222,#1225,#54,.T.);
#986=EDGE_CURVE('',#1226,#1224,#210,.T.);
#987=EDGE_CURVE('',#1227,#1226,#1390,.T.);
#988=EDGE_CURVE('',#1225,#1227,#55,.T.);
#989=EDGE_CURVE('',#1223,#1220,#211,.T.);
#990=EDGE_CURVE('',#1221,#1222,#56,.T.);
#991=EDGE_CURVE('',#1213,#1210,#212,.T.);
#992=EDGE_CURVE('',#1211,#1212,#57,.T.);
#993=EDGE_CURVE('',#1228,#1226,#213,.T.);
#994=EDGE_CURVE('',#1229,#1228,#1391,.T.);
#995=EDGE_CURVE('',#1227,#1229,#58,.T.);
#996=EDGE_CURVE('',#1230,#1228,#214,.T.);
#997=EDGE_CURVE('',#1231,#1230,#1392,.T.);
#998=EDGE_CURVE('',#1229,#1231,#59,.T.);
#999=EDGE_CURVE('',#1232,#1233,#60,.T.);
#1000=EDGE_CURVE('',#1234,#1233,#61,.F.);
#1001=EDGE_CURVE('',#1232,#1234,#62,.F.);
#1002=EDGE_CURVE('',#1235,#1236,#215,.T.);
#1003=EDGE_CURVE('',#1233,#1236,#63,.T.);
#1004=EDGE_CURVE('',#1235,#1232,#64,.T.);
#1005=EDGE_CURVE('',#1235,#1237,#216,.T.);
#1006=EDGE_CURVE('',#1236,#1237,#217,.T.);
#1007=EDGE_CURVE('',#1238,#1239,#218,.T.);
#1008=EDGE_CURVE('',#1237,#1239,#219,.T.);
#1009=EDGE_CURVE('',#1238,#1235,#220,.T.);
#1010=EDGE_CURVE('',#1238,#1240,#221,.T.);
#1011=EDGE_CURVE('',#1239,#1240,#222,.T.);
#1012=EDGE_CURVE('',#1241,#1242,#223,.T.);
#1013=EDGE_CURVE('',#1240,#1242,#224,.T.);
#1014=EDGE_CURVE('',#1241,#1238,#65,.T.);
#1015=EDGE_CURVE('',#1234,#1243,#66,.T.);
#1016=EDGE_CURVE('',#1242,#1234,#67,.F.);
#1017=EDGE_CURVE('',#1243,#1241,#68,.T.);
#1018=EDGE_CURVE('',#1244,#1245,#69,.T.);
#1019=EDGE_CURVE('',#1246,#1244,#70,.F.);
#1020=EDGE_CURVE('',#1246,#1247,#225,.T.);
#1021=EDGE_CURVE('',#1245,#1247,#71,.T.);
#1022=EDGE_CURVE('',#1248,#1249,#72,.T.);
#1023=EDGE_CURVE('',#1247,#1249,#1393,.T.);
#1024=EDGE_CURVE('',#1248,#1246,#226,.T.);
#1025=EDGE_CURVE('',#1250,#1249,#73,.F.);
#1026=EDGE_CURVE('',#1251,#1250,#227,.T.);
#1027=EDGE_CURVE('',#1251,#1252,#228,.T.);
#1028=EDGE_CURVE('',#1249,#1252,#229,.T.);
#1029=EDGE_CURVE('',#1253,#1254,#74,.T.);
#1030=EDGE_CURVE('',#1252,#1253,#75,.T.);
#1031=EDGE_CURVE('',#1254,#1251,#76,.F.);
#1032=EDGE_CURVE('',#1236,#1251,#77,.F.);
#1033=EDGE_CURVE('',#1255,#1237,#78,.T.);
#1034=EDGE_CURVE('',#1256,#1255,#79,.T.);
#1035=EDGE_CURVE('',#1257,#1256,#80,.T.);
#1036=EDGE_CURVE('',#1258,#1257,#81,.T.);
#1037=EDGE_CURVE('',#1259,#1258,#82,.T.);
#1038=EDGE_CURVE('',#1260,#1259,#83,.T.);
#1039=EDGE_CURVE('',#1261,#1260,#84,.T.);
#1040=EDGE_CURVE('',#1254,#1261,#85,.T.);
#1041=EDGE_CURVE('',#1239,#1262,#86,.T.);
#1042=EDGE_CURVE('',#1246,#1240,#87,.F.);
#1043=EDGE_CURVE('',#1263,#1244,#88,.T.);
#1044=EDGE_CURVE('',#1264,#1263,#89,.T.);
#1045=EDGE_CURVE('',#1265,#1264,#90,.T.);
#1046=EDGE_CURVE('',#1266,#1265,#91,.T.);
#1047=EDGE_CURVE('',#1267,#1266,#92,.T.);
#1048=EDGE_CURVE('',#1262,#1267,#93,.T.);
#1049=EDGE_CURVE('',#1250,#1233,#12,.T.);
#1050=EDGE_CURVE('',#1248,#1242,#13,.T.);
#1051=EDGE_CURVE('',#1250,#1268,#94,.F.);
#1052=EDGE_CURVE('',#1268,#1248,#95,.F.);
#1053=EDGE_CURVE('',#1253,#1245,#1394,.F.);
#1054=EDGE_CURVE('',#1269,#1269,#230,.T.);
#1055=EDGE_CURVE('',#1160,#1114,#231,.T.);
#1056=EDGE_CURVE('',#1168,#1162,#232,.T.);
#1057=EDGE_CURVE('',#1152,#1170,#233,.T.);
#1058=EDGE_CURVE('',#1144,#1154,#234,.T.);
#1059=EDGE_CURVE('',#1136,#1146,#235,.T.);
#1060=EDGE_CURVE('',#1128,#1138,#236,.T.);
#1061=EDGE_CURVE('',#1131,#1129,#237,.T.);
#1062=EDGE_CURVE('',#1120,#1130,#238,.T.);
#1063=EDGE_CURVE('',#1112,#1122,#239,.T.);
#1064=EDGE_CURVE('',#1270,#1270,#240,.T.);
#1065=EDGE_CURVE('',#1172,#1230,#241,.T.);
#1066=EDGE_CURVE('',#1203,#1271,#242,.T.);
#1067=EDGE_CURVE('',#1271,#1272,#243,.T.);
#1068=EDGE_CURVE('',#1272,#1273,#244,.T.);
#1069=EDGE_CURVE('',#1273,#1274,#245,.T.);
#1070=EDGE_CURVE('',#1274,#1275,#246,.T.);
#1071=EDGE_CURVE('',#1275,#1276,#247,.T.);
#1072=EDGE_CURVE('',#1276,#1277,#248,.T.);
#1073=EDGE_CURVE('',#1277,#1278,#249,.T.);
#1074=EDGE_CURVE('',#1278,#1279,#250,.T.);
#1075=EDGE_CURVE('',#1279,#1280,#251,.T.);
#1076=EDGE_CURVE('',#1280,#1200,#252,.T.);
#1077=EDGE_CURVE('',#1281,#1281,#253,.T.);
#1078=EDGE_CURVE('',#1282,#1282,#254,.T.);
#1079=EDGE_CURVE('',#1283,#1283,#255,.T.);
#1080=EDGE_CURVE('',#1231,#1173,#96,.T.);
#1081=EDGE_CURVE('',#1284,#1284,#256,.T.);
#1082=EDGE_CURVE('',#1285,#1285,#257,.T.);
#1083=EDGE_CURVE('',#1286,#1286,#258,.T.);
#1084=EDGE_CURVE('',#1287,#1287,#259,.T.);
#1085=EDGE_CURVE('',#1201,#1288,#97,.T.);
#1086=EDGE_CURVE('',#1288,#1289,#98,.T.);
#1087=EDGE_CURVE('',#1289,#1290,#99,.T.);
#1088=EDGE_CURVE('',#1290,#1291,#100,.T.);
#1089=EDGE_CURVE('',#1291,#1292,#101,.T.);
#1090=EDGE_CURVE('',#1292,#1293,#102,.T.);
#1091=EDGE_CURVE('',#1293,#1294,#103,.T.);
#1092=EDGE_CURVE('',#1294,#1295,#104,.T.);
#1093=EDGE_CURVE('',#1295,#1296,#105,.T.);
#1094=EDGE_CURVE('',#1296,#1297,#106,.T.);
#1095=EDGE_CURVE('',#1297,#1202,#107,.T.);
#1096=EDGE_CURVE('',#1234,#1234,#260,.T.);
#1097=EDGE_CURVE('',#1298,#1298,#261,.T.);
#1098=EDGE_CURVE('',#1292,#1276,#1395,.T.);
#1099=EDGE_CURVE('',#1293,#1275,#1396,.T.);
#1100=EDGE_CURVE('',#1297,#1271,#1397,.T.);
#1101=EDGE_CURVE('',#1296,#1272,#1398,.T.);
#1102=EDGE_CURVE('',#1295,#1273,#1399,.T.);
#1103=EDGE_CURVE('',#1294,#1274,#1400,.T.);
#1104=EDGE_CURVE('',#1291,#1277,#1401,.T.);
#1105=EDGE_CURVE('',#1288,#1280,#1402,.T.);
#1106=EDGE_CURVE('',#1289,#1279,#1403,.T.);
#1107=EDGE_CURVE('',#1290,#1278,#1404,.T.);
#1108=VERTEX_POINT('',#2574);
#1109=VERTEX_POINT('',#2575);
#1110=VERTEX_POINT('',#2577);
#1111=VERTEX_POINT('',#2579);
#1112=VERTEX_POINT('',#2583);
#1113=VERTEX_POINT('',#2585);
#1114=VERTEX_POINT('',#2589);
#1115=VERTEX_POINT('',#2591);
#1116=VERTEX_POINT('',#2597);
#1117=VERTEX_POINT('',#2598);
#1118=VERTEX_POINT('',#2600);
#1119=VERTEX_POINT('',#2602);
#1120=VERTEX_POINT('',#2606);
#1121=VERTEX_POINT('',#2608);
#1122=VERTEX_POINT('',#2612);
#1123=VERTEX_POINT('',#2614);
#1124=VERTEX_POINT('',#2620);
#1125=VERTEX_POINT('',#2621);
#1126=VERTEX_POINT('',#2623);
#1127=VERTEX_POINT('',#2625);
#1128=VERTEX_POINT('',#2629);
#1129=VERTEX_POINT('',#2631);
#1130=VERTEX_POINT('',#2635);
#1131=VERTEX_POINT('',#2637);
#1132=VERTEX_POINT('',#2641);
#1133=VERTEX_POINT('',#2642);
#1134=VERTEX_POINT('',#2644);
#1135=VERTEX_POINT('',#2646);
#1136=VERTEX_POINT('',#2650);
#1137=VERTEX_POINT('',#2652);
#1138=VERTEX_POINT('',#2656);
#1139=VERTEX_POINT('',#2658);
#1140=VERTEX_POINT('',#2664);
#1141=VERTEX_POINT('',#2665);
#1142=VERTEX_POINT('',#2667);
#1143=VERTEX_POINT('',#2669);
#1144=VERTEX_POINT('',#2673);
#1145=VERTEX_POINT('',#2675);
#1146=VERTEX_POINT('',#2679);
#1147=VERTEX_POINT('',#2681);
#1148=VERTEX_POINT('',#2687);
#1149=VERTEX_POINT('',#2688);
#1150=VERTEX_POINT('',#2690);
#1151=VERTEX_POINT('',#2692);
#1152=VERTEX_POINT('',#2696);
#1153=VERTEX_POINT('',#2698);
#1154=VERTEX_POINT('',#2702);
#1155=VERTEX_POINT('',#2704);
#1156=VERTEX_POINT('',#2710);
#1157=VERTEX_POINT('',#2711);
#1158=VERTEX_POINT('',#2713);
#1159=VERTEX_POINT('',#2715);
#1160=VERTEX_POINT('',#2719);
#1161=VERTEX_POINT('',#2721);
#1162=VERTEX_POINT('',#2725);
#1163=VERTEX_POINT('',#2727);
#1164=VERTEX_POINT('',#2733);
#1165=VERTEX_POINT('',#2734);
#1166=VERTEX_POINT('',#2736);
#1167=VERTEX_POINT('',#2738);
#1168=VERTEX_POINT('',#2742);
#1169=VERTEX_POINT('',#2744);
#1170=VERTEX_POINT('',#2748);
#1171=VERTEX_POINT('',#2750);
#1172=VERTEX_POINT('',#2756);
#1173=VERTEX_POINT('',#2757);
#1174=VERTEX_POINT('',#2759);
#1175=VERTEX_POINT('',#2761);
#1176=VERTEX_POINT('',#2771);
#1177=VERTEX_POINT('',#2773);
#1178=VERTEX_POINT('',#2783);
#1179=VERTEX_POINT('',#2785);
#1180=VERTEX_POINT('',#2795);
#1181=VERTEX_POINT('',#2797);
#1182=VERTEX_POINT('',#2807);
#1183=VERTEX_POINT('',#2809);
#1184=VERTEX_POINT('',#2819);
#1185=VERTEX_POINT('',#2820);
#1186=VERTEX_POINT('',#2822);
#1187=VERTEX_POINT('',#2824);
#1188=VERTEX_POINT('',#2834);
#1189=VERTEX_POINT('',#2836);
#1190=VERTEX_POINT('',#2846);
#1191=VERTEX_POINT('',#2848);
#1192=VERTEX_POINT('',#2867);
#1193=VERTEX_POINT('',#2869);
#1194=VERTEX_POINT('',#2879);
#1195=VERTEX_POINT('',#2880);
#1196=VERTEX_POINT('',#2882);
#1197=VERTEX_POINT('',#2884);
#1198=VERTEX_POINT('',#2894);
#1199=VERTEX_POINT('',#2896);
#1200=VERTEX_POINT('',#2906);
#1201=VERTEX_POINT('',#2908);
#1202=VERTEX_POINT('',#2927);
#1203=VERTEX_POINT('',#2928);
#1204=VERTEX_POINT('',#2930);
#1205=VERTEX_POINT('',#2932);
#1206=VERTEX_POINT('',#2942);
#1207=VERTEX_POINT('',#2944);
#1208=VERTEX_POINT('',#2954);
#1209=VERTEX_POINT('',#2956);
#1210=VERTEX_POINT('',#2966);
#1211=VERTEX_POINT('',#2968);
#1212=VERTEX_POINT('',#2978);
#1213=VERTEX_POINT('',#2979);
#1214=VERTEX_POINT('',#2981);
#1215=VERTEX_POINT('',#2983);
#1216=VERTEX_POINT('',#2993);
#1217=VERTEX_POINT('',#2995);
#1218=VERTEX_POINT('',#3005);
#1219=VERTEX_POINT('',#3007);
#1220=VERTEX_POINT('',#3017);
#1221=VERTEX_POINT('',#3019);
#1222=VERTEX_POINT('',#3029);
#1223=VERTEX_POINT('',#3030);
#1224=VERTEX_POINT('',#3032);
#1225=VERTEX_POINT('',#3034);
#1226=VERTEX_POINT('',#3044);
#1227=VERTEX_POINT('',#3046);
#1228=VERTEX_POINT('',#3074);
#1229=VERTEX_POINT('',#3076);
#1230=VERTEX_POINT('',#3086);
#1231=VERTEX_POINT('',#3088);
#1232=VERTEX_POINT('',#3101);
#1233=VERTEX_POINT('',#3102);
#1234=VERTEX_POINT('',#3114);
#1235=VERTEX_POINT('',#3149);
#1236=VERTEX_POINT('',#3150);
#1237=VERTEX_POINT('',#3197);
#1238=VERTEX_POINT('',#3201);
#1239=VERTEX_POINT('',#3202);
#1240=VERTEX_POINT('',#3207);
#1241=VERTEX_POINT('',#3250);
#1242=VERTEX_POINT('',#3251);
#1243=VERTEX_POINT('',#3607);
#1244=VERTEX_POINT('',#3690);
#1245=VERTEX_POINT('',#3691);
#1246=VERTEX_POINT('',#3696);
#1247=VERTEX_POINT('',#3698);
#1248=VERTEX_POINT('',#3709);
#1249=VERTEX_POINT('',#3710);
#1250=VERTEX_POINT('',#3729);
#1251=VERTEX_POINT('',#3731);
#1252=VERTEX_POINT('',#3733);
#1253=VERTEX_POINT('',#3769);
#1254=VERTEX_POINT('',#3770);
#1255=VERTEX_POINT('',#5209);
#1256=VERTEX_POINT('',#5221);
#1257=VERTEX_POINT('',#5233);
#1258=VERTEX_POINT('',#5245);
#1259=VERTEX_POINT('',#5257);
#1260=VERTEX_POINT('',#5269);
#1261=VERTEX_POINT('',#5281);
#1262=VERTEX_POINT('',#6369);
#1263=VERTEX_POINT('',#6531);
#1264=VERTEX_POINT('',#6543);
#1265=VERTEX_POINT('',#6555);
#1266=VERTEX_POINT('',#6567);
#1267=VERTEX_POINT('',#6579);
#1268=VERTEX_POINT('',#7472);
#1269=VERTEX_POINT('',#7488);
#1270=VERTEX_POINT('',#7500);
#1271=VERTEX_POINT('',#7503);
#1272=VERTEX_POINT('',#7505);
#1273=VERTEX_POINT('',#7507);
#1274=VERTEX_POINT('',#7509);
#1275=VERTEX_POINT('',#7511);
#1276=VERTEX_POINT('',#7513);
#1277=VERTEX_POINT('',#7515);
#1278=VERTEX_POINT('',#7517);
#1279=VERTEX_POINT('',#7519);
#1280=VERTEX_POINT('',#7521);
#1281=VERTEX_POINT('',#7525);
#1282=VERTEX_POINT('',#7527);
#1283=VERTEX_POINT('',#7529);
#1284=VERTEX_POINT('',#7540);
#1285=VERTEX_POINT('',#7542);
#1286=VERTEX_POINT('',#7544);
#1287=VERTEX_POINT('',#7546);
#1288=VERTEX_POINT('',#7555);
#1289=VERTEX_POINT('',#7563);
#1290=VERTEX_POINT('',#7571);
#1291=VERTEX_POINT('',#7579);
#1292=VERTEX_POINT('',#7587);
#1293=VERTEX_POINT('',#7595);
#1294=VERTEX_POINT('',#7603);
#1295=VERTEX_POINT('',#7611);
#1296=VERTEX_POINT('',#7619);
#1297=VERTEX_POINT('',#7627);
#1298=VERTEX_POINT('',#7640);
#1299=LINE('',#2573,#1405);
#1300=LINE('',#2578,#1406);
#1301=LINE('',#2582,#1407);
#1302=LINE('',#2584,#1408);
#1303=LINE('',#2586,#1409);
#1304=LINE('',#2588,#1410);
#1305=LINE('',#2590,#1411);
#1306=LINE('',#2592,#1412);
#1307=LINE('',#2596,#1413);
#1308=LINE('',#2601,#1414);
#1309=LINE('',#2605,#1415);
#1310=LINE('',#2607,#1416);
#1311=LINE('',#2609,#1417);
#1312=LINE('',#2611,#1418);
#1313=LINE('',#2613,#1419);
#1314=LINE('',#2615,#1420);
#1315=LINE('',#2619,#1421);
#1316=LINE('',#2624,#1422);
#1317=LINE('',#2628,#1423);
#1318=LINE('',#2630,#1424);
#1319=LINE('',#2632,#1425);
#1320=LINE('',#2634,#1426);
#1321=LINE('',#2636,#1427);
#1322=LINE('',#2638,#1428);
#1323=LINE('',#2640,#1429);
#1324=LINE('',#2645,#1430);
#1325=LINE('',#2649,#1431);
#1326=LINE('',#2651,#1432);
#1327=LINE('',#2653,#1433);
#1328=LINE('',#2655,#1434);
#1329=LINE('',#2657,#1435);
#1330=LINE('',#2659,#1436);
#1331=LINE('',#2663,#1437);
#1332=LINE('',#2668,#1438);
#1333=LINE('',#2672,#1439);
#1334=LINE('',#2674,#1440);
#1335=LINE('',#2676,#1441);
#1336=LINE('',#2678,#1442);
#1337=LINE('',#2680,#1443);
#1338=LINE('',#2682,#1444);
#1339=LINE('',#2686,#1445);
#1340=LINE('',#2691,#1446);
#1341=LINE('',#2695,#1447);
#1342=LINE('',#2697,#1448);
#1343=LINE('',#2699,#1449);
#1344=LINE('',#2701,#1450);
#1345=LINE('',#2703,#1451);
#1346=LINE('',#2705,#1452);
#1347=LINE('',#2709,#1453);
#1348=LINE('',#2714,#1454);
#1349=LINE('',#2718,#1455);
#1350=LINE('',#2720,#1456);
#1351=LINE('',#2722,#1457);
#1352=LINE('',#2724,#1458);
#1353=LINE('',#2726,#1459);
#1354=LINE('',#2728,#1460);
#1355=LINE('',#2732,#1461);
#1356=LINE('',#2737,#1462);
#1357=LINE('',#2741,#1463);
#1358=LINE('',#2743,#1464);
#1359=LINE('',#2745,#1465);
#1360=LINE('',#2747,#1466);
#1361=LINE('',#2749,#1467);
#1362=LINE('',#2751,#1468);
#1363=LINE('',#2755,#1469);
#1364=LINE('',#2760,#1470);
#1365=LINE('',#2772,#1471);
#1366=LINE('',#2784,#1472);
#1367=LINE('',#2796,#1473);
#1368=LINE('',#2808,#1474);
#1369=LINE('',#2818,#1475);
#1370=LINE('',#2823,#1476);
#1371=LINE('',#2835,#1477);
#1372=LINE('',#2847,#1478);
#1373=LINE('',#2868,#1479);
#1374=LINE('',#2878,#1480);
#1375=LINE('',#2883,#1481);
#1376=LINE('',#2895,#1482);
#1377=LINE('',#2907,#1483);
#1378=LINE('',#2926,#1484);
#1379=LINE('',#2931,#1485);
#1380=LINE('',#2943,#1486);
#1381=LINE('',#2955,#1487);
#1382=LINE('',#2967,#1488);
#1383=LINE('',#2977,#1489);
#1384=LINE('',#2982,#1490);
#1385=LINE('',#2994,#1491);
#1386=LINE('',#3006,#1492);
#1387=LINE('',#3018,#1493);
#1388=LINE('',#3028,#1494);
#1389=LINE('',#3033,#1495);
#1390=LINE('',#3045,#1496);
#1391=LINE('',#3075,#1497);
#1392=LINE('',#3087,#1498);
#1393=LINE('',#3711,#1499);
#1394=LINE('',#7485,#1500);
#1395=LINE('',#7646,#1501);
#1396=LINE('',#7647,#1502);
#1397=LINE('',#7649,#1503);
#1398=LINE('',#7651,#1504);
#1399=LINE('',#7653,#1505);
#1400=LINE('',#7655,#1506);
#1401=LINE('',#7658,#1507);
#1402=LINE('',#7660,#1508);
#1403=LINE('',#7661,#1509);
#1404=LINE('',#7663,#1510);
#1405=VECTOR('',#2085,1.);
#1406=VECTOR('',#2088,1.);
#1407=VECTOR('',#2093,1.);
#1408=VECTOR('',#2094,1.);
#1409=VECTOR('',#2095,1.);
#1410=VECTOR('',#2098,1.);
#1411=VECTOR('',#2099,1.);
#1412=VECTOR('',#2100,1.);
#1413=VECTOR('',#2107,1.);
#1414=VECTOR('',#2110,1.);
#1415=VECTOR('',#2115,1.);
#1416=VECTOR('',#2116,1.);
#1417=VECTOR('',#2117,1.);
#1418=VECTOR('',#2120,1.);
#1419=VECTOR('',#2121,1.);
#1420=VECTOR('',#2122,1.);
#1421=VECTOR('',#2129,1.);
#1422=VECTOR('',#2132,1.);
#1423=VECTOR('',#2137,1.);
#1424=VECTOR('',#2138,1.);
#1425=VECTOR('',#2139,1.);
#1426=VECTOR('',#2142,1.);
#1427=VECTOR('',#2143,1.);
#1428=VECTOR('',#2144,1.);
#1429=VECTOR('',#2147,1.);
#1430=VECTOR('',#2150,1.);
#1431=VECTOR('',#2155,1.);
#1432=VECTOR('',#2156,1.);
#1433=VECTOR('',#2157,1.);
#1434=VECTOR('',#2160,1.);
#1435=VECTOR('',#2161,1.);
#1436=VECTOR('',#2162,1.);
#1437=VECTOR('',#2169,1.);
#1438=VECTOR('',#2172,1.);
#1439=VECTOR('',#2177,1.);
#1440=VECTOR('',#2178,1.);
#1441=VECTOR('',#2179,1.);
#1442=VECTOR('',#2182,1.);
#1443=VECTOR('',#2183,1.);
#1444=VECTOR('',#2184,1.);
#1445=VECTOR('',#2191,1.);
#1446=VECTOR('',#2194,1.);
#1447=VECTOR('',#2199,1.);
#1448=VECTOR('',#2200,1.);
#1449=VECTOR('',#2201,1.);
#1450=VECTOR('',#2204,1.);
#1451=VECTOR('',#2205,1.);
#1452=VECTOR('',#2206,1.);
#1453=VECTOR('',#2213,1.);
#1454=VECTOR('',#2216,1.);
#1455=VECTOR('',#2221,1.);
#1456=VECTOR('',#2222,1.);
#1457=VECTOR('',#2223,1.);
#1458=VECTOR('',#2226,1.);
#1459=VECTOR('',#2227,1.);
#1460=VECTOR('',#2228,1.);
#1461=VECTOR('',#2235,1.);
#1462=VECTOR('',#2238,1.);
#1463=VECTOR('',#2243,1.);
#1464=VECTOR('',#2244,1.);
#1465=VECTOR('',#2245,1.);
#1466=VECTOR('',#2248,1.);
#1467=VECTOR('',#2249,1.);
#1468=VECTOR('',#2250,1.);
#1469=VECTOR('',#2257,1.);
#1470=VECTOR('',#2260,1.);
#1471=VECTOR('',#2265,1.);
#1472=VECTOR('',#2270,1.);
#1473=VECTOR('',#2275,1.);
#1474=VECTOR('',#2280,1.);
#1475=VECTOR('',#2283,1.);
#1476=VECTOR('',#2286,1.);
#1477=VECTOR('',#2291,1.);
#1478=VECTOR('',#2296,1.);
#1479=VECTOR('',#2305,1.);
#1480=VECTOR('',#2308,1.);
#1481=VECTOR('',#2311,1.);
#1482=VECTOR('',#2316,1.);
#1483=VECTOR('',#2321,1.);
#1484=VECTOR('',#2328,1.);
#1485=VECTOR('',#2331,1.);
#1486=VECTOR('',#2336,1.);
#1487=VECTOR('',#2341,1.);
#1488=VECTOR('',#2346,1.);
#1489=VECTOR('',#2349,1.);
#1490=VECTOR('',#2352,1.);
#1491=VECTOR('',#2357,1.);
#1492=VECTOR('',#2362,1.);
#1493=VECTOR('',#2367,1.);
#1494=VECTOR('',#2370,1.);
#1495=VECTOR('',#2373,1.);
#1496=VECTOR('',#2378,1.);
#1497=VECTOR('',#2391,1.);
#1498=VECTOR('',#2396,1.);
#1499=VECTOR('',#2429,1.);
#1500=VECTOR('',#2442,1.);
#1501=VECTOR('',#2535,1.);
#1502=VECTOR('',#2536,1.);
#1503=VECTOR('',#2539,1.);
#1504=VECTOR('',#2542,1.);
#1505=VECTOR('',#2545,1.);
#1506=VECTOR('',#2548,1.);
#1507=VECTOR('',#2553,1.);
#1508=VECTOR('',#2556,1.);
#1509=VECTOR('',#2557,1.);
#1510=VECTOR('',#2560,1.);
#1511=EDGE_LOOP('',(#262,#263,#264,#265));
#1512=EDGE_LOOP('',(#266,#267,#268,#269));
#1513=EDGE_LOOP('',(#270,#271,#272,#273));
#1514=EDGE_LOOP('',(#274,#275,#276,#277));
#1515=EDGE_LOOP('',(#278,#279,#280,#281));
#1516=EDGE_LOOP('',(#282,#283,#284,#285));
#1517=EDGE_LOOP('',(#286,#287,#288,#289));
#1518=EDGE_LOOP('',(#290,#291,#292,#293));
#1519=EDGE_LOOP('',(#294,#295,#296,#297));
#1520=EDGE_LOOP('',(#298,#299,#300,#301));
#1521=EDGE_LOOP('',(#302,#303,#304,#305));
#1522=EDGE_LOOP('',(#306,#307,#308,#309));
#1523=EDGE_LOOP('',(#310,#311,#312,#313));
#1524=EDGE_LOOP('',(#314,#315,#316,#317));
#1525=EDGE_LOOP('',(#318,#319,#320,#321));
#1526=EDGE_LOOP('',(#322,#323,#324,#325));
#1527=EDGE_LOOP('',(#326,#327,#328,#329));
#1528=EDGE_LOOP('',(#330,#331,#332,#333));
#1529=EDGE_LOOP('',(#334,#335,#336,#337));
#1530=EDGE_LOOP('',(#338,#339,#340,#341));
#1531=EDGE_LOOP('',(#342,#343,#344,#345));
#1532=EDGE_LOOP('',(#346,#347,#348,#349));
#1533=EDGE_LOOP('',(#350,#351,#352,#353));
#1534=EDGE_LOOP('',(#354,#355,#356,#357));
#1535=EDGE_LOOP('',(#358,#359,#360,#361));
#1536=EDGE_LOOP('',(#362,#363,#364,#365));
#1537=EDGE_LOOP('',(#366,#367,#368,#369));
#1538=EDGE_LOOP('',(#370,#371,#372,#373));
#1539=EDGE_LOOP('',(#374,#375,#376,#377));
#1540=EDGE_LOOP('',(#378,#379,#380,#381));
#1541=EDGE_LOOP('',(#382,#383,#384,#385));
#1542=EDGE_LOOP('',(#386,#387,#388,#389));
#1543=EDGE_LOOP('',(#390,#391,#392,#393));
#1544=EDGE_LOOP('',(#394,#395,#396,#397));
#1545=EDGE_LOOP('',(#398,#399,#400,#401));
#1546=EDGE_LOOP('',(#402,#403,#404,#405));
#1547=EDGE_LOOP('',(#406,#407,#408,#409));
#1548=EDGE_LOOP('',(#410,#411,#412,#413));
#1549=EDGE_LOOP('',(#414,#415,#416,#417));
#1550=EDGE_LOOP('',(#418,#419,#420,#421));
#1551=EDGE_LOOP('',(#422,#423,#424,#425));
#1552=EDGE_LOOP('',(#426,#427,#428,#429));
#1553=EDGE_LOOP('',(#430,#431,#432,#433));
#1554=EDGE_LOOP('',(#434,#435,#436,#437));
#1555=EDGE_LOOP('',(#438,#439,#440,#441));
#1556=EDGE_LOOP('',(#442,#443,#444,#445));
#1557=EDGE_LOOP('',(#446,#447,#448,#449));
#1558=EDGE_LOOP('',(#450,#451,#452,#453));
#1559=EDGE_LOOP('',(#454,#455,#456,#457));
#1560=EDGE_LOOP('',(#458,#459,#460,#461));
#1561=EDGE_LOOP('',(#462,#463,#464,#465));
#1562=EDGE_LOOP('',(#466,#467,#468,#469));
#1563=EDGE_LOOP('',(#470,#471,#472,#473));
#1564=EDGE_LOOP('',(#474,#475,#476,#477));
#1565=EDGE_LOOP('',(#478,#479,#480,#481));
#1566=EDGE_LOOP('',(#482,#483,#484,#485));
#1567=EDGE_LOOP('',(#486,#487,#488,#489));
#1568=EDGE_LOOP('',(#490,#491,#492,#493));
#1569=EDGE_LOOP('',(#494,#495,#496,#497));
#1570=EDGE_LOOP('',(#498,#499,#500));
#1571=EDGE_LOOP('',(#501,#502,#503,#504));
#1572=EDGE_LOOP('',(#505,#506,#507));
#1573=EDGE_LOOP('',(#508,#509,#510,#511));
#1574=EDGE_LOOP('',(#512,#513,#514));
#1575=EDGE_LOOP('',(#515,#516,#517,#518));
#1576=EDGE_LOOP('',(#519,#520,#521,#522));
#1577=EDGE_LOOP('',(#523,#524,#525,#526));
#1578=EDGE_LOOP('',(#527,#528,#529,#530));
#1579=EDGE_LOOP('',(#531,#532,#533,#534));
#1580=EDGE_LOOP('',(#535,#536,#537,#538));
#1581=EDGE_LOOP('',(#539,#540,#541,#542,#543,#544,#545,#546,#547,#548,#549));
#1582=EDGE_LOOP('',(#550,#551,#552,#553,#554,#555,#556,#557,#558,#559));
#1583=EDGE_LOOP('',(#560,#561,#562,#563));
#1584=EDGE_LOOP('',(#564,#565,#566,#567));
#1585=EDGE_LOOP('',(#568,#569,#570,#571,#572,#573));
#1586=EDGE_LOOP('',(#574,#575,#576,#577,#578));
#1587=EDGE_LOOP('',(#579));
#1588=EDGE_LOOP('',(#580,#581,#582,#583,#584,#585,#586,#587,#588,#589,#590,
#591,#592,#593,#594,#595,#596,#597,#598,#599,#600,#601,#602,#603,#604,#605,
#606,#607,#608,#609,#610,#611));
#1589=EDGE_LOOP('',(#612));
#1590=EDGE_LOOP('',(#613,#614,#615,#616,#617,#618,#619,#620,#621,#622,#623,
#624,#625,#626,#627,#628,#629,#630,#631,#632,#633,#634,#635,#636,#637,#638,
#639,#640,#641,#642,#643,#644,#645,#646,#647,#648,#649,#650,#651,#652));
#1591=EDGE_LOOP('',(#653));
#1592=EDGE_LOOP('',(#654));
#1593=EDGE_LOOP('',(#655));
#1594=EDGE_LOOP('',(#656,#657,#658,#659));
#1595=EDGE_LOOP('',(#660));
#1596=EDGE_LOOP('',(#661));
#1597=EDGE_LOOP('',(#662));
#1598=EDGE_LOOP('',(#663));
#1599=EDGE_LOOP('',(#664,#665,#666,#667,#668,#669,#670,#671,#672,#673,#674,
#675,#676,#677,#678,#679,#680,#681,#682,#683,#684,#685,#686,#687,#688,#689,
#690,#691,#692,#693,#694,#695,#696,#697,#698,#699,#700,#701,#702,#703));
#1600=EDGE_LOOP('',(#704));
#1601=EDGE_LOOP('',(#705,#706,#707,#708,#709,#710,#711,#712,#713,#714,#715,
#716,#717,#718,#719,#720,#721,#722,#723,#724,#725,#726,#727,#728,#729,#730,
#731,#732,#733,#734,#735,#736));
#1602=EDGE_LOOP('',(#737,#738,#739,#740,#741,#742,#743,#744,#745,#746,#747,
#748,#749,#750,#751,#752,#753,#754,#755));
#1603=EDGE_LOOP('',(#756,#757,#758,#759,#760,#761,#762));
#1604=EDGE_LOOP('',(#763));
#1605=EDGE_LOOP('',(#764));
#1606=EDGE_LOOP('',(#765));
#1607=EDGE_LOOP('',(#766));
#1608=EDGE_LOOP('',(#767));
#1609=EDGE_LOOP('',(#768));
#1610=EDGE_LOOP('',(#769));
#1611=EDGE_LOOP('',(#770,#771,#772,#773));
#1612=EDGE_LOOP('',(#774,#775,#776,#777));
#1613=EDGE_LOOP('',(#778,#779,#780,#781));
#1614=EDGE_LOOP('',(#782,#783,#784,#785));
#1615=EDGE_LOOP('',(#786,#787,#788,#789));
#1616=EDGE_LOOP('',(#790,#791,#792,#793));
#1617=EDGE_LOOP('',(#794,#795,#796,#797));
#1618=EDGE_LOOP('',(#798,#799,#800,#801));
#1619=EDGE_LOOP('',(#802,#803,#804,#805));
#1620=EDGE_LOOP('',(#806,#807,#808,#809));
#1621=EDGE_LOOP('',(#810,#811,#812,#813));
#1622=EDGE_LOOP('',(#814,#815,#816,#817));
#1623=EDGE_LOOP('',(#818,#819,#820,#821));
#1624=EDGE_LOOP('',(#822));
#1625=EDGE_LOOP('',(#823));
#1626=EDGE_LOOP('',(#824));
#1627=EDGE_LOOP('',(#825));
#1628=FACE_BOUND('',#1511,.T.);
#1629=FACE_BOUND('',#1512,.T.);
#1630=FACE_BOUND('',#1513,.T.);
#1631=FACE_BOUND('',#1514,.T.);
#1632=FACE_BOUND('',#1515,.T.);
#1633=FACE_BOUND('',#1516,.T.);
#1634=FACE_BOUND('',#1517,.T.);
#1635=FACE_BOUND('',#1518,.T.);
#1636=FACE_BOUND('',#1519,.T.);
#1637=FACE_BOUND('',#1520,.T.);
#1638=FACE_BOUND('',#1521,.T.);
#1639=FACE_BOUND('',#1522,.T.);
#1640=FACE_BOUND('',#1523,.T.);
#1641=FACE_BOUND('',#1524,.T.);
#1642=FACE_BOUND('',#1525,.T.);
#1643=FACE_BOUND('',#1526,.T.);
#1644=FACE_BOUND('',#1527,.T.);
#1645=FACE_BOUND('',#1528,.T.);
#1646=FACE_BOUND('',#1529,.T.);
#1647=FACE_BOUND('',#1530,.T.);
#1648=FACE_BOUND('',#1531,.T.);
#1649=FACE_BOUND('',#1532,.T.);
#1650=FACE_BOUND('',#1533,.T.);
#1651=FACE_BOUND('',#1534,.T.);
#1652=FACE_BOUND('',#1535,.T.);
#1653=FACE_BOUND('',#1536,.T.);
#1654=FACE_BOUND('',#1537,.T.);
#1655=FACE_BOUND('',#1538,.T.);
#1656=FACE_BOUND('',#1539,.T.);
#1657=FACE_BOUND('',#1540,.T.);
#1658=FACE_BOUND('',#1541,.T.);
#1659=FACE_BOUND('',#1542,.T.);
#1660=FACE_BOUND('',#1543,.T.);
#1661=FACE_BOUND('',#1544,.T.);
#1662=FACE_BOUND('',#1545,.T.);
#1663=FACE_BOUND('',#1546,.T.);
#1664=FACE_BOUND('',#1547,.T.);
#1665=FACE_BOUND('',#1548,.T.);
#1666=FACE_BOUND('',#1549,.T.);
#1667=FACE_BOUND('',#1550,.T.);
#1668=FACE_BOUND('',#1551,.T.);
#1669=FACE_BOUND('',#1552,.T.);
#1670=FACE_BOUND('',#1553,.T.);
#1671=FACE_BOUND('',#1554,.T.);
#1672=FACE_BOUND('',#1555,.T.);
#1673=FACE_BOUND('',#1556,.T.);
#1674=FACE_BOUND('',#1557,.T.);
#1675=FACE_BOUND('',#1558,.T.);
#1676=FACE_BOUND('',#1559,.T.);
#1677=FACE_BOUND('',#1560,.T.);
#1678=FACE_BOUND('',#1561,.T.);
#1679=FACE_BOUND('',#1562,.T.);
#1680=FACE_BOUND('',#1563,.T.);
#1681=FACE_BOUND('',#1564,.T.);
#1682=FACE_BOUND('',#1565,.T.);
#1683=FACE_BOUND('',#1566,.T.);
#1684=FACE_BOUND('',#1567,.T.);
#1685=FACE_BOUND('',#1568,.T.);
#1686=FACE_BOUND('',#1569,.T.);
#1687=FACE_BOUND('',#1570,.T.);
#1688=FACE_BOUND('',#1571,.T.);
#1689=FACE_BOUND('',#1572,.T.);
#1690=FACE_BOUND('',#1573,.T.);
#1691=FACE_BOUND('',#1574,.T.);
#1692=FACE_BOUND('',#1575,.T.);
#1693=FACE_BOUND('',#1576,.T.);
#1694=FACE_BOUND('',#1577,.T.);
#1695=FACE_BOUND('',#1578,.T.);
#1696=FACE_BOUND('',#1579,.T.);
#1697=FACE_BOUND('',#1580,.T.);
#1698=FACE_BOUND('',#1581,.T.);
#1699=FACE_BOUND('',#1582,.T.);
#1700=FACE_BOUND('',#1583,.T.);
#1701=FACE_BOUND('',#1584,.T.);
#1702=FACE_BOUND('',#1585,.T.);
#1703=FACE_BOUND('',#1586,.T.);
#1704=FACE_BOUND('',#1587,.T.);
#1705=FACE_BOUND('',#1588,.T.);
#1706=FACE_BOUND('',#1589,.T.);
#1707=FACE_BOUND('',#1590,.T.);
#1708=FACE_BOUND('',#1591,.T.);
#1709=FACE_BOUND('',#1592,.T.);
#1710=FACE_BOUND('',#1593,.T.);
#1711=FACE_BOUND('',#1594,.T.);
#1712=FACE_BOUND('',#1595,.T.);
#1713=FACE_BOUND('',#1596,.T.);
#1714=FACE_BOUND('',#1597,.T.);
#1715=FACE_BOUND('',#1598,.T.);
#1716=FACE_BOUND('',#1599,.T.);
#1717=FACE_BOUND('',#1600,.T.);
#1718=FACE_BOUND('',#1601,.T.);
#1719=FACE_BOUND('',#1602,.T.);
#1720=FACE_BOUND('',#1603,.T.);
#1721=FACE_BOUND('',#1604,.T.);
#1722=FACE_BOUND('',#1605,.T.);
#1723=FACE_BOUND('',#1606,.T.);
#1724=FACE_BOUND('',#1607,.T.);
#1725=FACE_BOUND('',#1608,.T.);
#1726=FACE_BOUND('',#1609,.T.);
#1727=FACE_BOUND('',#1610,.T.);
#1728=FACE_BOUND('',#1611,.T.);
#1729=FACE_BOUND('',#1612,.T.);
#1730=FACE_BOUND('',#1613,.T.);
#1731=FACE_BOUND('',#1614,.T.);
#1732=FACE_BOUND('',#1615,.T.);
#1733=FACE_BOUND('',#1616,.T.);
#1734=FACE_BOUND('',#1617,.T.);
#1735=FACE_BOUND('',#1618,.T.);
#1736=FACE_BOUND('',#1619,.T.);
#1737=FACE_BOUND('',#1620,.T.);
#1738=FACE_BOUND('',#1621,.T.);
#1739=FACE_BOUND('',#1622,.T.);
#1740=FACE_BOUND('',#1623,.T.);
#1741=FACE_BOUND('',#1624,.T.);
#1742=FACE_BOUND('',#1625,.T.);
#1743=FACE_BOUND('',#1626,.T.);
#1744=FACE_BOUND('',#1627,.T.);
#1745=PLANE('',#1890);
#1746=PLANE('',#1893);
#1747=PLANE('',#1894);
#1748=PLANE('',#1897);
#1749=PLANE('',#1900);
#1750=PLANE('',#1901);
#1751=PLANE('',#1904);
#1752=PLANE('',#1907);
#1753=PLANE('',#1908);
#1754=PLANE('',#1909);
#1755=PLANE('',#1912);
#1756=PLANE('',#1913);
#1757=PLANE('',#1916);
#1758=PLANE('',#1919);
#1759=PLANE('',#1920);
#1760=PLANE('',#1923);
#1761=PLANE('',#1926);
#1762=PLANE('',#1927);
#1763=PLANE('',#1930);
#1764=PLANE('',#1933);
#1765=PLANE('',#1934);
#1766=PLANE('',#1937);
#1767=PLANE('',#1940);
#1768=PLANE('',#1941);
#1769=PLANE('',#2021);
#1770=PLANE('',#2022);
#1771=PLANE('',#2033);
#1772=PLANE('',#2047);
#1773=PLANE('',#2052);
#1774=ADVANCED_FACE('',(#1628),#1745,.T.);
#1775=ADVANCED_FACE('',(#1629),#1746,.F.);
#1776=ADVANCED_FACE('',(#1630),#1747,.F.);
#1777=ADVANCED_FACE('',(#1631),#108,.F.);
#1778=ADVANCED_FACE('',(#1632),#1748,.T.);
#1779=ADVANCED_FACE('',(#1633),#1749,.F.);
#1780=ADVANCED_FACE('',(#1634),#1750,.F.);
#1781=ADVANCED_FACE('',(#1635),#109,.F.);
#1782=ADVANCED_FACE('',(#1636),#1751,.T.);
#1783=ADVANCED_FACE('',(#1637),#1752,.T.);
#1784=ADVANCED_FACE('',(#1638),#1753,.T.);
#1785=ADVANCED_FACE('',(#1639),#1754,.T.);
#1786=ADVANCED_FACE('',(#1640),#1755,.T.);
#1787=ADVANCED_FACE('',(#1641),#1756,.T.);
#1788=ADVANCED_FACE('',(#1642),#110,.F.);
#1789=ADVANCED_FACE('',(#1643),#1757,.T.);
#1790=ADVANCED_FACE('',(#1644),#1758,.T.);
#1791=ADVANCED_FACE('',(#1645),#1759,.T.);
#1792=ADVANCED_FACE('',(#1646),#111,.F.);
#1793=ADVANCED_FACE('',(#1647),#1760,.T.);
#1794=ADVANCED_FACE('',(#1648),#1761,.T.);
#1795=ADVANCED_FACE('',(#1649),#1762,.T.);
#1796=ADVANCED_FACE('',(#1650),#112,.F.);
#1797=ADVANCED_FACE('',(#1651),#1763,.T.);
#1798=ADVANCED_FACE('',(#1652),#1764,.F.);
#1799=ADVANCED_FACE('',(#1653),#1765,.F.);
#1800=ADVANCED_FACE('',(#1654),#113,.F.);
#1801=ADVANCED_FACE('',(#1655),#1766,.T.);
#1802=ADVANCED_FACE('',(#1656),#1767,.F.);
#1803=ADVANCED_FACE('',(#1657),#1768,.F.);
#1804=ADVANCED_FACE('',(#1658),#114,.F.);
#1805=ADVANCED_FACE('',(#1659),#115,.F.);
#1806=ADVANCED_FACE('',(#1660),#116,.F.);
#1807=ADVANCED_FACE('',(#1661),#117,.F.);
#1808=ADVANCED_FACE('',(#1662),#118,.F.);
#1809=ADVANCED_FACE('',(#1663),#119,.F.);
#1810=ADVANCED_FACE('',(#1664),#120,.F.);
#1811=ADVANCED_FACE('',(#1665),#121,.F.);
#1812=ADVANCED_FACE('',(#1666),#122,.F.);
#1813=ADVANCED_FACE('',(#1667),#123,.F.);
#1814=ADVANCED_FACE('',(#1668),#124,.F.);
#1815=ADVANCED_FACE('',(#1669),#125,.F.);
#1816=ADVANCED_FACE('',(#1670),#126,.F.);
#1817=ADVANCED_FACE('',(#1671),#127,.F.);
#1818=ADVANCED_FACE('',(#1672),#128,.F.);
#1819=ADVANCED_FACE('',(#1673),#129,.F.);
#1820=ADVANCED_FACE('',(#1674),#130,.F.);
#1821=ADVANCED_FACE('',(#1675),#131,.F.);
#1822=ADVANCED_FACE('',(#1676),#132,.F.);
#1823=ADVANCED_FACE('',(#1677),#133,.F.);
#1824=ADVANCED_FACE('',(#1678),#134,.F.);
#1825=ADVANCED_FACE('',(#1679),#135,.F.);
#1826=ADVANCED_FACE('',(#1680),#136,.F.);
#1827=ADVANCED_FACE('',(#1681),#137,.F.);
#1828=ADVANCED_FACE('',(#1682),#138,.F.);
#1829=ADVANCED_FACE('',(#1683),#139,.F.);
#1830=ADVANCED_FACE('',(#1684),#140,.F.);
#1831=ADVANCED_FACE('',(#1685),#141,.F.);
#1832=ADVANCED_FACE('',(#1686),#142,.F.);
#1833=ADVANCED_FACE('',(#1687),#143,.T.);
#1834=ADVANCED_FACE('',(#1688),#30,.F.);
#1835=ADVANCED_FACE('',(#1689),#26,.F.);
#1836=ADVANCED_FACE('',(#1690),#22,.F.);
#1837=ADVANCED_FACE('',(#1691),#27,.F.);
#1838=ADVANCED_FACE('',(#1692),#31,.F.);
#1839=ADVANCED_FACE('',(#1693),#14,.F.);
#1840=ADVANCED_FACE('',(#1694),#15,.T.);
#1841=ADVANCED_FACE('',(#1695),#144,.T.);
#1842=ADVANCED_FACE('',(#1696),#145,.T.);
#1843=ADVANCED_FACE('',(#1697),#16,.T.);
#1844=ADVANCED_FACE('',(#1698),#17,.F.);
#1845=ADVANCED_FACE('',(#1699),#18,.F.);
#1846=ADVANCED_FACE('',(#1700),#19,.F.);
#1847=ADVANCED_FACE('',(#1701),#20,.F.);
#1848=ADVANCED_FACE('',(#1702),#21,.F.);
#1849=ADVANCED_FACE('',(#1703),#1769,.F.);
#1850=ADVANCED_FACE('',(#1704,#1705),#1770,.T.);
#1851=ADVANCED_FACE('',(#1706,#1707),#1771,.T.);
#1852=ADVANCED_FACE('',(#1708,#1709,#1710),#1772,.T.);
#1853=ADVANCED_FACE('',(#1711),#146,.F.);
#1854=ADVANCED_FACE('',(#1712,#1713,#1714,#1715),#1773,.T.);
#1855=ADVANCED_FACE('',(#1716,#1717),#23,.T.);
#1856=ADVANCED_FACE('',(#1718,#1719),#147,.F.);
#1857=ADVANCED_FACE('',(#1720),#24,.T.);
#1858=ADVANCED_FACE('',(#1721,#1722),#148,.F.);
#1859=ADVANCED_FACE('',(#1723,#1724),#25,.F.);
#1860=ADVANCED_FACE('',(#1725),#28,.F.);
#1861=ADVANCED_FACE('',(#1726,#1727),#149,.T.);
#1862=ADVANCED_FACE('',(#1728),#29,.T.);
#1863=ADVANCED_FACE('',(#1729),#150,.F.);
#1864=ADVANCED_FACE('',(#1730),#151,.F.);
#1865=ADVANCED_FACE('',(#1731),#152,.F.);
#1866=ADVANCED_FACE('',(#1732),#153,.F.);
#1867=ADVANCED_FACE('',(#1733),#154,.F.);
#1868=ADVANCED_FACE('',(#1734),#155,.F.);
#1869=ADVANCED_FACE('',(#1735),#156,.F.);
#1870=ADVANCED_FACE('',(#1736),#157,.F.);
#1871=ADVANCED_FACE('',(#1737),#158,.F.);
#1872=ADVANCED_FACE('',(#1738),#159,.F.);
#1873=ADVANCED_FACE('',(#1739),#160,.F.);
#1874=ADVANCED_FACE('',(#1740),#161,.F.);
#1875=ADVANCED_FACE('',(#1741,#1742),#162,.F.);
#1876=ADVANCED_FACE('',(#1743,#1744),#163,.F.);
#1877=CLOSED_SHELL('',(#1774,#1775,#1776,#1777,#1778,#1779,#1780,#1781,
#1782,#1783,#1784,#1785,#1786,#1787,#1788,#1789,#1790,#1791,#1792,#1793,
#1794,#1795,#1796,#1797,#1798,#1799,#1800,#1801,#1802,#1803,#1804,#1805,
#1806,#1807,#1808,#1809,#1810,#1811,#1812,#1813,#1814,#1815,#1816,#1817,
#1818,#1819,#1820,#1821,#1822,#1823,#1824,#1825,#1826,#1827,#1828,#1829,
#1830,#1831,#1832,#1833,#1834,#1835,#1836,#1837,#1838,#1839,#1840,#1841,
#1842,#1843,#1844,#1845,#1846,#1847,#1848,#1849,#1850,#1851,#1852,#1853,
#1854,#1855,#1856,#1857,#1858,#1859,#1860,#1861,#1862,#1863,#1864,#1865,
#1866,#1867,#1868,#1869,#1870,#1871,#1872,#1873,#1874,#1875,#1876));
#1878=STYLED_ITEM('',(#1879),#1886);
#1879=PRESENTATION_STYLE_ASSIGNMENT((#1880));
#1880=SURFACE_STYLE_USAGE(.BOTH.,#1881);
#1881=SURFACE_SIDE_STYLE('',(#1882));
#1882=SURFACE_STYLE_FILL_AREA(#1883);
#1883=FILL_AREA_STYLE('',(#1884));
#1884=FILL_AREA_STYLE_COLOUR('',#1885);
#1885=COLOUR_RGB('',1.,0.756862745098039,0.0549019607843137);
#1886=MANIFOLD_SOLID_BREP('Duran 29239107',#1877);
#1887=SHAPE_DEFINITION_REPRESENTATION(#7675,#1888);
#1888=SHAPE_REPRESENTATION('Duran 29239107',(#1889),#7670);
#1889=AXIS2_PLACEMENT_3D('',#2571,#2081,#2082);
#1890=AXIS2_PLACEMENT_3D('',#2572,#2083,#2084);
#1891=AXIS2_PLACEMENT_3D('',#2576,#2086,#2087);
#1892=AXIS2_PLACEMENT_3D('',#2580,#2089,#2090);
#1893=AXIS2_PLACEMENT_3D('',#2581,#2091,#2092);
#1894=AXIS2_PLACEMENT_3D('',#2587,#2096,#2097);
#1895=AXIS2_PLACEMENT_3D('',#2593,#2101,#2102);
#1896=AXIS2_PLACEMENT_3D('',#2594,#2103,#2104);
#1897=AXIS2_PLACEMENT_3D('',#2595,#2105,#2106);
#1898=AXIS2_PLACEMENT_3D('',#2599,#2108,#2109);
#1899=AXIS2_PLACEMENT_3D('',#2603,#2111,#2112);
#1900=AXIS2_PLACEMENT_3D('',#2604,#2113,#2114);
#1901=AXIS2_PLACEMENT_3D('',#2610,#2118,#2119);
#1902=AXIS2_PLACEMENT_3D('',#2616,#2123,#2124);
#1903=AXIS2_PLACEMENT_3D('',#2617,#2125,#2126);
#1904=AXIS2_PLACEMENT_3D('',#2618,#2127,#2128);
#1905=AXIS2_PLACEMENT_3D('',#2622,#2130,#2131);
#1906=AXIS2_PLACEMENT_3D('',#2626,#2133,#2134);
#1907=AXIS2_PLACEMENT_3D('',#2627,#2135,#2136);
#1908=AXIS2_PLACEMENT_3D('',#2633,#2140,#2141);
#1909=AXIS2_PLACEMENT_3D('',#2639,#2145,#2146);
#1910=AXIS2_PLACEMENT_3D('',#2643,#2148,#2149);
#1911=AXIS2_PLACEMENT_3D('',#2647,#2151,#2152);
#1912=AXIS2_PLACEMENT_3D('',#2648,#2153,#2154);
#1913=AXIS2_PLACEMENT_3D('',#2654,#2158,#2159);
#1914=AXIS2_PLACEMENT_3D('',#2660,#2163,#2164);
#1915=AXIS2_PLACEMENT_3D('',#2661,#2165,#2166);
#1916=AXIS2_PLACEMENT_3D('',#2662,#2167,#2168);
#1917=AXIS2_PLACEMENT_3D('',#2666,#2170,#2171);
#1918=AXIS2_PLACEMENT_3D('',#2670,#2173,#2174);
#1919=AXIS2_PLACEMENT_3D('',#2671,#2175,#2176);
#1920=AXIS2_PLACEMENT_3D('',#2677,#2180,#2181);
#1921=AXIS2_PLACEMENT_3D('',#2683,#2185,#2186);
#1922=AXIS2_PLACEMENT_3D('',#2684,#2187,#2188);
#1923=AXIS2_PLACEMENT_3D('',#2685,#2189,#2190);
#1924=AXIS2_PLACEMENT_3D('',#2689,#2192,#2193);
#1925=AXIS2_PLACEMENT_3D('',#2693,#2195,#2196);
#1926=AXIS2_PLACEMENT_3D('',#2694,#2197,#2198);
#1927=AXIS2_PLACEMENT_3D('',#2700,#2202,#2203);
#1928=AXIS2_PLACEMENT_3D('',#2706,#2207,#2208);
#1929=AXIS2_PLACEMENT_3D('',#2707,#2209,#2210);
#1930=AXIS2_PLACEMENT_3D('',#2708,#2211,#2212);
#1931=AXIS2_PLACEMENT_3D('',#2712,#2214,#2215);
#1932=AXIS2_PLACEMENT_3D('',#2716,#2217,#2218);
#1933=AXIS2_PLACEMENT_3D('',#2717,#2219,#2220);
#1934=AXIS2_PLACEMENT_3D('',#2723,#2224,#2225);
#1935=AXIS2_PLACEMENT_3D('',#2729,#2229,#2230);
#1936=AXIS2_PLACEMENT_3D('',#2730,#2231,#2232);
#1937=AXIS2_PLACEMENT_3D('',#2731,#2233,#2234);
#1938=AXIS2_PLACEMENT_3D('',#2735,#2236,#2237);
#1939=AXIS2_PLACEMENT_3D('',#2739,#2239,#2240);
#1940=AXIS2_PLACEMENT_3D('',#2740,#2241,#2242);
#1941=AXIS2_PLACEMENT_3D('',#2746,#2246,#2247);
#1942=AXIS2_PLACEMENT_3D('',#2752,#2251,#2252);
#1943=AXIS2_PLACEMENT_3D('',#2753,#2253,#2254);
#1944=AXIS2_PLACEMENT_3D('',#2754,#2255,#2256);
#1945=AXIS2_PLACEMENT_3D('',#2758,#2258,#2259);
#1946=AXIS2_PLACEMENT_3D('',#2769,#2261,#2262);
#1947=AXIS2_PLACEMENT_3D('',#2770,#2263,#2264);
#1948=AXIS2_PLACEMENT_3D('',#2781,#2266,#2267);
#1949=AXIS2_PLACEMENT_3D('',#2782,#2268,#2269);
#1950=AXIS2_PLACEMENT_3D('',#2793,#2271,#2272);
#1951=AXIS2_PLACEMENT_3D('',#2794,#2273,#2274);
#1952=AXIS2_PLACEMENT_3D('',#2805,#2276,#2277);
#1953=AXIS2_PLACEMENT_3D('',#2806,#2278,#2279);
#1954=AXIS2_PLACEMENT_3D('',#2817,#2281,#2282);
#1955=AXIS2_PLACEMENT_3D('',#2821,#2284,#2285);
#1956=AXIS2_PLACEMENT_3D('',#2832,#2287,#2288);
#1957=AXIS2_PLACEMENT_3D('',#2833,#2289,#2290);
#1958=AXIS2_PLACEMENT_3D('',#2844,#2292,#2293);
#1959=AXIS2_PLACEMENT_3D('',#2845,#2294,#2295);
#1960=AXIS2_PLACEMENT_3D('',#2856,#2297,#2298);
#1961=AXIS2_PLACEMENT_3D('',#2857,#2299,#2300);
#1962=AXIS2_PLACEMENT_3D('',#2865,#2301,#2302);
#1963=AXIS2_PLACEMENT_3D('',#2866,#2303,#2304);
#1964=AXIS2_PLACEMENT_3D('',#2877,#2306,#2307);
#1965=AXIS2_PLACEMENT_3D('',#2881,#2309,#2310);
#1966=AXIS2_PLACEMENT_3D('',#2892,#2312,#2313);
#1967=AXIS2_PLACEMENT_3D('',#2893,#2314,#2315);
#1968=AXIS2_PLACEMENT_3D('',#2904,#2317,#2318);
#1969=AXIS2_PLACEMENT_3D('',#2905,#2319,#2320);
#1970=AXIS2_PLACEMENT_3D('',#2916,#2322,#2323);
#1971=AXIS2_PLACEMENT_3D('',#2917,#2324,#2325);
#1972=AXIS2_PLACEMENT_3D('',#2925,#2326,#2327);
#1973=AXIS2_PLACEMENT_3D('',#2929,#2329,#2330);
#1974=AXIS2_PLACEMENT_3D('',#2940,#2332,#2333);
#1975=AXIS2_PLACEMENT_3D('',#2941,#2334,#2335);
#1976=AXIS2_PLACEMENT_3D('',#2952,#2337,#2338);
#1977=AXIS2_PLACEMENT_3D('',#2953,#2339,#2340);
#1978=AXIS2_PLACEMENT_3D('',#2964,#2342,#2343);
#1979=AXIS2_PLACEMENT_3D('',#2965,#2344,#2345);
#1980=AXIS2_PLACEMENT_3D('',#2976,#2347,#2348);
#1981=AXIS2_PLACEMENT_3D('',#2980,#2350,#2351);
#1982=AXIS2_PLACEMENT_3D('',#2991,#2353,#2354);
#1983=AXIS2_PLACEMENT_3D('',#2992,#2355,#2356);
#1984=AXIS2_PLACEMENT_3D('',#3003,#2358,#2359);
#1985=AXIS2_PLACEMENT_3D('',#3004,#2360,#2361);
#1986=AXIS2_PLACEMENT_3D('',#3015,#2363,#2364);
#1987=AXIS2_PLACEMENT_3D('',#3016,#2365,#2366);
#1988=AXIS2_PLACEMENT_3D('',#3027,#2368,#2369);
#1989=AXIS2_PLACEMENT_3D('',#3031,#2371,#2372);
#1990=AXIS2_PLACEMENT_3D('',#3042,#2374,#2375);
#1991=AXIS2_PLACEMENT_3D('',#3043,#2376,#2377);
#1992=AXIS2_PLACEMENT_3D('',#3054,#2379,#2380);
#1993=AXIS2_PLACEMENT_3D('',#3055,#2381,#2382);
#1994=AXIS2_PLACEMENT_3D('',#3063,#2383,#2384);
#1995=AXIS2_PLACEMENT_3D('',#3064,#2385,#2386);
#1996=AXIS2_PLACEMENT_3D('',#3072,#2387,#2388);
#1997=AXIS2_PLACEMENT_3D('',#3073,#2389,#2390);
#1998=AXIS2_PLACEMENT_3D('',#3084,#2392,#2393);
#1999=AXIS2_PLACEMENT_3D('',#3085,#2394,#2395);
#2000=AXIS2_PLACEMENT_3D('',#3096,#2397,#2398);
#2001=AXIS2_PLACEMENT_3D('',#3148,#2399,#2400);
#2002=AXIS2_PLACEMENT_3D('',#3195,#2401,#2402);
#2003=AXIS2_PLACEMENT_3D('',#3196,#2403,#2404);
#2004=AXIS2_PLACEMENT_3D('',#3198,#2405,#2406);
#2005=AXIS2_PLACEMENT_3D('',#3199,#2407,#2408);
#2006=AXIS2_PLACEMENT_3D('',#3200,#2409,#2410);
#2007=AXIS2_PLACEMENT_3D('',#3203,#2411,#2412);
#2008=AXIS2_PLACEMENT_3D('',#3204,#2413,#2414);
#2009=AXIS2_PLACEMENT_3D('',#3205,#2415,#2416);
#2010=AXIS2_PLACEMENT_3D('',#3206,#2417,#2418);
#2011=AXIS2_PLACEMENT_3D('',#3208,#2419,#2420);
#2012=AXIS2_PLACEMENT_3D('',#3249,#2421,#2422);
#2013=AXIS2_PLACEMENT_3D('',#3252,#2423,#2424);
#2014=AXIS2_PLACEMENT_3D('',#3697,#2425,#2426);
#2015=AXIS2_PLACEMENT_3D('',#3703,#2427,#2428);
#2016=AXIS2_PLACEMENT_3D('',#3712,#2430,#2431);
#2017=AXIS2_PLACEMENT_3D('',#3713,#2432,#2433);
#2018=AXIS2_PLACEMENT_3D('',#3730,#2434,#2435);
#2019=AXIS2_PLACEMENT_3D('',#3732,#2436,#2437);
#2020=AXIS2_PLACEMENT_3D('',#3734,#2438,#2439);
#2021=AXIS2_PLACEMENT_3D('',#7484,#2440,#2441);
#2022=AXIS2_PLACEMENT_3D('',#7486,#2443,#2444);
#2023=AXIS2_PLACEMENT_3D('',#7487,#2445,#2446);
#2024=AXIS2_PLACEMENT_3D('',#7489,#2447,#2448);
#2025=AXIS2_PLACEMENT_3D('',#7490,#2449,#2450);
#2026=AXIS2_PLACEMENT_3D('',#7491,#2451,#2452);
#2027=AXIS2_PLACEMENT_3D('',#7492,#2453,#2454);
#2028=AXIS2_PLACEMENT_3D('',#7493,#2455,#2456);
#2029=AXIS2_PLACEMENT_3D('',#7494,#2457,#2458);
#2030=AXIS2_PLACEMENT_3D('',#7495,#2459,#2460);
#2031=AXIS2_PLACEMENT_3D('',#7496,#2461,#2462);
#2032=AXIS2_PLACEMENT_3D('',#7497,#2463,#2464);
#2033=AXIS2_PLACEMENT_3D('',#7498,#2465,#2466);
#2034=AXIS2_PLACEMENT_3D('',#7499,#2467,#2468);
#2035=AXIS2_PLACEMENT_3D('',#7501,#2469,#2470);
#2036=AXIS2_PLACEMENT_3D('',#7502,#2471,#2472);
#2037=AXIS2_PLACEMENT_3D('',#7504,#2473,#2474);
#2038=AXIS2_PLACEMENT_3D('',#7506,#2475,#2476);
#2039=AXIS2_PLACEMENT_3D('',#7508,#2477,#2478);
#2040=AXIS2_PLACEMENT_3D('',#7510,#2479,#2480);
#2041=AXIS2_PLACEMENT_3D('',#7512,#2481,#2482);
#2042=AXIS2_PLACEMENT_3D('',#7514,#2483,#2484);
#2043=AXIS2_PLACEMENT_3D('',#7516,#2485,#2486);
#2044=AXIS2_PLACEMENT_3D('',#7518,#2487,#2488);
#2045=AXIS2_PLACEMENT_3D('',#7520,#2489,#2490);
#2046=AXIS2_PLACEMENT_3D('',#7522,#2491,#2492);
#2047=AXIS2_PLACEMENT_3D('',#7523,#2493,#2494);
#2048=AXIS2_PLACEMENT_3D('',#7524,#2495,#2496);
#2049=AXIS2_PLACEMENT_3D('',#7526,#2497,#2498);
#2050=AXIS2_PLACEMENT_3D('',#7528,#2499,#2500);
#2051=AXIS2_PLACEMENT_3D('',#7530,#2501,#2502);
#2052=AXIS2_PLACEMENT_3D('',#7538,#2503,#2504);
#2053=AXIS2_PLACEMENT_3D('',#7539,#2505,#2506);
#2054=AXIS2_PLACEMENT_3D('',#7541,#2507,#2508);
#2055=AXIS2_PLACEMENT_3D('',#7543,#2509,#2510);
#2056=AXIS2_PLACEMENT_3D('',#7545,#2511,#2512);
#2057=AXIS2_PLACEMENT_3D('',#7547,#2513,#2514);
#2058=AXIS2_PLACEMENT_3D('',#7635,#2515,#2516);
#2059=AXIS2_PLACEMENT_3D('',#7636,#2517,#2518);
#2060=AXIS2_PLACEMENT_3D('',#7637,#2519,#2520);
#2061=AXIS2_PLACEMENT_3D('',#7638,#2521,#2522);
#2062=AXIS2_PLACEMENT_3D('',#7639,#2523,#2524);
#2063=AXIS2_PLACEMENT_3D('',#7641,#2525,#2526);
#2064=AXIS2_PLACEMENT_3D('',#7642,#2527,#2528);
#2065=AXIS2_PLACEMENT_3D('',#7643,#2529,#2530);
#2066=AXIS2_PLACEMENT_3D('',#7644,#2531,#2532);
#2067=AXIS2_PLACEMENT_3D('',#7645,#2533,#2534);
#2068=AXIS2_PLACEMENT_3D('',#7648,#2537,#2538);
#2069=AXIS2_PLACEMENT_3D('',#7650,#2540,#2541);
#2070=AXIS2_PLACEMENT_3D('',#7652,#2543,#2544);
#2071=AXIS2_PLACEMENT_3D('',#7654,#2546,#2547);
#2072=AXIS2_PLACEMENT_3D('',#7656,#2549,#2550);
#2073=AXIS2_PLACEMENT_3D('',#7657,#2551,#2552);
#2074=AXIS2_PLACEMENT_3D('',#7659,#2554,#2555);
#2075=AXIS2_PLACEMENT_3D('',#7662,#2558,#2559);
#2076=AXIS2_PLACEMENT_3D('',#7664,#2561,#2562);
#2077=AXIS2_PLACEMENT_3D('',#7665,#2563,#2564);
#2078=AXIS2_PLACEMENT_3D('',#7666,#2565,#2566);
#2079=AXIS2_PLACEMENT_3D('',#7667,#2567,#2568);
#2080=AXIS2_PLACEMENT_3D('',#7668,#2569,#2570);
#2081=DIRECTION('',(0.,0.,1.));
#2082=DIRECTION('',(1.,0.,0.));
#2083=DIRECTION('',(0.,0.,1.));
#2084=DIRECTION('',(0.707106781186549,-0.707106781186546,0.));
#2085=DIRECTION('',(-0.992845872809707,0.119402985074623,0.));
#2086=DIRECTION('',(0.,0.,1.));
#2087=DIRECTION('',(1.,3.49148133884314E-15,0.));
#2088=DIRECTION('',(0.992845872809706,0.119402985074631,0.));
#2089=DIRECTION('',(0.,0.,1.));
#2090=DIRECTION('',(0.,-1.,0.));
#2091=DIRECTION('',(0.119402985074631,-0.992845872809706,0.));
#2092=DIRECTION('',(-0.992845872809706,-0.119402985074631,0.));
#2093=DIRECTION('',(0.,0.,-1.));
#2094=DIRECTION('',(0.,0.,1.));
#2095=DIRECTION('',(0.992845872809706,0.119402985074631,0.));
#2096=DIRECTION('',(0.119402985074623,0.992845872809707,0.));
#2097=DIRECTION('',(0.992845872809707,-0.119402985074623,0.));
#2098=DIRECTION('',(0.,0.,1.));
#2099=DIRECTION('',(-0.992845872809707,0.119402985074623,0.));
#2100=DIRECTION('',(0.,0.,1.));
#2101=DIRECTION('',(0.,0.,1.));
#2102=DIRECTION('',(0.,-1.,0.));
#2103=DIRECTION('',(0.,0.,1.));
#2104=DIRECTION('',(1.,3.49148133884314E-15,0.));
#2105=DIRECTION('',(0.,0.,1.));
#2106=DIRECTION('',(0.707106781186549,-0.707106781186546,0.));
#2107=DIRECTION('',(-0.786478709777002,-0.61761738889664,0.));
#2108=DIRECTION('',(0.,0.,1.));
#2109=DIRECTION('',(0.707106781186544,0.707106781186551,0.));
#2110=DIRECTION('',(0.617617388896631,0.786478709777009,0.));
#2111=DIRECTION('',(0.,0.,1.));
#2112=DIRECTION('',(0.,-1.,0.));
#2113=DIRECTION('',(0.786478709777008,-0.617617388896631,0.));
#2114=DIRECTION('',(-0.617617388896631,-0.786478709777008,0.));
#2115=DIRECTION('',(0.,0.,-1.));
#2116=DIRECTION('',(0.,0.,1.));
#2117=DIRECTION('',(0.617617388896631,0.786478709777009,0.));
#2118=DIRECTION('',(-0.61761738889664,0.786478709777002,0.));
#2119=DIRECTION('',(0.786478709777002,0.61761738889664,0.));
#2120=DIRECTION('',(0.,0.,1.));
#2121=DIRECTION('',(-0.786478709777002,-0.61761738889664,0.));
#2122=DIRECTION('',(0.,0.,1.));
#2123=DIRECTION('',(0.,0.,1.));
#2124=DIRECTION('',(0.,-1.,0.));
#2125=DIRECTION('',(0.,0.,1.));
#2126=DIRECTION('',(0.707106781186544,0.707106781186551,0.));
#2127=DIRECTION('',(0.,0.,1.));
#2128=DIRECTION('',(0.707106781186549,-0.707106781186546,0.));
#2129=DIRECTION('',(-0.119402985074627,-0.992845872809707,0.));
#2130=DIRECTION('',(0.,0.,1.));
#2131=DIRECTION('',(0.,1.,0.));
#2132=DIRECTION('',(-0.119402985074627,0.992845872809707,0.));
#2133=DIRECTION('',(0.,0.,1.));
#2134=DIRECTION('',(0.,-1.,0.));
#2135=DIRECTION('',(-0.992845872809707,-0.119402985074627,0.));
#2136=DIRECTION('',(-0.119402985074627,0.992845872809707,0.));
#2137=DIRECTION('',(0.,0.,-1.));
#2138=DIRECTION('',(0.,0.,1.));
#2139=DIRECTION('',(-0.119402985074627,0.992845872809707,0.));
#2140=DIRECTION('',(0.992845872809707,-0.119402985074627,0.));
#2141=DIRECTION('',(-0.119402985074627,-0.992845872809707,0.));
#2142=DIRECTION('',(0.,0.,1.));
#2143=DIRECTION('',(-0.119402985074627,-0.992845872809707,0.));
#2144=DIRECTION('',(0.,0.,1.));
#2145=DIRECTION('',(0.,0.,1.));
#2146=DIRECTION('',(0.707106781186549,-0.707106781186546,0.));
#2147=DIRECTION('',(0.617617388896642,-0.786478709777,0.));
#2148=DIRECTION('',(0.,0.,1.));
#2149=DIRECTION('',(-0.707106781186554,0.707106781186541,0.));
#2150=DIRECTION('',(-0.786478709777011,0.617617388896628,0.));
#2151=DIRECTION('',(0.,0.,1.));
#2152=DIRECTION('',(0.,-1.,0.));
#2153=DIRECTION('',(-0.617617388896634,-0.786478709777006,0.));
#2154=DIRECTION('',(-0.786478709777006,0.617617388896634,0.));
#2155=DIRECTION('',(0.,0.,-1.));
#2156=DIRECTION('',(0.,0.,1.));
#2157=DIRECTION('',(-0.786478709777011,0.617617388896628,0.));
#2158=DIRECTION('',(0.786478709777004,0.617617388896637,0.));
#2159=DIRECTION('',(0.617617388896637,-0.786478709777004,0.));
#2160=DIRECTION('',(0.,0.,1.));
#2161=DIRECTION('',(0.617617388896642,-0.786478709777,0.));
#2162=DIRECTION('',(0.,0.,1.));
#2163=DIRECTION('',(0.,0.,1.));
#2164=DIRECTION('',(0.,-1.,0.));
#2165=DIRECTION('',(0.,0.,1.));
#2166=DIRECTION('',(-0.707106781186554,0.707106781186541,0.));
#2167=DIRECTION('',(0.,0.,1.));
#2168=DIRECTION('',(0.707106781186549,-0.707106781186546,0.));
#2169=DIRECTION('',(0.992845872809708,-0.119402985074616,0.));
#2170=DIRECTION('',(0.,0.,1.));
#2171=DIRECTION('',(-1.,-1.04744440165294E-14,0.));
#2172=DIRECTION('',(-0.992845872809705,-0.119402985074638,0.));
#2173=DIRECTION('',(0.,0.,1.));
#2174=DIRECTION('',(0.,-1.,0.));
#2175=DIRECTION('',(0.119402985074631,-0.992845872809706,0.));
#2176=DIRECTION('',(-0.992845872809706,-0.119402985074631,0.));
#2177=DIRECTION('',(0.,0.,-1.));
#2178=DIRECTION('',(0.,0.,1.));
#2179=DIRECTION('',(-0.992845872809705,-0.119402985074638,0.));
#2180=DIRECTION('',(0.119402985074623,0.992845872809707,0.));
#2181=DIRECTION('',(0.992845872809707,-0.119402985074623,0.));
#2182=DIRECTION('',(0.,0.,1.));
#2183=DIRECTION('',(0.992845872809708,-0.119402985074616,0.));
#2184=DIRECTION('',(0.,0.,1.));
#2185=DIRECTION('',(0.,0.,1.));
#2186=DIRECTION('',(0.,-1.,0.));
#2187=DIRECTION('',(0.,0.,1.));
#2188=DIRECTION('',(-1.,-1.04744440165294E-14,0.));
#2189=DIRECTION('',(0.,0.,1.));
#2190=DIRECTION('',(0.707106781186549,-0.707106781186546,0.));
#2191=DIRECTION('',(0.786478709776997,0.617617388896645,0.));
#2192=DIRECTION('',(0.,0.,1.));
#2193=DIRECTION('',(-0.707106781186539,-0.707106781186556,0.));
#2194=DIRECTION('',(-0.617617388896625,-0.786478709777013,0.));
#2195=DIRECTION('',(0.,0.,1.));
#2196=DIRECTION('',(0.,-1.,0.));
#2197=DIRECTION('',(0.786478709777008,-0.617617388896631,0.));
#2198=DIRECTION('',(-0.617617388896631,-0.786478709777008,0.));
#2199=DIRECTION('',(0.,0.,-1.));
#2200=DIRECTION('',(0.,0.,1.));
#2201=DIRECTION('',(-0.617617388896625,-0.786478709777013,0.));
#2202=DIRECTION('',(-0.61761738889664,0.786478709777002,0.));
#2203=DIRECTION('',(0.786478709777002,0.61761738889664,0.));
#2204=DIRECTION('',(0.,0.,1.));
#2205=DIRECTION('',(0.786478709776997,0.617617388896645,0.));
#2206=DIRECTION('',(0.,0.,1.));
#2207=DIRECTION('',(0.,0.,1.));
#2208=DIRECTION('',(0.,-1.,0.));
#2209=DIRECTION('',(0.,0.,1.));
#2210=DIRECTION('',(-0.707106781186539,-0.707106781186556,0.));
#2211=DIRECTION('',(0.,0.,1.));
#2212=DIRECTION('',(0.707106781186549,-0.707106781186546,0.));
#2213=DIRECTION('',(-0.617617388896637,0.786478709777004,0.));
#2214=DIRECTION('',(0.,0.,1.));
#2215=DIRECTION('',(0.707106781186549,-0.707106781186546,0.));
#2216=DIRECTION('',(0.786478709777006,-0.617617388896634,0.));
#2217=DIRECTION('',(0.,0.,1.));
#2218=DIRECTION('',(0.,-1.,0.));
#2219=DIRECTION('',(-0.617617388896634,-0.786478709777006,0.));
#2220=DIRECTION('',(-0.786478709777006,0.617617388896634,0.));
#2221=DIRECTION('',(0.,0.,-1.));
#2222=DIRECTION('',(0.,0.,1.));
#2223=DIRECTION('',(0.786478709777006,-0.617617388896634,0.));
#2224=DIRECTION('',(0.786478709777004,0.617617388896637,0.));
#2225=DIRECTION('',(0.617617388896637,-0.786478709777004,0.));
#2226=DIRECTION('',(0.,0.,1.));
#2227=DIRECTION('',(-0.617617388896637,0.786478709777004,0.));
#2228=DIRECTION('',(0.,0.,1.));
#2229=DIRECTION('',(0.,0.,1.));
#2230=DIRECTION('',(0.,-1.,0.));
#2231=DIRECTION('',(0.,0.,1.));
#2232=DIRECTION('',(0.707106781186549,-0.707106781186546,0.));
#2233=DIRECTION('',(0.,0.,1.));
#2234=DIRECTION('',(0.707106781186549,-0.707106781186546,0.));
#2235=DIRECTION('',(0.119402985074627,0.992845872809707,0.));
#2236=DIRECTION('',(0.,0.,1.));
#2237=DIRECTION('',(0.,-1.,0.));
#2238=DIRECTION('',(0.119402985074627,-0.992845872809707,0.));
#2239=DIRECTION('',(0.,0.,1.));
#2240=DIRECTION('',(0.,-1.,0.));
#2241=DIRECTION('',(-0.992845872809707,-0.119402985074627,0.));
#2242=DIRECTION('',(-0.119402985074627,0.992845872809707,0.));
#2243=DIRECTION('',(0.,0.,-1.));
#2244=DIRECTION('',(0.,0.,1.));
#2245=DIRECTION('',(0.119402985074627,-0.992845872809707,0.));
#2246=DIRECTION('',(0.992845872809707,-0.119402985074627,0.));
#2247=DIRECTION('',(-0.119402985074627,-0.992845872809707,0.));
#2248=DIRECTION('',(0.,0.,1.));
#2249=DIRECTION('',(0.119402985074627,0.992845872809707,0.));
#2250=DIRECTION('',(0.,0.,1.));
#2251=DIRECTION('',(0.,0.,1.));
#2252=DIRECTION('',(0.,-1.,0.));
#2253=DIRECTION('',(0.,0.,1.));
#2254=DIRECTION('',(0.,-1.,0.));
#2255=DIRECTION('',(0.,0.,1.));
#2256=DIRECTION('',(0.,-1.,0.));
#2257=DIRECTION('',(0.,0.,-1.));
#2258=DIRECTION('',(0.,0.,-1.));
#2259=DIRECTION('',(0.156434465040217,0.98768834059514,0.));
#2260=DIRECTION('',(0.,0.,1.));
#2261=DIRECTION('',(0.,0.,1.));
#2262=DIRECTION('',(0.,-1.,0.));
#2263=DIRECTION('',(0.,0.,-1.));
#2264=DIRECTION('',(0.309016994374935,0.951056516295158,0.));
#2265=DIRECTION('',(0.,0.,1.));
#2266=DIRECTION('',(0.,0.,1.));
#2267=DIRECTION('',(0.,-1.,0.));
#2268=DIRECTION('',(0.,0.,-1.));
#2269=DIRECTION('',(0.453990499739535,0.891006524188374,0.));
#2270=DIRECTION('',(0.,0.,1.));
#2271=DIRECTION('',(0.,0.,1.));
#2272=DIRECTION('',(0.,-1.,0.));
#2273=DIRECTION('',(0.,0.,-1.));
#2274=DIRECTION('',(0.587785252292463,0.809016994374955,0.));
#2275=DIRECTION('',(0.,0.,1.));
#2276=DIRECTION('',(0.,0.,1.));
#2277=DIRECTION('',(0.,-1.,0.));
#2278=DIRECTION('',(0.,0.,-1.));
#2279=DIRECTION('',(0.707106781186539,0.707106781186556,0.));
#2280=DIRECTION('',(0.,0.,1.));
#2281=DIRECTION('',(0.,0.,1.));
#2282=DIRECTION('',(0.,-1.,0.));
#2283=DIRECTION('',(0.,0.,1.));
#2284=DIRECTION('',(0.,0.,-1.));
#2285=DIRECTION('',(0.891006524188363,0.453990499739557,0.));
#2286=DIRECTION('',(0.,0.,1.));
#2287=DIRECTION('',(0.,0.,1.));
#2288=DIRECTION('',(0.,-1.,0.));
#2289=DIRECTION('',(0.,0.,-1.));
#2290=DIRECTION('',(0.95105651629515,0.309016994374958,0.));
#2291=DIRECTION('',(0.,0.,1.));
#2292=DIRECTION('',(0.,0.,1.));
#2293=DIRECTION('',(0.,-1.,0.));
#2294=DIRECTION('',(0.,0.,-1.));
#2295=DIRECTION('',(0.987688340595136,0.156434465040242,0.));
#2296=DIRECTION('',(0.,0.,1.));
#2297=DIRECTION('',(0.,0.,1.));
#2298=DIRECTION('',(0.,-1.,0.));
#2299=DIRECTION('',(0.,0.,-1.));
#2300=DIRECTION('',(0.80901699437494,0.587785252292483,0.));
#2301=DIRECTION('',(0.,0.,1.));
#2302=DIRECTION('',(0.,-1.,0.));
#2303=DIRECTION('',(0.,0.,-1.));
#2304=DIRECTION('',(1.,1.04744440165294E-14,0.));
#2305=DIRECTION('',(0.,0.,1.));
#2306=DIRECTION('',(0.,0.,1.));
#2307=DIRECTION('',(0.,-1.,0.));
#2308=DIRECTION('',(0.,0.,1.));
#2309=DIRECTION('',(0.,0.,-1.));
#2310=DIRECTION('',(0.951056516295157,-0.309016994374939,0.));
#2311=DIRECTION('',(0.,0.,1.));
#2312=DIRECTION('',(0.,0.,1.));
#2313=DIRECTION('',(0.,-1.,0.));
#2314=DIRECTION('',(0.,0.,-1.));
#2315=DIRECTION('',(0.891006524188373,-0.453990499739538,0.));
#2316=DIRECTION('',(0.,0.,1.));
#2317=DIRECTION('',(0.,0.,1.));
#2318=DIRECTION('',(0.,-1.,0.));
#2319=DIRECTION('',(0.,0.,-1.));
#2320=DIRECTION('',(0.809016994374953,-0.587785252292465,0.));
#2321=DIRECTION('',(0.,0.,1.));
#2322=DIRECTION('',(0.,0.,1.));
#2323=DIRECTION('',(0.,-1.,0.));
#2324=DIRECTION('',(0.,0.,-1.));
#2325=DIRECTION('',(0.987688340595139,-0.15643446504022,0.));
#2326=DIRECTION('',(0.,0.,1.));
#2327=DIRECTION('',(0.,-1.,0.));
#2328=DIRECTION('',(0.,0.,1.));
#2329=DIRECTION('',(0.,0.,-1.));
#2330=DIRECTION('',(-0.809016994374944,-0.587785252292477,0.));
#2331=DIRECTION('',(0.,0.,1.));
#2332=DIRECTION('',(0.,0.,1.));
#2333=DIRECTION('',(0.,-1.,0.));
#2334=DIRECTION('',(0.,0.,-1.));
#2335=DIRECTION('',(-0.891006524188366,-0.453990499739551,0.));
#2336=DIRECTION('',(0.,0.,1.));
#2337=DIRECTION('',(0.,0.,1.));
#2338=DIRECTION('',(0.,-1.,0.));
#2339=DIRECTION('',(0.,0.,-1.));
#2340=DIRECTION('',(-0.951056516295152,-0.309016994374952,0.));
#2341=DIRECTION('',(0.,0.,1.));
#2342=DIRECTION('',(0.,0.,1.));
#2343=DIRECTION('',(0.,-1.,0.));
#2344=DIRECTION('',(0.,0.,-1.));
#2345=DIRECTION('',(-0.987688340595137,-0.156434465040235,0.));
#2346=DIRECTION('',(0.,0.,1.));
#2347=DIRECTION('',(0.,0.,1.));
#2348=DIRECTION('',(0.,-1.,0.));
#2349=DIRECTION('',(0.,0.,1.));
#2350=DIRECTION('',(0.,0.,-1.));
#2351=DIRECTION('',(-0.987688340595138,0.156434465040227,0.));
#2352=DIRECTION('',(0.,0.,1.));
#2353=DIRECTION('',(0.,0.,1.));
#2354=DIRECTION('',(0.,-1.,0.));
#2355=DIRECTION('',(0.,0.,-1.));
#2356=DIRECTION('',(-0.951056516295155,0.309016994374945,0.));
#2357=DIRECTION('',(0.,0.,1.));
#2358=DIRECTION('',(0.,0.,1.));
#2359=DIRECTION('',(0.,-1.,0.));
#2360=DIRECTION('',(0.,0.,-1.));
#2361=DIRECTION('',(-0.891006524188369,0.453990499739544,0.));
#2362=DIRECTION('',(0.,0.,1.));
#2363=DIRECTION('',(0.,0.,1.));
#2364=DIRECTION('',(0.,-1.,0.));
#2365=DIRECTION('',(0.,0.,-1.));
#2366=DIRECTION('',(-0.809016994374949,0.587785252292471,0.));
#2367=DIRECTION('',(0.,0.,1.));
#2368=DIRECTION('',(0.,0.,1.));
#2369=DIRECTION('',(0.,-1.,0.));
#2370=DIRECTION('',(0.,0.,1.));
#2371=DIRECTION('',(0.,0.,-1.));
#2372=DIRECTION('',(-0.587785252292475,0.809016994374946,0.));
#2373=DIRECTION('',(0.,0.,1.));
#2374=DIRECTION('',(0.,0.,1.));
#2375=DIRECTION('',(0.,-1.,0.));
#2376=DIRECTION('',(0.,0.,-1.));
#2377=DIRECTION('',(-0.453990499739548,0.891006524188367,0.));
#2378=DIRECTION('',(0.,0.,1.));
#2379=DIRECTION('',(0.,0.,1.));
#2380=DIRECTION('',(0.,-1.,0.));
#2381=DIRECTION('',(0.,0.,-1.));
#2382=DIRECTION('',(-0.707106781186549,0.707106781186546,0.));
#2383=DIRECTION('',(0.,0.,1.));
#2384=DIRECTION('',(0.,-1.,0.));
#2385=DIRECTION('',(0.,0.,-1.));
#2386=DIRECTION('',(-1.,-3.49148133884313E-15,0.));
#2387=DIRECTION('',(0.,0.,1.));
#2388=DIRECTION('',(0.,-1.,0.));
#2389=DIRECTION('',(0.,0.,-1.));
#2390=DIRECTION('',(-0.309016994374948,0.951056516295153,0.));
#2391=DIRECTION('',(0.,0.,1.));
#2392=DIRECTION('',(0.,0.,1.));
#2393=DIRECTION('',(0.,-1.,0.));
#2394=DIRECTION('',(0.,0.,-1.));
#2395=DIRECTION('',(-0.156434465040232,0.987688340595138,0.));
#2396=DIRECTION('',(0.,0.,1.));
#2397=DIRECTION('',(0.977887147629314,0.209112673659119,0.00293533925445876));
#2398=DIRECTION('',(0.20911357454498,-0.977891360500245,0.));
#2399=DIRECTION('',(0.866376491509712,0.496714059390401,0.0516422129970354));
#2400=DIRECTION('',(0.497377735035753,-0.867534085031075,0.));
#2401=DIRECTION('',(0.999654298235978,0.00390932772537833,-0.0260000225974812));
#2402=DIRECTION('',(0.,-0.988884266388492,-0.148687281531727));
#2403=DIRECTION('',(0.984712705509832,0.174186358844507,-4.28755253463695E-12));
#2404=DIRECTION('',(0.174186358844508,-0.984712705509832,0.));
#2405=DIRECTION('',(0.983867409191593,0.174036833953848,-0.0414258561522106));
#2406=DIRECTION('',(-0.174186358872302,0.984712705504915,-1.61907524424502E-13));
#2407=DIRECTION('',(0.,0.,1.));
#2408=DIRECTION('',(0.,-1.,0.));
#2409=DIRECTION('',(0.418247702569091,-0.908333011233037,-1.35184512481922E-14));
#2410=DIRECTION('',(-0.908333011233037,-0.418247702569091,0.));
#2411=DIRECTION('',(0.,0.,-1.));
#2412=DIRECTION('',(8.88178419700125E-15,-1.,0.));
#2413=DIRECTION('',(0.,0.,1.));
#2414=DIRECTION('',(-3.5527136788005E-15,1.,0.));
#2415=DIRECTION('',(-0.0086730947594155,0.998005202808408,0.0625331319753167));
#2416=DIRECTION('',(0.990518290457212,0.,0.137380916686864));
#2417=DIRECTION('',(0.328052063514567,-0.944543351740231,-0.0148222908879083));
#2418=DIRECTION('',(-0.944647127072403,-0.328088106023148,0.));
#2419=DIRECTION('',(0.417896179158452,-0.907569587271038,-0.0409905806917169));
#2420=DIRECTION('',(0.908333011233001,0.41824770256917,0.));
#2421=DIRECTION('',(0.22338704124285,-0.974504621316474,-0.0209516786344586));
#2422=DIRECTION('',(0.246891245367253,0.0773629803009802,-0.965950144800422));
#2423=DIRECTION('',(0.0483237085592167,0.0326272278274018,-0.99829869437728));
#2424=DIRECTION('',(0.943261911053525,0.327232546756449,0.0563544807352641));
#2425=DIRECTION('',(0.966622735107229,5.54345173607517E-5,-0.256203990798024));
#2426=DIRECTION('',(-0.256203991191679,0.,-0.966622736592438));
#2427=DIRECTION('',(0.966623295863331,2.91603307509526E-5,-0.256201879470051));
#2428=DIRECTION('',(-0.256201879578978,0.,-0.966623296274303));
#2429=DIRECTION('',(-0.966630208539899,-5.54349459433476E-5,0.256175792894406));
#2430=DIRECTION('',(0.256118689387333,-0.0335578608481583,0.966062672357136));
#2431=DIRECTION('',(-0.0138314097186507,-0.999422136180813,-0.0310497313510897));
#2432=DIRECTION('',(-0.965417853255051,-3.56330811970393E-5,-0.260707436308773));
#2433=DIRECTION('',(-0.260707436474285,0.,0.965417853867954));
#2434=DIRECTION('',(0.260672456514867,0.0113025853406328,-0.965361135523449));
#2435=DIRECTION('',(0.00492952819055385,-0.999934014214471,-0.0103762695007793));
#2436=DIRECTION('',(-0.965428408759018,-5.53660243392622E-5,-0.26066834195129));
#2437=DIRECTION('',(-0.260668342350815,0.,0.965428410238728));
#2438=DIRECTION('',(5.73486586384453E-5,-0.999999998355566,-2.77070186048946E-14));
#2439=DIRECTION('',(0.238536938486427,1.36797735073206E-5,-0.9711334248137));
#2440=DIRECTION('',(5.73486586309633E-5,-0.999999998355566,-5.58032707349037E-20));
#2441=DIRECTION('',(-0.999999998355566,-5.73486586309633E-5,0.));
#2442=DIRECTION('',(0.,0.,1.));
#2443=DIRECTION('',(0.,0.,1.));
#2444=DIRECTION('',(0.,-1.,0.));
#2445=DIRECTION('',(0.,0.,1.));
#2446=DIRECTION('',(0.,-1.,0.));
#2447=DIRECTION('',(0.,0.,1.));
#2448=DIRECTION('',(0.,-1.,0.));
#2449=DIRECTION('',(0.,0.,1.));
#2450=DIRECTION('',(0.,-1.,0.));
#2451=DIRECTION('',(0.,0.,1.));
#2452=DIRECTION('',(0.,-1.,0.));
#2453=DIRECTION('',(0.,0.,1.));
#2454=DIRECTION('',(0.,-1.,0.));
#2455=DIRECTION('',(0.,0.,1.));
#2456=DIRECTION('',(0.,-1.,0.));
#2457=DIRECTION('',(0.,0.,1.));
#2458=DIRECTION('',(0.,-1.,0.));
#2459=DIRECTION('',(0.,0.,1.));
#2460=DIRECTION('',(0.,1.,0.));
#2461=DIRECTION('',(0.,0.,1.));
#2462=DIRECTION('',(0.,-1.,0.));
#2463=DIRECTION('',(0.,0.,1.));
#2464=DIRECTION('',(0.,-1.,0.));
#2465=DIRECTION('',(0.,0.,-1.));
#2466=DIRECTION('',(0.,1.,0.));
#2467=DIRECTION('',(0.,0.,1.));
#2468=DIRECTION('',(0.,-1.,0.));
#2469=DIRECTION('',(0.,0.,-1.));
#2470=DIRECTION('',(0.,1.,0.));
#2471=DIRECTION('',(0.,0.,-1.));
#2472=DIRECTION('',(-0.707106781186543,-0.707106781186552,0.));
#2473=DIRECTION('',(0.,0.,-1.));
#2474=DIRECTION('',(-0.587785252292469,-0.809016994374951,0.));
#2475=DIRECTION('',(0.,0.,-1.));
#2476=DIRECTION('',(-0.453990499739542,-0.891006524188371,0.));
#2477=DIRECTION('',(0.,0.,-1.));
#2478=DIRECTION('',(-0.309016994374942,-0.951056516295156,0.));
#2479=DIRECTION('',(0.,0.,-1.));
#2480=DIRECTION('',(-0.156434465040224,-0.987688340595139,0.));
#2481=DIRECTION('',(0.,0.,-1.));
#2482=DIRECTION('',(0.,-1.,0.));
#2483=DIRECTION('',(0.,0.,-1.));
#2484=DIRECTION('',(0.156434465040239,-0.987688340595137,0.));
#2485=DIRECTION('',(0.,0.,-1.));
#2486=DIRECTION('',(0.309016994374955,-0.951056516295151,0.));
#2487=DIRECTION('',(0.,0.,-1.));
#2488=DIRECTION('',(0.453990499739555,-0.891006524188364,0.));
#2489=DIRECTION('',(0.,0.,-1.));
#2490=DIRECTION('',(0.58778525229248,-0.809016994374943,0.));
#2491=DIRECTION('',(0.,0.,-1.));
#2492=DIRECTION('',(0.707106781186554,-0.707106781186542,0.));
#2493=DIRECTION('',(0.,0.,1.));
#2494=DIRECTION('',(0.,-1.,0.));
#2495=DIRECTION('',(0.,0.,1.));
#2496=DIRECTION('',(0.,-1.,0.));
#2497=DIRECTION('',(0.,0.,1.));
#2498=DIRECTION('',(0.,-1.,0.));
#2499=DIRECTION('',(0.,0.,1.));
#2500=DIRECTION('',(0.,-1.,0.));
#2501=DIRECTION('',(0.,0.,1.));
#2502=DIRECTION('',(0.,-1.,0.));
#2503=DIRECTION('',(0.,0.,-1.));
#2504=DIRECTION('',(0.,1.,0.));
#2505=DIRECTION('',(0.,0.,-1.));
#2506=DIRECTION('',(0.,1.,0.));
#2507=DIRECTION('',(0.,0.,-1.));
#2508=DIRECTION('',(0.,1.,0.));
#2509=DIRECTION('',(0.,0.,1.));
#2510=DIRECTION('',(0.,-1.,0.));
#2511=DIRECTION('',(0.,0.,1.));
#2512=DIRECTION('',(0.,-1.,0.));
#2513=DIRECTION('',(0.,0.,1.));
#2514=DIRECTION('',(0.,-1.,0.));
#2515=DIRECTION('',(0.,0.,1.));
#2516=DIRECTION('',(0.,-1.,0.));
#2517=DIRECTION('',(0.,0.,1.));
#2518=DIRECTION('',(0.,-1.,0.));
#2519=DIRECTION('',(0.,0.,1.));
#2520=DIRECTION('',(0.,-1.,0.));
#2521=DIRECTION('',(0.,0.,1.));
#2522=DIRECTION('',(0.,-1.,0.));
#2523=DIRECTION('',(0.,0.,1.));
#2524=DIRECTION('',(0.,-1.,0.));
#2525=DIRECTION('',(0.,0.,1.));
#2526=DIRECTION('',(0.,-1.,0.));
#2527=DIRECTION('',(0.,1.,0.));
#2528=DIRECTION('',(1.,0.,0.));
#2529=DIRECTION('',(0.,0.,1.));
#2530=DIRECTION('',(0.,-1.,0.));
#2531=DIRECTION('',(-3.20024272386552E-24,5.58032706431389E-20,-1.));
#2532=DIRECTION('',(-0.999999998355566,-5.73486586309329E-5,0.));
#2533=DIRECTION('',(0.,0.,1.));
#2534=DIRECTION('',(0.,-1.,0.));
#2535=DIRECTION('',(0.,0.,1.));
#2536=DIRECTION('',(0.,0.,1.));
#2537=DIRECTION('',(0.,0.,1.));
#2538=DIRECTION('',(0.,-1.,0.));
#2539=DIRECTION('',(0.,0.,1.));
#2540=DIRECTION('',(0.,0.,1.));
#2541=DIRECTION('',(0.,-1.,0.));
#2542=DIRECTION('',(0.,0.,1.));
#2543=DIRECTION('',(0.,0.,1.));
#2544=DIRECTION('',(0.,-1.,0.));
#2545=DIRECTION('',(0.,0.,1.));
#2546=DIRECTION('',(0.,0.,1.));
#2547=DIRECTION('',(0.,-1.,0.));
#2548=DIRECTION('',(0.,0.,1.));
#2549=DIRECTION('',(0.,0.,1.));
#2550=DIRECTION('',(0.,-1.,0.));
#2551=DIRECTION('',(0.,0.,1.));
#2552=DIRECTION('',(0.,-1.,0.));
#2553=DIRECTION('',(0.,0.,1.));
#2554=DIRECTION('',(0.,0.,1.));
#2555=DIRECTION('',(0.,-1.,0.));
#2556=DIRECTION('',(0.,0.,1.));
#2557=DIRECTION('',(0.,0.,1.));
#2558=DIRECTION('',(0.,0.,1.));
#2559=DIRECTION('',(0.,-1.,0.));
#2560=DIRECTION('',(0.,0.,1.));
#2561=DIRECTION('',(0.,0.,1.));
#2562=DIRECTION('',(0.,-1.,0.));
#2563=DIRECTION('',(0.,0.,1.));
#2564=DIRECTION('',(0.,-1.,0.));
#2565=DIRECTION('',(0.,0.,1.));
#2566=DIRECTION('',(0.,-1.,0.));
#2567=DIRECTION('',(0.,0.,-1.));
#2568=DIRECTION('',(0.,1.,0.));
#2569=DIRECTION('',(0.,0.,-1.));
#2570=DIRECTION('',(0.,1.,0.));
#2571=CARTESIAN_POINT('',(0.,0.,0.));
#2572=CARTESIAN_POINT('',(0.,0.,-0.001));
#2573=CARTESIAN_POINT('',(-0.0166301683695626,0.00199999999999994,-0.001));
#2574=CARTESIAN_POINT('',(-0.015959997405416,0.00191940298507457,-0.001));
#2575=CARTESIAN_POINT('',(-0.0166301683695626,0.00199999999999994,-0.001));
#2576=CARTESIAN_POINT('',(0.,0.,-0.001));
#2577=CARTESIAN_POINT('',(-0.0166301683695626,-0.00200000000000006,-0.001));
#2578=CARTESIAN_POINT('',(-0.0166301683695626,-0.00200000000000006,-0.001));
#2579=CARTESIAN_POINT('',(-0.015959997405416,-0.00191940298507468,-0.001));
#2580=CARTESIAN_POINT('',(0.,0.,-0.001));
#2581=CARTESIAN_POINT('',(-0.0166301683695626,-0.00200000000000006,-0.001));
#2582=CARTESIAN_POINT('',(-0.015959997405416,-0.00191940298507468,0.));
#2583=CARTESIAN_POINT('',(-0.015959997405416,-0.00191940298507468,0.));
#2584=CARTESIAN_POINT('',(-0.0166301683695626,-0.00200000000000006,-0.001));
#2585=CARTESIAN_POINT('',(-0.0166301683695626,-0.00200000000000006,0.));
#2586=CARTESIAN_POINT('',(-0.0166301683695626,-0.00200000000000006,0.));
#2587=CARTESIAN_POINT('',(-0.0166301683695626,0.00199999999999994,-0.001));
#2588=CARTESIAN_POINT('',(-0.015959997405416,0.00191940298507457,0.));
#2589=CARTESIAN_POINT('',(-0.015959997405416,0.00191940298507457,0.));
#2590=CARTESIAN_POINT('',(0.0201584428603253,-0.0024243221610696,0.));
#2591=CARTESIAN_POINT('',(-0.0166301683695626,0.00199999999999994,0.));
#2592=CARTESIAN_POINT('',(-0.0166301683695626,0.00199999999999994,-0.001));
#2593=CARTESIAN_POINT('',(0.,0.,-0.001));
#2594=CARTESIAN_POINT('',(0.,0.,0.));
#2595=CARTESIAN_POINT('',(0.,0.,-0.001));
#2596=CARTESIAN_POINT('',(-0.0131735183887648,-0.0103450912640187,-0.001));
#2597=CARTESIAN_POINT('',(-0.0126426452596653,-0.00992819952651348,-0.001));
#2598=CARTESIAN_POINT('',(-0.0131735183887648,-0.0103450912640187,-0.001));
#2599=CARTESIAN_POINT('',(0.,0.,-0.001));
#2600=CARTESIAN_POINT('',(-0.0103450912640186,-0.0131735183887649,-0.001));
#2601=CARTESIAN_POINT('',(-0.0103450912640186,-0.0131735183887649,-0.001));
#2602=CARTESIAN_POINT('',(-0.00992819952651335,-0.0126426452596654,-0.001));
#2603=CARTESIAN_POINT('',(0.,0.,-0.001));
#2604=CARTESIAN_POINT('',(-0.0103450912640186,-0.0131735183887649,-0.001));
#2605=CARTESIAN_POINT('',(-0.00992819952651334,-0.0126426452596654,0.));
#2606=CARTESIAN_POINT('',(-0.00992819952651334,-0.0126426452596654,0.));
#2607=CARTESIAN_POINT('',(-0.0103450912640186,-0.0131735183887649,-0.001));
#2608=CARTESIAN_POINT('',(-0.0103450912640186,-0.0131735183887649,0.));
#2609=CARTESIAN_POINT('',(-0.0103450912640186,-0.0131735183887649,0.));
#2610=CARTESIAN_POINT('',(-0.0131735183887648,-0.0103450912640187,-0.001));
#2611=CARTESIAN_POINT('',(-0.0126426452596653,-0.00992819952651348,0.));
#2612=CARTESIAN_POINT('',(-0.0126426452596653,-0.00992819952651348,0.));
#2613=CARTESIAN_POINT('',(0.0126493221610696,0.00993344286032526,0.));
#2614=CARTESIAN_POINT('',(-0.0131735183887648,-0.0103450912640187,0.));
#2615=CARTESIAN_POINT('',(-0.0131735183887648,-0.0103450912640187,-0.001));
#2616=CARTESIAN_POINT('',(0.,0.,-0.001));
#2617=CARTESIAN_POINT('',(0.,0.,0.));
#2618=CARTESIAN_POINT('',(0.,0.,-0.001));
#2619=CARTESIAN_POINT('',(-0.002,-0.0166301683695626,-0.001));
#2620=CARTESIAN_POINT('',(-0.00191940298507462,-0.015959997405416,-0.001));
#2621=CARTESIAN_POINT('',(-0.002,-0.0166301683695626,-0.001));
#2622=CARTESIAN_POINT('',(0.,0.,-0.001));
#2623=CARTESIAN_POINT('',(0.002,-0.0166301683695626,-0.001));
#2624=CARTESIAN_POINT('',(0.002,-0.0166301683695626,-0.001));
#2625=CARTESIAN_POINT('',(0.00191940298507463,-0.015959997405416,-0.001));
#2626=CARTESIAN_POINT('',(0.,0.,-0.001));
#2627=CARTESIAN_POINT('',(-0.002,0.0166301683695626,-0.001));
#2628=CARTESIAN_POINT('',(0.00191940298507463,-0.015959997405416,0.));
#2629=CARTESIAN_POINT('',(0.00191940298507463,-0.015959997405416,0.));
#2630=CARTESIAN_POINT('',(0.002,-0.0166301683695626,-0.001));
#2631=CARTESIAN_POINT('',(0.002,-0.0166301683695626,0.));
#2632=CARTESIAN_POINT('',(0.002,-0.0166301683695626,0.));
#2633=CARTESIAN_POINT('',(0.002,0.0166301683695626,-0.001));
#2634=CARTESIAN_POINT('',(-0.00191940298507462,-0.015959997405416,0.));
#2635=CARTESIAN_POINT('',(-0.00191940298507462,-0.015959997405416,0.));
#2636=CARTESIAN_POINT('',(0.000291557139674766,0.00242432216106967,0.));
#2637=CARTESIAN_POINT('',(-0.002,-0.0166301683695626,0.));
#2638=CARTESIAN_POINT('',(-0.002,-0.0166301683695626,-0.001));
#2639=CARTESIAN_POINT('',(0.,0.,-0.001));
#2640=CARTESIAN_POINT('',(0.0103450912640188,-0.0131735183887647,-0.001));
#2641=CARTESIAN_POINT('',(0.00992819952651353,-0.0126426452596653,-0.001));
#2642=CARTESIAN_POINT('',(0.0103450912640188,-0.0131735183887647,-0.001));
#2643=CARTESIAN_POINT('',(0.,0.,-0.001));
#2644=CARTESIAN_POINT('',(0.0131735183887649,-0.0103450912640185,-0.001));
#2645=CARTESIAN_POINT('',(0.0131735183887649,-0.0103450912640185,-0.001));
#2646=CARTESIAN_POINT('',(0.0126426452596654,-0.0099281995265133,-0.001));
#2647=CARTESIAN_POINT('',(0.,0.,-0.001));
#2648=CARTESIAN_POINT('',(-0.0131735183887648,0.0103450912640186,-0.001));
#2649=CARTESIAN_POINT('',(0.0126426452596654,-0.0099281995265133,0.));
#2650=CARTESIAN_POINT('',(0.0126426452596654,-0.0099281995265133,0.));
#2651=CARTESIAN_POINT('',(0.0131735183887649,-0.0103450912640185,-0.001));
#2652=CARTESIAN_POINT('',(0.0131735183887649,-0.0103450912640185,0.));
#2653=CARTESIAN_POINT('',(0.0131735183887649,-0.0103450912640185,0.));
#2654=CARTESIAN_POINT('',(-0.0103450912640187,0.0131735183887648,-0.001));
#2655=CARTESIAN_POINT('',(0.00992819952651353,-0.0126426452596653,0.));
#2656=CARTESIAN_POINT('',(0.00992819952651352,-0.0126426452596653,0.));
#2657=CARTESIAN_POINT('',(0.0078006778389305,-0.00993344286032528,0.));
#2658=CARTESIAN_POINT('',(0.0103450912640188,-0.0131735183887647,0.));
#2659=CARTESIAN_POINT('',(0.0103450912640188,-0.0131735183887647,-0.001));
#2660=CARTESIAN_POINT('',(0.,0.,-0.001));
#2661=CARTESIAN_POINT('',(0.,0.,0.));
#2662=CARTESIAN_POINT('',(0.,0.,-0.001));
#2663=CARTESIAN_POINT('',(0.0166301683695626,-0.00199999999999982,-0.001));
#2664=CARTESIAN_POINT('',(0.015959997405416,-0.00191940298507445,-0.001));
#2665=CARTESIAN_POINT('',(0.0166301683695626,-0.00199999999999982,-0.001));
#2666=CARTESIAN_POINT('',(0.,0.,-0.001));
#2667=CARTESIAN_POINT('',(0.0166301683695625,0.00200000000000018,-0.001));
#2668=CARTESIAN_POINT('',(0.0166301683695625,0.00200000000000018,-0.001));
#2669=CARTESIAN_POINT('',(0.015959997405416,0.00191940298507479,-0.001));
#2670=CARTESIAN_POINT('',(0.,0.,-0.001));
#2671=CARTESIAN_POINT('',(-0.0166301683695626,-0.00200000000000006,-0.001));
#2672=CARTESIAN_POINT('',(0.015959997405416,0.00191940298507479,0.));
#2673=CARTESIAN_POINT('',(0.015959997405416,0.00191940298507479,0.));
#2674=CARTESIAN_POINT('',(0.0166301683695625,0.00200000000000018,-0.001));
#2675=CARTESIAN_POINT('',(0.0166301683695625,0.00200000000000018,0.));
#2676=CARTESIAN_POINT('',(0.0166301683695625,0.00200000000000018,0.));
#2677=CARTESIAN_POINT('',(-0.0166301683695626,0.00199999999999994,-0.001));
#2678=CARTESIAN_POINT('',(0.015959997405416,-0.00191940298507445,0.));
#2679=CARTESIAN_POINT('',(0.015959997405416,-0.00191940298507445,0.));
#2680=CARTESIAN_POINT('',(0.0201584428603253,-0.00242432216106946,0.));
#2681=CARTESIAN_POINT('',(0.0166301683695626,-0.00199999999999982,0.));
#2682=CARTESIAN_POINT('',(0.0166301683695626,-0.00199999999999982,-0.001));
#2683=CARTESIAN_POINT('',(0.,0.,-0.001));
#2684=CARTESIAN_POINT('',(0.,0.,0.));
#2685=CARTESIAN_POINT('',(0.,0.,-0.001));
#2686=CARTESIAN_POINT('',(0.0131735183887647,0.0103450912640188,-0.001));
#2687=CARTESIAN_POINT('',(0.0126426452596652,0.00992819952651357,-0.001));
#2688=CARTESIAN_POINT('',(0.0131735183887647,0.0103450912640188,-0.001));
#2689=CARTESIAN_POINT('',(0.,0.,-0.001));
#2690=CARTESIAN_POINT('',(0.0103450912640185,0.013173518388765,-0.001));
#2691=CARTESIAN_POINT('',(0.0103450912640185,0.013173518388765,-0.001));
#2692=CARTESIAN_POINT('',(0.00992819952651326,0.0126426452596655,-0.001));
#2693=CARTESIAN_POINT('',(0.,0.,-0.001));
#2694=CARTESIAN_POINT('',(-0.0103450912640186,-0.0131735183887649,-0.001));
#2695=CARTESIAN_POINT('',(0.00992819952651326,0.0126426452596655,0.));
#2696=CARTESIAN_POINT('',(0.00992819952651326,0.0126426452596655,0.));
#2697=CARTESIAN_POINT('',(0.0103450912640185,0.013173518388765,-0.001));
#2698=CARTESIAN_POINT('',(0.0103450912640185,0.013173518388765,0.));
#2699=CARTESIAN_POINT('',(0.0103450912640185,0.013173518388765,0.));
#2700=CARTESIAN_POINT('',(-0.0131735183887648,-0.0103450912640187,-0.001));
#2701=CARTESIAN_POINT('',(0.0126426452596652,0.00992819952651357,0.));
#2702=CARTESIAN_POINT('',(0.0126426452596652,0.00992819952651357,0.));
#2703=CARTESIAN_POINT('',(0.0126493221610694,0.0099334428603253,0.));
#2704=CARTESIAN_POINT('',(0.0131735183887647,0.0103450912640188,0.));
#2705=CARTESIAN_POINT('',(0.0131735183887647,0.0103450912640188,-0.001));
#2706=CARTESIAN_POINT('',(0.,0.,-0.001));
#2707=CARTESIAN_POINT('',(0.,0.,0.));
#2708=CARTESIAN_POINT('',(0.,0.,-0.001));
#2709=CARTESIAN_POINT('',(-0.0103450912640187,0.0131735183887648,-0.001));
#2710=CARTESIAN_POINT('',(-0.00992819952651344,0.0126426452596653,-0.001));
#2711=CARTESIAN_POINT('',(-0.0103450912640187,0.0131735183887648,-0.001));
#2712=CARTESIAN_POINT('',(0.,0.,-0.001));
#2713=CARTESIAN_POINT('',(-0.0131735183887648,0.0103450912640186,-0.001));
#2714=CARTESIAN_POINT('',(-0.0131735183887648,0.0103450912640186,-0.001));
#2715=CARTESIAN_POINT('',(-0.0126426452596654,0.00992819952651339,-0.001));
#2716=CARTESIAN_POINT('',(0.,0.,-0.001));
#2717=CARTESIAN_POINT('',(-0.0131735183887648,0.0103450912640186,-0.001));
#2718=CARTESIAN_POINT('',(-0.0126426452596654,0.00992819952651339,0.));
#2719=CARTESIAN_POINT('',(-0.0126426452596654,0.00992819952651339,0.));
#2720=CARTESIAN_POINT('',(-0.0131735183887648,0.0103450912640186,-0.001));
#2721=CARTESIAN_POINT('',(-0.0131735183887649,0.0103450912640186,0.));
#2722=CARTESIAN_POINT('',(-0.0131735183887648,0.0103450912640186,0.));
#2723=CARTESIAN_POINT('',(-0.0103450912640187,0.0131735183887648,-0.001));
#2724=CARTESIAN_POINT('',(-0.00992819952651344,0.0126426452596653,0.));
#2725=CARTESIAN_POINT('',(-0.00992819952651344,0.0126426452596653,0.));
#2726=CARTESIAN_POINT('',(0.00780067783893036,-0.00993344286032525,0.));
#2727=CARTESIAN_POINT('',(-0.0103450912640187,0.0131735183887648,0.));
#2728=CARTESIAN_POINT('',(-0.0103450912640187,0.0131735183887648,-0.001));
#2729=CARTESIAN_POINT('',(0.,0.,-0.001));
#2730=CARTESIAN_POINT('',(0.,0.,0.));
#2731=CARTESIAN_POINT('',(0.,0.,-0.001));
#2732=CARTESIAN_POINT('',(0.002,0.0166301683695626,-0.001));
#2733=CARTESIAN_POINT('',(0.00191940298507462,0.015959997405416,-0.001));
#2734=CARTESIAN_POINT('',(0.002,0.0166301683695626,-0.001));
#2735=CARTESIAN_POINT('',(0.,0.,-0.001));
#2736=CARTESIAN_POINT('',(-0.002,0.0166301683695626,-0.001));
#2737=CARTESIAN_POINT('',(-0.002,0.0166301683695626,-0.001));
#2738=CARTESIAN_POINT('',(-0.00191940298507462,0.015959997405416,-0.001));
#2739=CARTESIAN_POINT('',(0.,0.,-0.001));
#2740=CARTESIAN_POINT('',(-0.002,0.0166301683695626,-0.001));
#2741=CARTESIAN_POINT('',(-0.00191940298507463,0.015959997405416,0.));
#2742=CARTESIAN_POINT('',(-0.00191940298507463,0.015959997405416,0.));
#2743=CARTESIAN_POINT('',(-0.002,0.0166301683695626,-0.001));
#2744=CARTESIAN_POINT('',(-0.002,0.0166301683695626,0.));
#2745=CARTESIAN_POINT('',(-0.002,0.0166301683695626,0.));
#2746=CARTESIAN_POINT('',(0.002,0.0166301683695626,-0.001));
#2747=CARTESIAN_POINT('',(0.00191940298507462,0.015959997405416,0.));
#2748=CARTESIAN_POINT('',(0.00191940298507462,0.015959997405416,0.));
#2749=CARTESIAN_POINT('',(0.000291557139674759,0.00242432216106967,0.));
#2750=CARTESIAN_POINT('',(0.002,0.0166301683695626,0.));
#2751=CARTESIAN_POINT('',(0.002,0.0166301683695626,-0.001));
#2752=CARTESIAN_POINT('',(0.,0.,-0.001));
#2753=CARTESIAN_POINT('',(0.,0.,0.));
#2754=CARTESIAN_POINT('',(-0.00315997619381239,-0.0199513044800219,-0.0218));
#2755=CARTESIAN_POINT('',(-0.00149776778426103,-0.0190309441140691,-0.0139));
#2756=CARTESIAN_POINT('',(-0.00149776778426103,-0.0190309441140691,-0.006));
#2757=CARTESIAN_POINT('',(-0.00149776778426153,-0.0190309441140681,-0.02000181552377));
#2758=CARTESIAN_POINT('',(-0.00315997619381239,-0.0199513044800219,-0.006));
#2759=CARTESIAN_POINT('',(-0.00445642333912848,-0.0185623391098985,-0.006));
#2760=CARTESIAN_POINT('',(-0.00445642333912848,-0.0185623391098985,-0.0139));
#2761=CARTESIAN_POINT('',(-0.0044564233391287,-0.0185623391098979,-0.0200018155237619));
#2762=CARTESIAN_POINT('',(-0.00149776778426203,-0.0190309441140672,-0.0200018155237699));
#2763=CARTESIAN_POINT('',(-0.00152179592141854,-0.0189875483170242,-0.0204097682872484));
#2764=CARTESIAN_POINT('',(-0.00170826944314706,-0.0185876708119211,-0.0211801994178801));
#2765=CARTESIAN_POINT('',(-0.00283662703354116,-0.0179140310615772,-0.0215095683117735));
#2766=CARTESIAN_POINT('',(-0.00411799937552519,-0.0182049757192389,-0.0211815268178951));
#2767=CARTESIAN_POINT('',(-0.00442014631807466,-0.0185284784814066,-0.0204099355296816));
#2768=CARTESIAN_POINT('',(-0.00445642333912762,-0.0185623391098976,-0.0200018155237618));
#2769=CARTESIAN_POINT('',(-0.00624214328637369,-0.0192113416291622,-0.0218));
#2770=CARTESIAN_POINT('',(-0.00624214328637369,-0.0192113416291622,-0.006));
#2771=CARTESIAN_POINT('',(-0.00730534696136559,-0.0176366677119706,-0.006));
#2772=CARTESIAN_POINT('',(-0.00730534696136559,-0.0176366677119706,-0.0139));
#2773=CARTESIAN_POINT('',(-0.00730534696136587,-0.0176366677119691,-0.0200018155237759));
#2774=CARTESIAN_POINT('',(-0.00445642333912893,-0.0185623391098973,-0.0200018155237618));
#2775=CARTESIAN_POINT('',(-0.0044733670517485,-0.018515718758347,-0.0204097682872401));
#2776=CARTESIAN_POINT('',(-0.00459499015139407,-0.0180915935232797,-0.0211801994178736));
#2777=CARTESIAN_POINT('',(-0.00560407531346537,-0.0172497333800727,-0.0215095683117733));
#2778=CARTESIAN_POINT('',(-0.00691518560748296,-0.0173366452293587,-0.0211815268179026));
#2779=CARTESIAN_POINT('',(-0.00726421960133094,-0.0176088989403829,-0.0204099355296947));
#2780=CARTESIAN_POINT('',(-0.00730534696136322,-0.0176366677119689,-0.0200018155237758));
#2781=CARTESIAN_POINT('',(-0.00917060809473861,-0.0179983317886052,-0.0218));
#2782=CARTESIAN_POINT('',(-0.00917060809473861,-0.0179983317886052,-0.006));
#2783=CARTESIAN_POINT('',(-0.00997438869635733,-0.0162767230222295,-0.006));
#2784=CARTESIAN_POINT('',(-0.00997438869635733,-0.0162767230222295,-0.0139));
#2785=CARTESIAN_POINT('',(-0.00997438869635737,-0.0162767230222284,-0.02000181552377));
#2786=CARTESIAN_POINT('',(-0.00730534696136616,-0.0176366677119676,-0.0200018155237757));
#2787=CARTESIAN_POINT('',(-0.00731478903901283,-0.0175879707536842,-0.0204097682872529));
#2788=CARTESIAN_POINT('',(-0.00736856695222528,-0.0171500411595205,-0.0211801994178809));
#2789=CARTESIAN_POINT('',(-0.00823353266033561,-0.0161606900141608,-0.0215095683117728));
#2790=CARTESIAN_POINT('',(-0.00954209701961586,-0.0160414289969137,-0.0211815268178973));
#2791=CARTESIAN_POINT('',(-0.00992942368944554,-0.0162557298668662,-0.0204099355296883));
#2792=CARTESIAN_POINT('',(-0.00997438869635537,-0.0162767230222285,-0.0200018155237699));
#2793=CARTESIAN_POINT('',(-0.0118732620963077,-0.0163421432863741,-0.0218));
#2794=CARTESIAN_POINT('',(-0.0118732620963077,-0.0163421432863741,-0.006));
#2795=CARTESIAN_POINT('',(-0.0123978278785466,-0.0145159913923346,-0.006));
#2796=CARTESIAN_POINT('',(-0.0123978278785466,-0.0145159913923346,-0.0139));
#2797=CARTESIAN_POINT('',(-0.0123978278785465,-0.0145159913923336,-0.0200018155237666));
#2798=CARTESIAN_POINT('',(-0.00997438869635741,-0.0162767230222273,-0.0200018155237698));
#2799=CARTESIAN_POINT('',(-0.00997609664374181,-0.0162271485379441,-0.020409768287248));
#2800=CARTESIAN_POINT('',(-0.00996070517981394,-0.0157861978647042,-0.0211801994178791));
#2801=CARTESIAN_POINT('',(-0.0106602531075674,-0.0146737168258482,-0.0215095683117733));
#2802=CARTESIAN_POINT('',(-0.0119340503347167,-0.0143512195441106,-0.021181526817897));
#2803=CARTESIAN_POINT('',(-0.0123501324124573,-0.014502290774352,-0.0204099355296858));
#2804=CARTESIAN_POINT('',(-0.0123978278785449,-0.014515991392334,-0.0200018155237665));
#2805=CARTESIAN_POINT('',(-0.0142835569799681,-0.0142835569799684,-0.0218));
#2806=CARTESIAN_POINT('',(-0.0142835569799681,-0.0142835569799684,-0.006));
#2807=CARTESIAN_POINT('',(-0.0145159913923342,-0.0123978278785469,-0.006));
#2808=CARTESIAN_POINT('',(-0.0145159913923342,-0.0123978278785469,-0.0139));
#2809=CARTESIAN_POINT('',(-0.0145159913923337,-0.0123978278785451,-0.0200018155237829));
#2810=CARTESIAN_POINT('',(-0.0123978278785463,-0.0145159913923327,-0.0200018155237664));
#2811=CARTESIAN_POINT('',(-0.0123917596403359,-0.0144667600703808,-0.0204097682872436));
#2812=CARTESIAN_POINT('',(-0.0123075777881925,-0.0140336459870743,-0.0211801994178742));
#2813=CARTESIAN_POINT('',(-0.0128244827439334,-0.0128254280300181,-0.0215095683117726));
#2814=CARTESIAN_POINT('',(-0.0140321477237203,-0.0123076354371654,-0.0211815268179046));
#2815=CARTESIAN_POINT('',(-0.0144667398877281,-0.0123917571526284,-0.0204099355297004));
#2816=CARTESIAN_POINT('',(-0.0145159913923305,-0.0123978278785464,-0.0200018155237827));
#2817=CARTESIAN_POINT('',(-0.017998331788605,-0.00917060809473905,-0.0218));
#2818=CARTESIAN_POINT('',(-0.0162767230222293,-0.00997438869635774,-0.0139));
#2819=CARTESIAN_POINT('',(-0.0162767230222286,-0.00997438869635616,-0.0200018155237799));
#2820=CARTESIAN_POINT('',(-0.0162767230222293,-0.00997438869635774,-0.006));
#2821=CARTESIAN_POINT('',(-0.017998331788605,-0.00917060809473905,-0.006));
#2822=CARTESIAN_POINT('',(-0.0176366677119704,-0.00730534696136601,-0.006));
#2823=CARTESIAN_POINT('',(-0.0176366677119704,-0.00730534696136602,-0.0139));
#2824=CARTESIAN_POINT('',(-0.0176366677119699,-0.00730534696136526,-0.0200018155237661));
#2825=CARTESIAN_POINT('',(-0.0162767230222278,-0.00997438869635457,-0.0200018155237797));
#2826=CARTESIAN_POINT('',(-0.0162557384695953,-0.00992944211553635,-0.0204097682872567));
#2827=CARTESIAN_POINT('',(-0.0160418371583139,-0.00954353976723041,-0.0211801994178835));
#2828=CARTESIAN_POINT('',(-0.0161600831031488,-0.00823472379026376,-0.0215095683117727));
#2829=CARTESIAN_POINT('',(-0.01714863404093,-0.00736908476848682,-0.0211815268178948));
#2830=CARTESIAN_POINT('',(-0.0175879507901063,-0.00731479290984323,-0.0204099355296845));
#2831=CARTESIAN_POINT('',(-0.0176366677119687,-0.00730534696136627,-0.020001815523766));
#2832=CARTESIAN_POINT('',(-0.019211341629162,-0.00624214328637416,-0.0218));
#2833=CARTESIAN_POINT('',(-0.019211341629162,-0.00624214328637416,-0.006));
#2834=CARTESIAN_POINT('',(-0.0185623391098984,-0.00445642333912894,-0.006));
#2835=CARTESIAN_POINT('',(-0.0185623391098984,-0.00445642333912894,-0.0139));
#2836=CARTESIAN_POINT('',(-0.0185623391098977,-0.00445642333912817,-0.0200018155237683));
#2837=CARTESIAN_POINT('',(-0.0176366677119693,-0.00730534696136451,-0.0200018155237659));
#2838=CARTESIAN_POINT('',(-0.0176089103196777,-0.00726423645480865,-0.0204097682872444));
#2839=CARTESIAN_POINT('',(-0.0173372740610734,-0.00691654674198631,-0.021180199417877));
#2840=CARTESIAN_POINT('',(-0.0172493202749088,-0.00560534672042669,-0.0215095683117734));
#2841=CARTESIAN_POINT('',(-0.0180902847329498,-0.00459572171432968,-0.0211815268178985));
#2842=CARTESIAN_POINT('',(-0.0185156996460795,-0.00447337399791628,-0.0204099355296876));
#2843=CARTESIAN_POINT('',(-0.0185623391098965,-0.00445642333912954,-0.0200018155237683));
#2844=CARTESIAN_POINT('',(-0.0199513044800218,-0.00315997619381289,-0.0218));
#2845=CARTESIAN_POINT('',(-0.0199513044800218,-0.00315997619381289,-0.006));
#2846=CARTESIAN_POINT('',(-0.0190309441140692,-0.00149776778426138,-0.006));
#2847=CARTESIAN_POINT('',(-0.0190309441140692,-0.00149776778426138,-0.0139));
#2848=CARTESIAN_POINT('',(-0.0190309441140682,-0.0014977677842606,-0.020001815523772));
#2849=CARTESIAN_POINT('',(-0.018562339109897,-0.00445642333912741,-0.0200018155237682));
#2850=CARTESIAN_POINT('',(-0.0185284923570643,-0.00442016118393991,-0.0204097682872461));
#2851=CARTESIAN_POINT('',(-0.0182058097373328,-0.00411924538124029,-0.0211801994178772));
#2852=CARTESIAN_POINT('',(-0.017913821934294,-0.00283794741124658,-0.0215095683117731));
#2853=CARTESIAN_POINT('',(-0.018586492576634,-0.00170919673924048,-0.0211815268178996));
#2854=CARTESIAN_POINT('',(-0.0189875305266821,-0.00152180577188396,-0.0204099355296907));
#2855=CARTESIAN_POINT('',(-0.019030944114067,-0.00149776778426251,-0.0200018155237719));
#2856=CARTESIAN_POINT('',(-0.0163421432863738,-0.0118732620963082,-0.0218));
#2857=CARTESIAN_POINT('',(-0.0163421432863738,-0.0118732620963082,-0.006));
#2858=CARTESIAN_POINT('',(-0.0145159913923332,-0.0123978278785432,-0.0200018155237827));
#2859=CARTESIAN_POINT('',(-0.014502296388691,-0.0123501519574537,-0.0204097682872582));
#2860=CARTESIAN_POINT('',(-0.0143513969849164,-0.0119355391702232,-0.0211801994178819));
#2861=CARTESIAN_POINT('',(-0.0146729310531419,-0.0106613346309176,-0.0215095683117718));
#2862=CARTESIAN_POINT('',(-0.0157847270657557,-0.00996099649905777,-0.0211815268179));
#2863=CARTESIAN_POINT('',(-0.0162271282146127,-0.00997609734392455,-0.0204099355296964));
#2864=CARTESIAN_POINT('',(-0.0162767230222259,-0.00997438869635778,-0.0200018155237798));
#2865=CARTESIAN_POINT('',(-0.0202,-2.11216375094149E-16,-0.0218));
#2866=CARTESIAN_POINT('',(-0.0202,-2.11216375094149E-16,-0.006));
#2867=CARTESIAN_POINT('',(-0.0190309441140692,0.00149776778426098,-0.006));
#2868=CARTESIAN_POINT('',(-0.0190309441140692,0.00149776778426098,-0.0139));
#2869=CARTESIAN_POINT('',(-0.0190309441140677,0.00149776778426182,-0.02000181552378));
#2870=CARTESIAN_POINT('',(-0.0190309441140672,-0.00149776778425982,-0.0200018155237719));
#2871=CARTESIAN_POINT('',(-0.0189918414200788,-0.00146724687504852,-0.0204097682872486));
#2872=CARTESIAN_POINT('',(-0.0186260579562403,-0.00122051452821624,-0.0211801994178771));
#2873=CARTESIAN_POINT('',(-0.0181372258450912,-6.68418195754081E-7,-0.0215095683117725));
#2874=CARTESIAN_POINT('',(-0.0186250392880478,0.00121941433206476,-0.0211815268179022));
#2875=CARTESIAN_POINT('',(-0.0189918253897157,0.00146723436283466,-0.0204099355296974));
#2876=CARTESIAN_POINT('',(-0.0190309441140665,0.00149776778425894,-0.0200018155237799));
#2877=CARTESIAN_POINT('',(-0.0192113416291621,0.00624214328637376,-0.0218));
#2878=CARTESIAN_POINT('',(-0.0185623391098985,0.00445642333912854,-0.0139));
#2879=CARTESIAN_POINT('',(-0.018562339109897,0.00445642333912908,-0.020001815523777));
#2880=CARTESIAN_POINT('',(-0.0185623391098985,0.00445642333912854,-0.006));
#2881=CARTESIAN_POINT('',(-0.0192113416291621,0.00624214328637376,-0.006));
#2882=CARTESIAN_POINT('',(-0.0176366677119705,0.00730534696136565,-0.006));
#2883=CARTESIAN_POINT('',(-0.0176366677119705,0.00730534696136565,-0.0139));
#2884=CARTESIAN_POINT('',(-0.0176366677119691,0.00730534696136593,-0.0200018155237754));
#2885=CARTESIAN_POINT('',(-0.0185623391098955,0.00445642333912962,-0.0200018155237768));
#2886=CARTESIAN_POINT('',(-0.018515718758342,0.00447336705175044,-0.0204097682872534));
#2887=CARTESIAN_POINT('',(-0.0180915935232698,0.00459499015140028,-0.0211801994178803));
#2888=CARTESIAN_POINT('',(-0.017249733380071,0.0056040753134743,-0.0215095683117724));
#2889=CARTESIAN_POINT('',(-0.0173366452293606,0.00691518560748566,-0.0211815268178993));
#2890=CARTESIAN_POINT('',(-0.017608898940383,0.00726421960133127,-0.020409935529693));
#2891=CARTESIAN_POINT('',(-0.0176366677119689,0.00730534696136333,-0.0200018155237753));
#2892=CARTESIAN_POINT('',(-0.0179983317886051,0.00917060809473867,-0.0218));
#2893=CARTESIAN_POINT('',(-0.0179983317886051,0.00917060809473867,-0.006));
#2894=CARTESIAN_POINT('',(-0.0162767230222295,0.00997438869635739,-0.006));
#2895=CARTESIAN_POINT('',(-0.0162767230222295,0.00997438869635739,-0.0139));
#2896=CARTESIAN_POINT('',(-0.0162767230222284,0.00997438869635743,-0.02000181552377));
#2897=CARTESIAN_POINT('',(-0.0176366677119676,0.00730534696136621,-0.0200018155237753));
#2898=CARTESIAN_POINT('',(-0.0175879707536843,0.00731478903901285,-0.0204097682872525));
#2899=CARTESIAN_POINT('',(-0.0171500411595207,0.00736856695222519,-0.0211801994178807));
#2900=CARTESIAN_POINT('',(-0.0161606900141608,0.00823353266033543,-0.0215095683117728));
#2901=CARTESIAN_POINT('',(-0.0160414289969136,0.00954209701961591,-0.0211815268178974));
#2902=CARTESIAN_POINT('',(-0.0162557298668662,0.00992942368944561,-0.0204099355296883));
#2903=CARTESIAN_POINT('',(-0.0162767230222285,0.00997438869635543,-0.0200018155237698));
#2904=CARTESIAN_POINT('',(-0.016342143286374,0.0118732620963078,-0.0218));
#2905=CARTESIAN_POINT('',(-0.016342143286374,0.0118732620963078,-0.006));
#2906=CARTESIAN_POINT('',(-0.0145159913923345,0.0123978278785466,-0.006));
#2907=CARTESIAN_POINT('',(-0.0145159913923345,0.0123978278785466,-0.0139));
#2908=CARTESIAN_POINT('',(-0.0145159913923336,0.0123978278785465,-0.0200018155237669));
#2909=CARTESIAN_POINT('',(-0.0162767230222272,0.00997438869635747,-0.0200018155237698));
#2910=CARTESIAN_POINT('',(-0.0162271485379441,0.00997609664374187,-0.020409768287248));
#2911=CARTESIAN_POINT('',(-0.0157861978647042,0.009960705179814,-0.0211801994178791));
#2912=CARTESIAN_POINT('',(-0.0146737168258483,0.0106602531075674,-0.0215095683117733));
#2913=CARTESIAN_POINT('',(-0.0143512195441105,0.0119340503347166,-0.0211815268178971));
#2914=CARTESIAN_POINT('',(-0.0145022907743519,0.0123501324124573,-0.020409935529686));
#2915=CARTESIAN_POINT('',(-0.0145159913923339,0.0123978278785449,-0.0200018155237668));
#2916=CARTESIAN_POINT('',(-0.0199513044800218,0.00315997619381246,-0.0218));
#2917=CARTESIAN_POINT('',(-0.0199513044800218,0.00315997619381246,-0.006));
#2918=CARTESIAN_POINT('',(-0.0190309441140662,0.00149776778426267,-0.0200018155237798));
#2919=CARTESIAN_POINT('',(-0.0189875483170213,0.00152179592142027,-0.0204097682872559));
#2920=CARTESIAN_POINT('',(-0.0185876708119181,0.00170826944315089,-0.0211801994178813));
#2921=CARTESIAN_POINT('',(-0.0179140310615796,0.00283662703353845,-0.0215095683117722));
#2922=CARTESIAN_POINT('',(-0.0182049757192345,0.00411799937551699,-0.0211815268178994));
#2923=CARTESIAN_POINT('',(-0.018528478481403,0.00442014631807084,-0.0204099355296941));
#2924=CARTESIAN_POINT('',(-0.0185623391098963,0.00445642333912636,-0.0200018155237769));
#2925=CARTESIAN_POINT('',(0.0163421432863739,0.011873262096308,-0.0218));
#2926=CARTESIAN_POINT('',(0.0145159913923343,0.0123978278785468,-0.0139));
#2927=CARTESIAN_POINT('',(0.0145159913923339,0.0123978278785454,-0.0200018155237755));
#2928=CARTESIAN_POINT('',(0.0145159913923343,0.0123978278785468,-0.006));
#2929=CARTESIAN_POINT('',(0.0163421432863739,0.011873262096308,-0.006));
#2930=CARTESIAN_POINT('',(0.0162767230222294,0.00997438869635762,-0.006));
#2931=CARTESIAN_POINT('',(0.0162767230222294,0.00997438869635762,-0.0139));
#2932=CARTESIAN_POINT('',(0.0162767230222286,0.00997438869635591,-0.0200018155237823));
#2933=CARTESIAN_POINT('',(0.0145159913923335,0.012397827878544,-0.0200018155237753));
#2934=CARTESIAN_POINT('',(0.0145022963886918,0.0123501519574562,-0.0204097682872515));
#2935=CARTESIAN_POINT('',(0.014351396984917,0.0119355391702291,-0.0211801994178781));
#2936=CARTESIAN_POINT('',(0.0146729310531383,0.0106613346309219,-0.0215095683117721));
#2937=CARTESIAN_POINT('',(0.0157847270657526,0.00996099649905802,-0.0211815268179025));
#2938=CARTESIAN_POINT('',(0.0162271282146119,0.00997609734392447,-0.0204099355296991));
#2939=CARTESIAN_POINT('',(0.0162767230222257,0.00997438869635767,-0.0200018155237821));
#2940=CARTESIAN_POINT('',(0.017998331788605,0.00917060809473893,-0.0218));
#2941=CARTESIAN_POINT('',(0.017998331788605,0.00917060809473893,-0.006));
#2942=CARTESIAN_POINT('',(0.0176366677119704,0.0073053469613659,-0.006));
#2943=CARTESIAN_POINT('',(0.0176366677119704,0.0073053469613659,-0.0139));
#2944=CARTESIAN_POINT('',(0.0176366677119693,0.00730534696136431,-0.0200018155237827));
#2945=CARTESIAN_POINT('',(0.0162767230222278,0.0099743886963542,-0.0200018155237821));
#2946=CARTESIAN_POINT('',(0.0162557384695951,0.00992944211553563,-0.0204097682872574));
#2947=CARTESIAN_POINT('',(0.0160418371583152,0.00954353976723145,-0.021180199417881));
#2948=CARTESIAN_POINT('',(0.0161600831031464,0.00823472379027183,-0.0215095683117717));
#2949=CARTESIAN_POINT('',(0.0171486340409191,0.00736908476849153,-0.0211815268179013));
#2950=CARTESIAN_POINT('',(0.0175879507901005,0.00731479290984428,-0.0204099355296989));
#2951=CARTESIAN_POINT('',(0.0176366677119667,0.00730534696136653,-0.0200018155237826));
#2952=CARTESIAN_POINT('',(0.0192113416291621,0.00624214328637402,-0.0218));
#2953=CARTESIAN_POINT('',(0.0192113416291621,0.00624214328637402,-0.006));
#2954=CARTESIAN_POINT('',(0.0185623391098984,0.00445642333912881,-0.006));
#2955=CARTESIAN_POINT('',(0.0185623391098984,0.00445642333912881,-0.0139));
#2956=CARTESIAN_POINT('',(0.0185623391098977,0.00445642333912804,-0.0200018155237682));
#2957=CARTESIAN_POINT('',(0.0176366677119682,0.00730534696136272,-0.0200018155237825));
#2958=CARTESIAN_POINT('',(0.0176089103196745,0.00726423645480359,-0.020409768287259));
#2959=CARTESIAN_POINT('',(0.0173372740610688,0.00691654674197443,-0.0211801994178842));
#2960=CARTESIAN_POINT('',(0.0172493202749131,0.00560534672041782,-0.0215095683117725));
#2961=CARTESIAN_POINT('',(0.018090284732953,0.00459572171432867,-0.0211815268178951));
#2962=CARTESIAN_POINT('',(0.0185156996460798,0.00447337399791608,-0.0204099355296861));
#2963=CARTESIAN_POINT('',(0.0185623391098965,0.00445642333912941,-0.0200018155237681));
#2964=CARTESIAN_POINT('',(0.0199513044800218,0.00315997619381274,-0.0218));
#2965=CARTESIAN_POINT('',(0.0199513044800218,0.00315997619381274,-0.006));
#2966=CARTESIAN_POINT('',(0.0190309441140692,0.00149776778426125,-0.006));
#2967=CARTESIAN_POINT('',(0.0190309441140692,0.00149776778426125,-0.0139));
#2968=CARTESIAN_POINT('',(0.0190309441140682,0.00149776778426045,-0.0200018155237724));
#2969=CARTESIAN_POINT('',(0.018562339109897,0.00445642333912728,-0.020001815523768));
#2970=CARTESIAN_POINT('',(0.0185284923570644,0.00442016118393982,-0.0204097682872459));
#2971=CARTESIAN_POINT('',(0.018205809737333,0.00411924538124037,-0.0211801994178771));
#2972=CARTESIAN_POINT('',(0.0179138219342939,0.00283794741124681,-0.0215095683117731));
#2973=CARTESIAN_POINT('',(0.0185864925766337,0.00170919673924054,-0.0211815268178999));
#2974=CARTESIAN_POINT('',(0.0189875305266819,0.00152180577188388,-0.0204099355296911));
#2975=CARTESIAN_POINT('',(0.019030944114067,0.00149776778426238,-0.0200018155237723));
#2976=CARTESIAN_POINT('',(0.0199513044800218,-0.0031599761938126,-0.0218));
#2977=CARTESIAN_POINT('',(0.0190309441140692,-0.00149776778426111,-0.0139));
#2978=CARTESIAN_POINT('',(0.0190309441140675,-0.00149776778426207,-0.0200018155237837));
#2979=CARTESIAN_POINT('',(0.0190309441140692,-0.00149776778426111,-0.006));
#2980=CARTESIAN_POINT('',(0.0199513044800218,-0.0031599761938126,-0.006));
#2981=CARTESIAN_POINT('',(0.0185623391098985,-0.00445642333912867,-0.006));
#2982=CARTESIAN_POINT('',(0.0185623391098985,-0.00445642333912867,-0.0139));
#2983=CARTESIAN_POINT('',(0.0185623391098977,-0.00445642333912896,-0.0200018155237651));
#2984=CARTESIAN_POINT('',(0.0190309441140658,-0.00149776778426302,-0.0200018155237834));
#2985=CARTESIAN_POINT('',(0.01898754831702,-0.00152179592142111,-0.0204097682872601));
#2986=CARTESIAN_POINT('',(0.0185876708119139,-0.00170826944315383,-0.0211801994178853));
#2987=CARTESIAN_POINT('',(0.0179140310615776,-0.00283662703354747,-0.0215095683117726));
#2988=CARTESIAN_POINT('',(0.0182049757192396,-0.00411799937552519,-0.0211815268178936));
#2989=CARTESIAN_POINT('',(0.0185284784814059,-0.00442014631807413,-0.0204099355296833));
#2990=CARTESIAN_POINT('',(0.0185623391098973,-0.00445642333912755,-0.020001815523765));
#2991=CARTESIAN_POINT('',(0.0192113416291621,-0.00624214328637389,-0.0218));
#2992=CARTESIAN_POINT('',(0.0192113416291621,-0.00624214328637389,-0.006));
#2993=CARTESIAN_POINT('',(0.0176366677119705,-0.00730534696136577,-0.006));
#2994=CARTESIAN_POINT('',(0.0176366677119705,-0.00730534696136577,-0.0139));
#2995=CARTESIAN_POINT('',(0.017636667711969,-0.00730534696136605,-0.0200018155237753));
#2996=CARTESIAN_POINT('',(0.0185623391098969,-0.00445642333912926,-0.020001815523765));
#2997=CARTESIAN_POINT('',(0.0185157187583459,-0.00447336705174909,-0.0204097682872429));
#2998=CARTESIAN_POINT('',(0.0180915935232774,-0.00459499015139561,-0.0211801994178751));
#2999=CARTESIAN_POINT('',(0.0172497333800722,-0.00560407531346771,-0.0215095683117731));
#3000=CARTESIAN_POINT('',(0.0173366452293592,-0.00691518560748402,-0.0211815268179017));
#3001=CARTESIAN_POINT('',(0.0176088989403829,-0.00726421960133132,-0.0204099355296938));
#3002=CARTESIAN_POINT('',(0.0176366677119688,-0.00730534696136346,-0.0200018155237752));
#3003=CARTESIAN_POINT('',(0.0179983317886051,-0.0091706080947388,-0.0218));
#3004=CARTESIAN_POINT('',(0.0179983317886051,-0.0091706080947388,-0.006));
#3005=CARTESIAN_POINT('',(0.0162767230222294,-0.00997438869635751,-0.006));
#3006=CARTESIAN_POINT('',(0.0162767230222294,-0.00997438869635751,-0.0139));
#3007=CARTESIAN_POINT('',(0.0162767230222283,-0.00997438869635755,-0.0200018155237698));
#3008=CARTESIAN_POINT('',(0.0176366677119676,-0.00730534696136633,-0.0200018155237751));
#3009=CARTESIAN_POINT('',(0.0175879707536844,-0.00731478903901297,-0.0204097682872524));
#3010=CARTESIAN_POINT('',(0.0171500411595207,-0.00736856695222528,-0.0211801994178807));
#3011=CARTESIAN_POINT('',(0.0161606900141608,-0.00823353266033554,-0.0215095683117728));
#3012=CARTESIAN_POINT('',(0.0160414289969136,-0.00954209701961607,-0.0211815268178973));
#3013=CARTESIAN_POINT('',(0.0162557298668661,-0.00992942368944578,-0.0204099355296881));
#3014=CARTESIAN_POINT('',(0.0162767230222284,-0.00997438869635557,-0.0200018155237697));
#3015=CARTESIAN_POINT('',(0.0163421432863739,-0.0118732620963079,-0.0218));
#3016=CARTESIAN_POINT('',(0.0163421432863739,-0.0118732620963079,-0.006));
#3017=CARTESIAN_POINT('',(0.0145159913923344,-0.0123978278785467,-0.006));
#3018=CARTESIAN_POINT('',(0.0145159913923344,-0.0123978278785467,-0.0139));
#3019=CARTESIAN_POINT('',(0.0145159913923335,-0.0123978278785466,-0.020001815523767));
#3020=CARTESIAN_POINT('',(0.0162767230222272,-0.00997438869635758,-0.0200018155237697));
#3021=CARTESIAN_POINT('',(0.0162271485379441,-0.00997609664374197,-0.0204097682872478));
#3022=CARTESIAN_POINT('',(0.0157861978647044,-0.00996070517981408,-0.0211801994178789));
#3023=CARTESIAN_POINT('',(0.0146737168258483,-0.0106602531075673,-0.0215095683117733));
#3024=CARTESIAN_POINT('',(0.0143512195441104,-0.0119340503347165,-0.0211815268178973));
#3025=CARTESIAN_POINT('',(0.0145022907743518,-0.0123501324124573,-0.0204099355296862));
#3026=CARTESIAN_POINT('',(0.0145159913923338,-0.012397827878545,-0.020001815523767));
#3027=CARTESIAN_POINT('',(0.011873262096308,-0.0163421432863739,-0.0218));
#3028=CARTESIAN_POINT('',(0.0123978278785468,-0.0145159913923344,-0.0139));
#3029=CARTESIAN_POINT('',(0.0123978278785453,-0.014515991392334,-0.0200018155237754));
#3030=CARTESIAN_POINT('',(0.0123978278785468,-0.0145159913923344,-0.006));
#3031=CARTESIAN_POINT('',(0.011873262096308,-0.0163421432863739,-0.006));
#3032=CARTESIAN_POINT('',(0.00997438869635756,-0.0162767230222294,-0.006));
#3033=CARTESIAN_POINT('',(0.00997438869635757,-0.0162767230222294,-0.0139));
#3034=CARTESIAN_POINT('',(0.00997438869635586,-0.0162767230222286,-0.0200018155237822));
#3035=CARTESIAN_POINT('',(0.0123978278785439,-0.0145159913923336,-0.0200018155237753));
#3036=CARTESIAN_POINT('',(0.0123501519574561,-0.0145022963886918,-0.0204097682872515));
#3037=CARTESIAN_POINT('',(0.0119355391702291,-0.0143513969849171,-0.0211801994178781));
#3038=CARTESIAN_POINT('',(0.0106613346309218,-0.0146729310531384,-0.0215095683117722));
#3039=CARTESIAN_POINT('',(0.00996099649905795,-0.0157847270657527,-0.0211815268179024));
#3040=CARTESIAN_POINT('',(0.0099760973439244,-0.0162271282146119,-0.0204099355296991));
#3041=CARTESIAN_POINT('',(0.00997438869635761,-0.0162767230222257,-0.0200018155237821));
#3042=CARTESIAN_POINT('',(0.00917060809473887,-0.0179983317886051,-0.0218));
#3043=CARTESIAN_POINT('',(0.00917060809473887,-0.0179983317886051,-0.006));
#3044=CARTESIAN_POINT('',(0.00730534696136583,-0.0176366677119705,-0.006));
#3045=CARTESIAN_POINT('',(0.00730534696136584,-0.0176366677119705,-0.0139));
#3046=CARTESIAN_POINT('',(0.00730534696136508,-0.0176366677119699,-0.020001815523766));
#3047=CARTESIAN_POINT('',(0.00997438869635415,-0.0162767230222278,-0.020001815523782));
#3048=CARTESIAN_POINT('',(0.00992944211553544,-0.0162557384695951,-0.0204097682872588));
#3049=CARTESIAN_POINT('',(0.00954353976722851,-0.0160418371583136,-0.0211801994178845));
#3050=CARTESIAN_POINT('',(0.00823472379026246,-0.0161600831031497,-0.0215095683117726));
#3051=CARTESIAN_POINT('',(0.0073690847684866,-0.0171486340409305,-0.0211815268178943));
#3052=CARTESIAN_POINT('',(0.00731479290984303,-0.0175879507901065,-0.0204099355296842));
#3053=CARTESIAN_POINT('',(0.00730534696136608,-0.0176366677119688,-0.0200018155237659));
#3054=CARTESIAN_POINT('',(0.0142835569799683,-0.0142835569799682,-0.0218));
#3055=CARTESIAN_POINT('',(0.0142835569799683,-0.0142835569799682,-0.006));
#3056=CARTESIAN_POINT('',(0.0145159913923325,-0.0123978278785465,-0.0200018155237669));
#3057=CARTESIAN_POINT('',(0.0144667600703804,-0.012391759640336,-0.0204097682872447));
#3058=CARTESIAN_POINT('',(0.0140336459870723,-0.0123075777881924,-0.021180199417876));
#3059=CARTESIAN_POINT('',(0.0128254280300143,-0.0128244827439365,-0.021509568311773));
#3060=CARTESIAN_POINT('',(0.0123076354371648,-0.0140321477237261,-0.0211815268179013));
#3061=CARTESIAN_POINT('',(0.0123917571526286,-0.0144667398877308,-0.0204099355296938));
#3062=CARTESIAN_POINT('',(0.0123978278785463,-0.0145159913923315,-0.0200018155237753));
#3063=CARTESIAN_POINT('',(0.0202,7.01605290048871E-17,-0.0218));
#3064=CARTESIAN_POINT('',(0.0202,7.01605290048871E-17,-0.006));
#3065=CARTESIAN_POINT('',(0.0190309441140672,0.00149776778425966,-0.0200018155237723));
#3066=CARTESIAN_POINT('',(0.0189918414200787,0.00146724687504832,-0.0204097682872487));
#3067=CARTESIAN_POINT('',(0.0186260579562408,0.00122051452821626,-0.0211801994178765));
#3068=CARTESIAN_POINT('',(0.0181372258450915,6.68418197568842E-7,-0.0215095683117723));
#3069=CARTESIAN_POINT('',(0.0186250392880461,-0.00121941433206282,-0.0211815268179037));
#3070=CARTESIAN_POINT('',(0.0189918253897147,-0.00146723436283398,-0.0204099355297006));
#3071=CARTESIAN_POINT('',(0.0190309441140661,-0.0014977677842588,-0.0200018155237835));
#3072=CARTESIAN_POINT('',(0.00624214328637395,-0.0192113416291621,-0.0218));
#3073=CARTESIAN_POINT('',(0.00624214328637395,-0.0192113416291621,-0.006));
#3074=CARTESIAN_POINT('',(0.00445642333912874,-0.0185623391098984,-0.006));
#3075=CARTESIAN_POINT('',(0.00445642333912874,-0.0185623391098984,-0.0139));
#3076=CARTESIAN_POINT('',(0.00445642333912798,-0.0185623391098977,-0.0200018155237681));
#3077=CARTESIAN_POINT('',(0.00730534696136433,-0.0176366677119694,-0.0200018155237658));
#3078=CARTESIAN_POINT('',(0.00726423645480849,-0.0176089103196778,-0.0204097682872443));
#3079=CARTESIAN_POINT('',(0.00691654674198623,-0.0173372740610735,-0.021180199417877));
#3080=CARTESIAN_POINT('',(0.00560534672042649,-0.0172493202749088,-0.0215095683117734));
#3081=CARTESIAN_POINT('',(0.00459572171432941,-0.0180902847329499,-0.0211815268178985));
#3082=CARTESIAN_POINT('',(0.00447337399791607,-0.0185156996460796,-0.0204099355296875));
#3083=CARTESIAN_POINT('',(0.00445642333912934,-0.0185623391098965,-0.0200018155237681));
#3084=CARTESIAN_POINT('',(0.00315997619381267,-0.0199513044800218,-0.0218));
#3085=CARTESIAN_POINT('',(0.00315997619381267,-0.0199513044800218,-0.006));
#3086=CARTESIAN_POINT('',(0.00149776778426118,-0.0190309441140692,-0.006));
#3087=CARTESIAN_POINT('',(0.00149776778426118,-0.0190309441140692,-0.0139));
#3088=CARTESIAN_POINT('',(0.00149776778426091,-0.0190309441140689,-0.0200018155237584));
#3089=CARTESIAN_POINT('',(0.00445642333912722,-0.0185623391098971,-0.0200018155237681));
#3090=CARTESIAN_POINT('',(0.00442016118393965,-0.0185284923570643,-0.0204097682872471));
#3091=CARTESIAN_POINT('',(0.00411924538123838,-0.0182058097373309,-0.0211801994178801));
#3092=CARTESIAN_POINT('',(0.00283794741123841,-0.0179138219342942,-0.0215095683117738));
#3093=CARTESIAN_POINT('',(0.00170919673923364,-0.0185864925766416,-0.0211815268178939));
#3094=CARTESIAN_POINT('',(0.00152180577188136,-0.0189875305266863,-0.0204099355296787));
#3095=CARTESIAN_POINT('',(0.0014977677842615,-0.0190309441140685,-0.0200018155237584));
#3096=CARTESIAN_POINT('',(-0.00299030200803819,0.0154285727050991,-0.0179994670626231));
#3097=CARTESIAN_POINT('',(-0.00292918926402419,0.0151787349699615,-0.0170434486938241));
#3098=CARTESIAN_POINT('',(-0.00293714578448349,0.0151772009499823,-0.017043428447363));
#3099=CARTESIAN_POINT('',(-0.00294510230718698,0.0151756669410882,-0.0170434082429546));
#3100=CARTESIAN_POINT('',(-0.00295305883213015,0.0151741329432578,-0.0170433880806047));
#3101=CARTESIAN_POINT('',(-0.00292920317879234,0.0151788037005342,-0.0170437094340004));
#3102=CARTESIAN_POINT('',(-0.00295305033828269,0.0151740909839354,-0.0170432285754131));
#3103=CARTESIAN_POINT('',(-0.00295305883213015,0.0151741329432578,-0.0170433880806047));
#3104=CARTESIAN_POINT('',(-0.00293694603219829,0.0150919256296756,-0.0170658715045698));
#3105=CARTESIAN_POINT('',(-0.00291272912981601,0.0149703076136092,-0.0171156056734866));
#3106=CARTESIAN_POINT('',(-0.00288117955329104,0.0148153831299784,-0.0172264807574661));
#3107=CARTESIAN_POINT('',(-0.00286182311600946,0.0147213865370567,-0.0173110022360324));
#3108=CARTESIAN_POINT('',(-0.00283458534686417,0.0145918732186642,-0.0174788191064586));
#3109=CARTESIAN_POINT('',(-0.00281746280008875,0.0145143303346277,-0.0176465614915378));
#3110=CARTESIAN_POINT('',(-0.00280780645181642,0.0144739146539412,-0.0177909512650838));
#3111=CARTESIAN_POINT('',(-0.00280321699572768,0.0144588611167562,-0.0179172846531069));
#3112=CARTESIAN_POINT('',(-0.00280217908131995,0.0144564410152546,-0.017959246017305));
#3113=CARTESIAN_POINT('',(-0.00280163458531413,0.0144565775576371,-0.0179999997351282));
#3114=CARTESIAN_POINT('',(-0.00280151977642349,0.0144560406730995,-0.018));
#3115=CARTESIAN_POINT('',(-0.00280163458531413,0.0144565775576371,-0.0179999997351282));
#3116=CARTESIAN_POINT('',(-0.00280074961110405,0.0144567346310611,-0.0179347885150938));
#3117=CARTESIAN_POINT('',(-0.00280103146480328,0.0144654706555161,-0.0178380861627936));
#3118=CARTESIAN_POINT('',(-0.00280987036385927,0.0145271274761935,-0.0176000947676721));
#3119=CARTESIAN_POINT('',(-0.00282841528377726,0.0146361133108221,-0.0173944940123049));
#3120=CARTESIAN_POINT('',(-0.00287105144126791,0.0148698757464485,-0.0171813416644968));
#3121=CARTESIAN_POINT('',(-0.00290657023846155,0.0150596426161774,-0.0170769430187211));
#3122=CARTESIAN_POINT('',(-0.00292388619701507,0.015151055043318,-0.0170510280710594));
#3123=CARTESIAN_POINT('',(-0.00292918926402419,0.0151787349699615,-0.0170434486938241));
#3124=CARTESIAN_POINT('',(-0.00271098736417872,0.0153270586877623,-0.0170214345701493));
#3125=CARTESIAN_POINT('',(-0.00272278081046222,0.015347280278277,-0.017018080409036));
#3126=CARTESIAN_POINT('',(-0.00273455943870848,0.0153673364205771,-0.0170133835003685));
#3127=CARTESIAN_POINT('',(-0.00274619920949325,0.0153870080774563,-0.0170073180122046));
#3128=CARTESIAN_POINT('',(-0.0027571346642641,0.0153079222831183,-0.0170230914354606));
#3129=CARTESIAN_POINT('',(-0.00276862164626059,0.015325884954925,-0.0170198314652333));
#3130=CARTESIAN_POINT('',(-0.00278009382530123,0.0153436916113863,-0.0170154706530256));
#3131=CARTESIAN_POINT('',(-0.00279145216431553,0.0153611843787786,-0.0170099843950648));
#3132=CARTESIAN_POINT('',(-0.00280285120875252,0.0152873398531225,-0.0170250871073849));
#3133=CARTESIAN_POINT('',(-0.00281394029005082,0.0153028009619976,-0.0170219907422016));
#3134=CARTESIAN_POINT('',(-0.00282501370795729,0.0153181259641842,-0.0170180334906072));
#3135=CARTESIAN_POINT('',(-0.00283599669983087,0.0153332091902131,-0.017013192869268));
#3136=CARTESIAN_POINT('',(-0.00288603591832334,0.0152401735383471,-0.0170311236711436));
#3137=CARTESIAN_POINT('',(-0.00289603748666104,0.0152492161715352,-0.0170288107519579));
#3138=CARTESIAN_POINT('',(-0.00290602741673311,0.0152581734315964,-0.0170260809805741));
#3139=CARTESIAN_POINT('',(-0.00291597296063134,0.0152670164107744,-0.0170229189567627));
#3140=CARTESIAN_POINT('',(-0.00293505474029127,0.0152105344395817,-0.0170350673721937));
#3141=CARTESIAN_POINT('',(-0.00294431200655206,0.0152154879909919,-0.0170332950334296));
#3142=CARTESIAN_POINT('',(-0.00295356433847764,0.0152204065158335,-0.0170313661163898));
#3143=CARTESIAN_POINT('',(-0.0029627997445287,0.0152252819028789,-0.0170292742603623));
#3144=CARTESIAN_POINT('',(-0.00292898394658895,0.0151788458324493,-0.0170437094801514));
#3145=CARTESIAN_POINT('',(-0.00293701576086552,0.0151773022831346,-0.017043707789359));
#3146=CARTESIAN_POINT('',(-0.00294504136269282,0.0151757174430526,-0.0170435503341099));
#3147=CARTESIAN_POINT('',(-0.00295305033828269,0.0151740909839354,-0.0170432285754131));
#3148=CARTESIAN_POINT('',(-0.00269553390354878,0.0152384291176885,-0.0164282175723084));
#3149=CARTESIAN_POINT('',(-0.00271130927189731,0.0153276106457348,-0.0170213430167213));
#3150=CARTESIAN_POINT('',(-0.0027461992094703,0.0153870080774693,-0.0170073180122033));
#3151=CARTESIAN_POINT('',(-0.00295305033828269,0.0151740909839354,-0.0170432285754131));
#3152=CARTESIAN_POINT('',(-0.00295305394381291,0.0151741099639307,-0.0170432234024389));
#3153=CARTESIAN_POINT('',(-0.0029530575585614,0.0151741289420749,-0.017043218229089));
#3154=CARTESIAN_POINT('',(-0.00295306115487334,0.0151741479239214,-0.0170432130564904));
#3155=CARTESIAN_POINT('',(-0.00295359319983904,0.0151769561330119,-0.0170424478127943));
#3156=CARTESIAN_POINT('',(-0.00295392281300846,0.0151798116458881,-0.0170416891223908));
#3157=CARTESIAN_POINT('',(-0.00295405111848759,0.0151826731313781,-0.0170409474037443));
#3158=CARTESIAN_POINT('',(-0.00295440115009143,0.0151904795817514,-0.0170389239128596));
#3159=CARTESIAN_POINT('',(-0.00295321642864285,0.0151984532120605,-0.0170369987831097));
#3160=CARTESIAN_POINT('',(-0.00295097433612213,0.0152060137078648,-0.0170352755218884));
#3161=CARTESIAN_POINT('',(-0.00294773306992476,0.0152169434885315,-0.0170327843007214));
#3162=CARTESIAN_POINT('',(-0.00294230681728108,0.0152273455599031,-0.0170306269241911));
#3163=CARTESIAN_POINT('',(-0.00293596836287738,0.0152369620607704,-0.0170287510239466));
#3164=CARTESIAN_POINT('',(-0.00292711055577324,0.0152504008432045,-0.0170261295074925));
#3165=CARTESIAN_POINT('',(-0.00291630878004457,0.0152626753437586,-0.0170239781877624));
#3166=CARTESIAN_POINT('',(-0.00290482602205316,0.0152741012238873,-0.0170220994912136));
#3167=CARTESIAN_POINT('',(-0.00288250829765675,0.015296308401282,-0.0170184480834391));
#3168=CARTESIAN_POINT('',(-0.00285727791638153,0.0153157518647085,-0.0170157445849648));
#3169=CARTESIAN_POINT('',(-0.00283132137485103,0.0153337939056689,-0.0170134391482227));
#3170=CARTESIAN_POINT('',(-0.00280386659933679,0.0153528773488079,-0.0170110006396817));
#3171=CARTESIAN_POINT('',(-0.00277527824634181,0.0153704140210244,-0.0170090314098762));
#3172=CARTESIAN_POINT('',(-0.0027461992094703,0.0153870080774693,-0.0170073180122033));
#3173=CARTESIAN_POINT('',(-0.00271130927189731,0.0153276106457348,-0.0170213430167213));
#3174=CARTESIAN_POINT('',(-0.00274074664518866,0.0153153619525813,-0.0170224017670588));
#3175=CARTESIAN_POINT('',(-0.0027699369973407,0.0153024655094703,-0.0170236198810234));
#3176=CARTESIAN_POINT('',(-0.00279853381772625,0.0152884094492842,-0.0170251559202664));
#3177=CARTESIAN_POINT('',(-0.00282472942100891,0.0152755336480103,-0.0170265629814044));
#3178=CARTESIAN_POINT('',(-0.00285061762417784,0.015261771241436,-0.0170282000823722));
#3179=CARTESIAN_POINT('',(-0.00287487377220716,0.0152456438605003,-0.0170305500989191));
#3180=CARTESIAN_POINT('',(-0.00288654572768963,0.0152378834332428,-0.0170316809169074));
#3181=CARTESIAN_POINT('',(-0.00289793799805218,0.0152295416701021,-0.0170329780912858));
#3182=CARTESIAN_POINT('',(-0.00290806487069866,0.0152199373185001,-0.0170346928525034));
#3183=CARTESIAN_POINT('',(-0.00291455356423792,0.0152137834251546,-0.0170357915688023));
#3184=CARTESIAN_POINT('',(-0.00292070105478727,0.0152069954163446,-0.0170370780369097));
#3185=CARTESIAN_POINT('',(-0.00292496720461686,0.0151992388744902,-0.017038756354148));
#3186=CARTESIAN_POINT('',(-0.00292668986117107,0.0151961068097018,-0.0170394340528474));
#3187=CARTESIAN_POINT('',(-0.00292810073366942,0.0151927630799504,-0.0170401899159028));
#3188=CARTESIAN_POINT('',(-0.00292889981479195,0.0151893121119635,-0.017041019940169));
#3189=CARTESIAN_POINT('',(-0.00292928954933075,0.015187628976949,-0.0170414247665572));
#3190=CARTESIAN_POINT('',(-0.00292953503406002,0.0151859081169916,-0.0170418502916172));
#3191=CARTESIAN_POINT('',(-0.00292960132658592,0.0151841899568793,-0.0170422887571484));
#3192=CARTESIAN_POINT('',(-0.00292967087291035,0.0151823874652869,-0.0170427487436349));
#3193=CARTESIAN_POINT('',(-0.00292954153366796,0.015180569752927,-0.0170432277960411));
#3194=CARTESIAN_POINT('',(-0.00292920317879234,0.0151788037005342,-0.0170437094340004));
#3195=CARTESIAN_POINT('',(-0.00269553390354878,0.0152384291176886,-0.0164282175723084));
#3196=CARTESIAN_POINT('',(-0.00269553390354662,0.0152384291176891,-0.0164282175723094));
#3197=CARTESIAN_POINT('',(-0.00280004571885336,0.0158292567409948,-0.0164282175723092));
#3198=CARTESIAN_POINT('',(-0.00269553390354878,0.0152384291176886,-0.0164282175723084));
#3199=CARTESIAN_POINT('',(0.,0.,-0.0164282175723084));
#3200=CARTESIAN_POINT('',(0.0140564533488307,0.00647238319725792,-0.0164282175723084));
#3201=CARTESIAN_POINT('',(0.0141387174706027,0.00651026223447173,-0.0170213430167203));
#3202=CARTESIAN_POINT('',(0.01460145315557,0.00672333181880036,-0.0164282175723084));
#3203=CARTESIAN_POINT('',(0.,0.,-0.0164282175723084));
#3204=CARTESIAN_POINT('',(0.,0.,-0.0170213430167213));
#3205=CARTESIAN_POINT('',(0.0140564533488307,0.00647238319725792,-0.0164282175723084));
#3206=CARTESIAN_POINT('',(0.0140564533488307,0.00647238319725791,-0.0164282175723084));
#3207=CARTESIAN_POINT('',(0.0142073053386268,0.00651568832477105,-0.0158491076146099));
#3208=CARTESIAN_POINT('',(0.0140564533488307,0.00647238319725792,-0.0164282175723084));
#3209=CARTESIAN_POINT('',(0.0147516038808653,0.00462239168741984,-0.0170437093566557));
#3210=CARTESIAN_POINT('',(0.0148432216258192,0.004642854653485,-0.0170186535136358));
#3211=CARTESIAN_POINT('',(0.0149494780009072,0.00466604670119585,-0.0169644554902729));
#3212=CARTESIAN_POINT('',(0.0151255169639981,0.00470208333734919,-0.0167636622885966));
#3213=CARTESIAN_POINT('',(0.0151887468934814,0.00471335444454182,-0.0166137458608495));
#3214=CARTESIAN_POINT('',(0.0151878621018838,0.00470651883419133,-0.0163052415633477));
#3215=CARTESIAN_POINT('',(0.0151239403407667,0.00468867882159398,-0.0161570013344947));
#3216=CARTESIAN_POINT('',(0.0149483244925986,0.00464418256317731,-0.0159598092708424));
#3217=CARTESIAN_POINT('',(0.01484348547418,0.00461904844972519,-0.0159085660457548));
#3218=CARTESIAN_POINT('',(0.014752179894241,0.00459757339692773,-0.0158832193966783));
#3219=CARTESIAN_POINT('',(0.0145839429187147,0.0052647270793992,-0.0170351178609452));
#3220=CARTESIAN_POINT('',(0.0146759879843982,0.00528906196898459,-0.0170130963409508));
#3221=CARTESIAN_POINT('',(0.0147840921365825,0.00531708219747073,-0.0169620956101589));
#3222=CARTESIAN_POINT('',(0.0149664874055297,0.00536196539450583,-0.0167637901922134));
#3223=CARTESIAN_POINT('',(0.0150339769305897,0.0053769281332382,-0.0166126312119868));
#3224=CARTESIAN_POINT('',(0.0150382399202214,0.00537154527980737,-0.016298734715028));
#3225=CARTESIAN_POINT('',(0.0149750488003086,0.0053514411541782,-0.0161471524435427));
#3226=CARTESIAN_POINT('',(0.0147998053797988,0.00530018448084849,-0.0159465228320729));
#3227=CARTESIAN_POINT('',(0.0146949641905118,0.00527090714048726,-0.0158948766337774));
#3228=CARTESIAN_POINT('',(0.0146040606688374,0.00524589469707582,-0.0158694072851079));
#3229=CARTESIAN_POINT('',(0.0143782287747659,0.00589495114473028,-0.0170274196479033));
#3230=CARTESIAN_POINT('',(0.0144703882963884,0.00592314223273458,-0.0170087458866517));
#3231=CARTESIAN_POINT('',(0.0145800846262407,0.00595617315294116,-0.0169613938084376));
#3232=CARTESIAN_POINT('',(0.0147688137763946,0.00601073481925996,-0.0167661989311284));
#3233=CARTESIAN_POINT('',(0.0148408031881004,0.00603000945609983,-0.0166138615292505));
#3234=CARTESIAN_POINT('',(0.0148506213698054,0.00602690457759895,-0.0162942016245905));
#3235=CARTESIAN_POINT('',(0.0147882881547337,0.00600471172274065,-0.0161389744272116));
#3236=CARTESIAN_POINT('',(0.0146136905856177,0.0059468854469574,-0.0159346644940208));
#3237=CARTESIAN_POINT('',(0.014509025529569,0.00591353006066276,-0.0158826181650848));
#3238=CARTESIAN_POINT('',(0.0144187182023906,0.00588508725288808,-0.0158570271896299));
#3239=CARTESIAN_POINT('',(0.014138717470597,0.00651026223447018,-0.0170213430167142));
#3240=CARTESIAN_POINT('',(0.0142307320367236,0.00654198801358899,-0.017006554847494));
#3241=CARTESIAN_POINT('',(0.0143418715631003,0.00657991498563982,-0.0169636544842106));
#3242=CARTESIAN_POINT('',(0.0145373717751908,0.00664481895063797,-0.0167727501648435));
#3243=CARTESIAN_POINT('',(0.0146144604620593,0.00666918629187497,-0.0166193938008984));
#3244=CARTESIAN_POINT('',(0.0146305033674319,0.00666964066264117,-0.0162932812342062));
#3245=CARTESIAN_POINT('',(0.0145690152257217,0.00664578288006787,-0.0161338323227704));
#3246=CARTESIAN_POINT('',(0.0143949658318744,0.00658206238789713,-0.0159253959570648));
#3247=CARTESIAN_POINT('',(0.0142904703124258,0.0065449468815593,-0.0158729591252357));
#3248=CARTESIAN_POINT('',(0.0142008253052694,0.00651340856184562,-0.0158472491569237));
#3249=CARTESIAN_POINT('',(0.0146034691334878,0.00457597389984121,-0.0164641392697673));
#3250=CARTESIAN_POINT('',(0.0147516038808653,0.00462239168741984,-0.0170437093566557));
#3251=CARTESIAN_POINT('',(0.0147587799629085,0.00459912573166122,-0.0158850515916494));
#3252=CARTESIAN_POINT('',(-0.00300742406345106,0.000543625127950848,-0.016877588808522));
#3253=CARTESIAN_POINT('',(0.0147516038808653,0.00462239168741984,-0.0170437093566556));
#3254=CARTESIAN_POINT('',(0.0145674228689689,0.00532801797780753,-0.0170342713194592));
#3255=CARTESIAN_POINT('',(0.0143543383915295,0.00595632617872906,-0.0170268135268871));
#3256=CARTESIAN_POINT('',(0.0141387174706027,0.00651026223447169,-0.0170213430167203));
#3257=CARTESIAN_POINT('',(0.0147587799629085,0.0045991257316613,-0.0158850515916494));
#3258=CARTESIAN_POINT('',(0.0168577221934347,0.00509279649361756,-0.0164677230141895));
#3259=CARTESIAN_POINT('',(0.0147516038808653,0.00462239168741992,-0.0170437093566557));
#3260=CARTESIAN_POINT('',(0.0148512746811592,0.00424244148451113,-0.01589559841851));
#3261=CARTESIAN_POINT('',(0.0167973055437788,0.00468810864070784,-0.0164743965410453));
#3262=CARTESIAN_POINT('',(0.0148446729333265,0.00426582957966806,-0.0170484785189901));
#3263=CARTESIAN_POINT('',(0.0149327405981548,0.00388332624911468,-0.0159061686433777));
#3264=CARTESIAN_POINT('',(0.0167633972471788,0.00426131026177541,-0.0164818384784655));
#3265=CARTESIAN_POINT('',(0.0149267232605871,0.0039067899723616,-0.0170532586878816));
#3266=CARTESIAN_POINT('',(0.0150720485127244,0.00316046728497917,-0.0159273193757533));
#3267=CARTESIAN_POINT('',(0.0167120224950308,0.00343133390325145,-0.0164967064026426));
#3268=CARTESIAN_POINT('',(0.0150672064851231,0.00318399188631906,-0.0170628244233423));
#3269=CARTESIAN_POINT('',(0.0151299224159396,0.00279672871884984,-0.0159379002111194));
#3270=CARTESIAN_POINT('',(0.0166930443033677,0.00301962807489367,-0.0165042512229015));
#3271=CARTESIAN_POINT('',(0.015125671318524,0.00282023858687134,-0.0170676101380104));
#3272=CARTESIAN_POINT('',(0.0152668014346191,0.00169879984103965,-0.0159696267666221));
#3273=CARTESIAN_POINT('',(0.0166307567940532,0.00184301396282331,-0.0165260633881635));
#3274=CARTESIAN_POINT('',(0.0152643153306654,0.0017221336402475,-0.0170819610591223));
#3275=CARTESIAN_POINT('',(0.015308633560227,0.000955167669690376,-0.0159908302876359));
#3276=CARTESIAN_POINT('',(0.0165769686686435,0.00102334352734725,-0.0165415401597209));
#3277=CARTESIAN_POINT('',(0.0153073169943154,0.000978204841255515,-0.0170915534187539));
#3278=CARTESIAN_POINT('',(0.0152892052403901,-0.000515700799298242,-0.0160321363742849));
#3279=CARTESIAN_POINT('',(0.0163908347535344,-0.00055312193140709,-0.0165712990870672));
#3280=CARTESIAN_POINT('',(0.0152900746054214,-0.000493561078983347,-0.0171102420311944));
#3281=CARTESIAN_POINT('',(0.0152283044443907,-0.00124747226802699,-0.0160528785891836));
#3282=CARTESIAN_POINT('',(0.0162623921246053,-0.00133422124894763,-0.0165864032831789));
#3283=CARTESIAN_POINT('',(0.0152302606696126,-0.00122496465096926,-0.0171196120231998));
#3284=CARTESIAN_POINT('',(0.0150592555708861,-0.00233688458090207,-0.0160846558834245));
#3285=CARTESIAN_POINT('',(0.0159916260446745,-0.00249915883093274,-0.0166098241945653));
#3286=CARTESIAN_POINT('',(0.0150628178685014,-0.00231468697950675,-0.0171339792173253));
#3287=CARTESIAN_POINT('',(0.014989950838866,-0.00269875507602825,-0.0160953295261108));
#3288=CARTESIAN_POINT('',(0.0158921179795713,-0.00287757966770924,-0.0166175488322426));
#3289=CARTESIAN_POINT('',(0.0149940420200669,-0.00267670230402177,-0.0171388053386425));
#3290=CARTESIAN_POINT('',(0.0148248552300917,-0.00341983295051024,-0.0161168376712217));
#3291=CARTESIAN_POINT('',(0.0156685473614136,-0.00362808979499258,-0.0166331084794959));
#3292=CARTESIAN_POINT('',(0.0148299815844856,-0.00339815042189511,-0.017148530954533));
#3293=CARTESIAN_POINT('',(0.0147287311536871,-0.00378010802822078,-0.0161277048091375));
#3294=CARTESIAN_POINT('',(0.0155446699262927,-0.00400218054476953,-0.0166409778425558));
#3295=CARTESIAN_POINT('',(0.0147343652577824,-0.00375865172540009,-0.0171534452080654));
#3296=CARTESIAN_POINT('',(0.0144014613384255,-0.00484929530277547,-0.0161603229440245));
#3297=CARTESIAN_POINT('',(0.0151429273702789,-0.00509151453905624,-0.0166642393496754));
#3298=CARTESIAN_POINT('',(0.0144085604786045,-0.0048286288602205,-0.0171681964127149));
#3299=CARTESIAN_POINT('',(0.0141343850456788,-0.00553875485692599,-0.016181847139919));
#3300=CARTESIAN_POINT('',(0.0148285235821093,-0.00580473409010727,-0.0166799024754868));
#3301=CARTESIAN_POINT('',(0.014142372251357,-0.00551875606165618,-0.0171779316660247));
#3302=CARTESIAN_POINT('',(0.013505445785734,-0.006871944903764,-0.0162244285125333));
#3303=CARTESIAN_POINT('',(0.0141095366134652,-0.00717007762501731,-0.0167107627866395));
#3304=CARTESIAN_POINT('',(0.0135149855108268,-0.00685349887680456,-0.0171971926946808));
#3305=CARTESIAN_POINT('',(0.0131437714642768,-0.00751572552962258,-0.0162452082112045));
#3306=CARTESIAN_POINT('',(0.0137077872519485,-0.00782929574482223,-0.0167258608530602));
#3307=CARTESIAN_POINT('',(0.013153935654006,-0.00749818269811181,-0.0172065934630538));
#3308=CARTESIAN_POINT('',(0.0125270158055715,-0.00844612601180219,-0.0162771930282653));
#3309=CARTESIAN_POINT('',(0.0130247170917524,-0.00878396745489946,-0.0167493028121052));
#3310=CARTESIAN_POINT('',(0.0125384369646743,-0.00842940031189619,-0.0172210525819421));
#3311=CARTESIAN_POINT('',(0.0123080902014562,-0.0087514688094524,-0.016288045601563));
#3312=CARTESIAN_POINT('',(0.0127865925815723,-0.00909353531835703,-0.0167571747198548));
#3313=CARTESIAN_POINT('',(0.0123199121524344,-0.00873505207653793,-0.0172259589194687));
#3314=CARTESIAN_POINT('',(0.0118499718615351,-0.0093428661642643,-0.016309798651408));
#3315=CARTESIAN_POINT('',(0.0122910511417374,-0.00969137072001554,-0.0167729524060877));
#3316=CARTESIAN_POINT('',(0.0118625391052533,-0.00932712487937784,-0.0172357938210136));
#3317=CARTESIAN_POINT('',(0.0116112244715717,-0.0096285798487996,-0.0163206826843077));
#3318=CARTESIAN_POINT('',(0.0120343136415749,-0.00997987304317919,-0.0167808502584987));
#3319=CARTESIAN_POINT('',(0.011624135921679,-0.00961320420447802,-0.0172407149477141));
#3320=CARTESIAN_POINT('',(0.0108665904254768,-0.0104564111947036,-0.0163533541511002));
#3321=CARTESIAN_POINT('',(0.011244424023811,-0.0108058036911383,-0.0168043385861695));
#3322=CARTESIAN_POINT('',(0.0108804432467702,-0.0104422024902475,-0.0172554878444907));
#3323=CARTESIAN_POINT('',(0.0103324562000111,-0.0109693715662467,-0.0163751610618576));
#3324=CARTESIAN_POINT('',(0.010678053829467,-0.0113221654921851,-0.0168201839706956));
#3325=CARTESIAN_POINT('',(0.0103468147087711,-0.0109560340448909,-0.0172653491801666));
#3326=CARTESIAN_POINT('',(0.00947465587941271,-0.0116801324926551,-0.0164078959699299));
#3327=CARTESIAN_POINT('',(0.00976736676312819,-0.0120375267170967,-0.0168441219164612));
#3328=CARTESIAN_POINT('',(0.00948957170995456,-0.0116681901819054,-0.0172801534830654));
#3329=CARTESIAN_POINT('',(0.00917925323319137,-0.0119072348378585,-0.0164188116714788));
#3330=CARTESIAN_POINT('',(0.00945728348184718,-0.0122640388383131,-0.0168520438420122));
#3331=CARTESIAN_POINT('',(0.009194321367415,-0.0118957723770112,-0.017285090289399));
#3332=CARTESIAN_POINT('',(0.00856904907600412,-0.0123412739575469,-0.0164406484279814));
#3333=CARTESIAN_POINT('',(0.00881857129024788,-0.0126956236601417,-0.0168678871718267));
#3334=CARTESIAN_POINT('',(0.00858435241391874,-0.012330792509153,-0.0172949666747517));
#3335=CARTESIAN_POINT('',(0.00825351619389735,-0.0125485177508777,-0.0164515913231884));
#3336=CARTESIAN_POINT('',(0.00848919356385505,-0.0129014800264551,-0.0168758308937908));
#3337=CARTESIAN_POINT('',(0.00826890223360205,-0.0125385385386621,-0.0172999161332923));
#3338=CARTESIAN_POINT('',(0.00729323633400633,-0.0131294374668729,-0.0164838813512654));
#3339=CARTESIAN_POINT('',(0.00749610929385551,-0.0134726656464551,-0.0168991029603679));
#3340=CARTESIAN_POINT('',(0.00730876247116878,-0.013120959131997,-0.0173145213151547));
#3341=CARTESIAN_POINT('',(0.0066296372288826,-0.0134663287419726,-0.0165051008751305));
#3342=CARTESIAN_POINT('',(0.00680820900130114,-0.013805864055862,-0.0169145187517413));
#3343=CARTESIAN_POINT('',(0.00664567021790379,-0.0134585629008288,-0.0173241119145103));
#3344=CARTESIAN_POINT('',(0.00525777915567229,-0.0140397146101116,-0.0165486331416292));
#3345=CARTESIAN_POINT('',(0.00539130022872658,-0.0143655463143778,-0.0169461171497651));
#3346=CARTESIAN_POINT('',(0.00527428757414677,-0.0140336541023873,-0.0173437933537258));
#3347=CARTESIAN_POINT('',(0.00454942304773892,-0.0142764358733528,-0.0165706978318251));
#3348=CARTESIAN_POINT('',(0.00466225027105477,-0.0145954322860614,-0.0169621380709151));
#3349=CARTESIAN_POINT('',(0.00456603383925102,-0.0142712688506996,-0.0173537699216459));
#3350=CARTESIAN_POINT('',(0.00308593949680115,-0.0146452554941787,-0.0166154406481921));
#3351=CARTESIAN_POINT('',(0.00316054345121433,-0.0149459147244247,-0.016994616259158));
#3352=CARTESIAN_POINT('',(0.00310247861793408,-0.0146418892644974,-0.0173740018749623));
#3353=CARTESIAN_POINT('',(0.00234787533887719,-0.0147729182200836,-0.0166375960569369));
#3354=CARTESIAN_POINT('',(0.00240469429069011,-0.0150649665113285,-0.017010719902758));
#3355=CARTESIAN_POINT('',(0.00236424120925099,-0.0147704376056208,-0.0173840208924138));
#3356=CARTESIAN_POINT('',(0.000864659381725147,-0.0149180068525167,-0.0166813274567733));
#3357=CARTESIAN_POINT('',(0.000890873647496228,-0.0151894669294314,-0.0170424653295044));
#3358=CARTESIAN_POINT('',(0.00088044304713021,-0.0149172039930448,-0.0174037979097627));
#3359=CARTESIAN_POINT('',(0.000118739394497274,-0.0149357450156819,-0.0167026430558889));
#3360=CARTESIAN_POINT('',(0.000130834131567497,-0.0151977004977124,-0.0170579511963856));
#3361=CARTESIAN_POINT('',(0.000134059390040313,-0.0149357154034579,-0.0174134387665178));
#3362=CARTESIAN_POINT('',(-0.00100743891958674,-0.0148773492544282,-0.0167353748051926));
#3363=CARTESIAN_POINT('',(-0.00101843404035221,-0.0151223437192968,-0.0170818173122514));
#3364=CARTESIAN_POINT('',(-0.000992290330389719,-0.0148784644812558,-0.0174282360066528));
#3365=CARTESIAN_POINT('',(-0.00138550345954511,-0.0148433937530983,-0.01674648165123));
#3366=CARTESIAN_POINT('',(-0.00140220359758456,-0.0150827980048079,-0.0170898802769635));
#3367=CARTESIAN_POINT('',(-0.00137044519979413,-0.0148448895116541,-0.0174332573318535));
#3368=CARTESIAN_POINT('',(-0.00213302751612581,-0.0147475460465053,-0.0167686796262272));
#3369=CARTESIAN_POINT('',(-0.00216018836077796,-0.0149754784348188,-0.0171059945758378));
#3370=CARTESIAN_POINT('',(-0.00211820979714071,-0.0147497789531429,-0.0174432932170119));
#3371=CARTESIAN_POINT('',(-0.00250306545126004,-0.0146857581538794,-0.0167797864551509));
#3372=CARTESIAN_POINT('',(-0.00253513435908085,-0.0149080242493494,-0.0171140587018636));
#3373=CARTESIAN_POINT('',(-0.00248839772127577,-0.0146883483093337,-0.0174483148730585));
#3374=CARTESIAN_POINT('',(-0.00360223868888276,-0.0144597103883315,-0.0168131288967778));
#3375=CARTESIAN_POINT('',(-0.00364317829234392,-0.014665635140586,-0.0171381667535824));
#3376=CARTESIAN_POINT('',(-0.00358810103143439,-0.0144633292420172,-0.0174633902100536));
#3377=CARTESIAN_POINT('',(-0.00432049542565549,-0.0142549893613611,-0.0168353865189238));
#3378=CARTESIAN_POINT('',(-0.00436952442427358,-0.014450059708307,-0.0171543348763636));
#3379=CARTESIAN_POINT('',(-0.00430681791636988,-0.0142592363197919,-0.0174734542841981));
#3380=CARTESIAN_POINT('',(-0.00537585931373441,-0.0138663340086631,-0.0168688096677469));
#3381=CARTESIAN_POINT('',(-0.00543802574956273,-0.0140428435828848,-0.017178688371256));
#3382=CARTESIAN_POINT('',(-0.00536299704698137,-0.0138714070104264,-0.017488567654493));
#3383=CARTESIAN_POINT('',(-0.00572396167804644,-0.0137231312178913,-0.0168799568234219));
#3384=CARTESIAN_POINT('',(-0.00578897267887248,-0.0138940684023803,-0.0171867821067618));
#3385=CARTESIAN_POINT('',(-0.00571139200772773,-0.0137284602973847,-0.0174936083151468));
#3386=CARTESIAN_POINT('',(-0.00641255898637155,-0.0134086243131135,-0.0169022619515194));
#3387=CARTESIAN_POINT('',(-0.00648254215071825,-0.0135683713572183,-0.0172029753942195));
#3388=CARTESIAN_POINT('',(-0.00640061045312978,-0.013414422876334,-0.0175036947128996));
#3389=CARTESIAN_POINT('',(-0.00675066249605515,-0.0132383189098314,-0.0169133432155614));
#3390=CARTESIAN_POINT('',(-0.00682295574512925,-0.0133926089372995,-0.0172110225967104));
#3391=CARTESIAN_POINT('',(-0.0067390404319486,-0.013244329127755,-0.0175087057623334));
#3392=CARTESIAN_POINT('',(-0.00773789813389931,-0.0126935177884886,-0.0169460848374598));
#3393=CARTESIAN_POINT('',(-0.00781274013437392,-0.0128335434888495,-0.0172347168963266));
#3394=CARTESIAN_POINT('',(-0.00772728319455594,-0.0127000871870918,-0.0175235120402233));
#3395=CARTESIAN_POINT('',(-0.00836422751916205,-0.0122832884675003,-0.0169677173166062));
#3396=CARTESIAN_POINT('',(-0.00844230291223521,-0.0124135005329177,-0.0172504269408718));
#3397=CARTESIAN_POINT('',(-0.00835391181599113,-0.0122904016543753,-0.0175332900222441));
#3398=CARTESIAN_POINT('',(-0.00925537113340355,-0.0115984707639979,-0.0170009930268278));
#3399=CARTESIAN_POINT('',(-0.00933850203067264,-0.011711724593725,-0.0172746571763801));
#3400=CARTESIAN_POINT('',(-0.00924583472326264,-0.0116061632555085,-0.0175483341243363));
#3401=CARTESIAN_POINT('',(-0.00954437483148116,-0.0113585627077513,-0.017012166951106));
#3402=CARTESIAN_POINT('',(-0.00962813038197745,-0.01146700451795,-0.0172827697827092));
#3403=CARTESIAN_POINT('',(-0.0095351151166525,-0.0113664275923179,-0.0175533860281741));
#3404=CARTESIAN_POINT('',(-0.0101059592942054,-0.0108550108281926,-0.0170346813906284));
#3405=CARTESIAN_POINT('',(-0.0101903841824449,-0.010953947822446,-0.0172991154483856));
#3406=CARTESIAN_POINT('',(-0.0100972804266552,-0.0108631760603927,-0.017563565371117));
#3407=CARTESIAN_POINT('',(-0.0103796320051173,-0.010590151715,-0.0170460707471829));
#3408=CARTESIAN_POINT('',(-0.0104642569319955,-0.0106844556197837,-0.017307385038896));
#3409=CARTESIAN_POINT('',(-0.0103712586665484,-0.0105984452632456,-0.0175687148935769));
#3410=CARTESIAN_POINT('',(-0.0111641425776319,-0.00977047840211058,-0.0170800146606242));
#3411=CARTESIAN_POINT('',(-0.0112464071296001,-0.00985359188081493,-0.0173319620156363));
#3412=CARTESIAN_POINT('',(-0.0111567040307572,-0.00977908257908139,-0.0175840623891013));
#3413=CARTESIAN_POINT('',(-0.0116402690602263,-0.00919007135040689,-0.0171023932513803));
#3414=CARTESIAN_POINT('',(-0.0117223874802736,-0.00926489749340611,-0.0173482209658026));
#3415=CARTESIAN_POINT('',(-0.0116334783584133,-0.00919878495453828,-0.0175941810724954));
#3416=CARTESIAN_POINT('',(-0.0125012583400065,-0.00796325861450785,-0.0171466529439039));
#3417=CARTESIAN_POINT('',(-0.0125805519042578,-0.00802281950484924,-0.0173803556894061));
#3418=CARTESIAN_POINT('',(-0.012495759000268,-0.00797201025510578,-0.0176141939581533));
#3419=CARTESIAN_POINT('',(-0.0128862045491592,-0.00731685323640426,-0.0171682380968528));
#3420=CARTESIAN_POINT('',(-0.0129641981677249,-0.00736952771509076,-0.017396033260048));
#3421=CARTESIAN_POINT('',(-0.0128813136403896,-0.00732557065103915,-0.0176239539280921));
#3422=CARTESIAN_POINT('',(-0.0135607522643802,-0.00595476442083187,-0.0172128580527787));
#3423=CARTESIAN_POINT('',(-0.0136338486638971,-0.00599475212562824,-0.0174284286542542));
#3424=CARTESIAN_POINT('',(-0.0135569084167998,-0.00596363935785506,-0.0176441259421565));
#3425=CARTESIAN_POINT('',(-0.0138427588392916,-0.00525386460022255,-0.0172353338943253));
#3426=CARTESIAN_POINT('',(-0.0139135195207519,-0.00528805535748559,-0.0174447525518037));
#3427=CARTESIAN_POINT('',(-0.0138394513943304,-0.00526272434869957,-0.0176542873308816));
#3428=CARTESIAN_POINT('',(-0.0142965796905444,-0.00382314385897444,-0.0172803032080906));
#3429=CARTESIAN_POINT('',(-0.0143610678556356,-0.00384731599923571,-0.0174774021921389));
#3430=CARTESIAN_POINT('',(-0.0142943124710444,-0.00383180719176152,-0.0176746186580742));
#3431=CARTESIAN_POINT('',(-0.0144691350843743,-0.00309180886195522,-0.0173028462089582));
#3432=CARTESIAN_POINT('',(-0.0145307202295153,-0.003111453261769,-0.0174937753864692));
#3433=CARTESIAN_POINT('',(-0.0144673729674283,-0.00310029119387423,-0.0176848109875146));
#3434=CARTESIAN_POINT('',(-0.0146443525637998,-0.00197029746763906,-0.0173367443546112));
#3435=CARTESIAN_POINT('',(-0.0147010283234972,-0.00198228139079142,-0.0175184304360106));
#3436=CARTESIAN_POINT('',(-0.0146432957765949,-0.00197840477288813,-0.0177001375829801));
#3437=CARTESIAN_POINT('',(-0.0146887959322214,-0.00159091542280025,-0.0173480998754772));
#3438=CARTESIAN_POINT('',(-0.0147437583152203,-0.00160111031765541,-0.0175266761659369));
#3439=CARTESIAN_POINT('',(-0.0146879663561314,-0.00159887982796248,-0.017705271878283));
#3440=CARTESIAN_POINT('',(-0.0147479482977206,-0.000835681069467451,-0.017370484016637));
#3441=CARTESIAN_POINT('',(-0.0147994135680074,-0.000842688407626027,-0.0175429282430926));
#3442=CARTESIAN_POINT('',(-0.0147475452144833,-0.000843334280418771,-0.0177153927332315));
#3443=CARTESIAN_POINT('',(-0.0147629244111283,-0.000458838162777716,-0.0173815434227791));
#3444=CARTESIAN_POINT('',(-0.0148127019260685,-0.000464353067656579,-0.017550959315659));
#3445=CARTESIAN_POINT('',(-0.01476272132636,-0.0004663228703585,-0.0177203932121133));
#3446=CARTESIAN_POINT('',(-0.0147649714713059,0.000669401041314223,-0.0174143301958191));
#3447=CARTESIAN_POINT('',(-0.014809625811528,0.000666113391985705,-0.0175747287978598));
#3448=CARTESIAN_POINT('',(-0.0147653263196321,0.00066245193800008,-0.0177352177257945));
#3449=CARTESIAN_POINT('',(-0.0147092779261196,0.00141884528755011,-0.0174364351776129));
#3450=CARTESIAN_POINT('',(-0.0147508143978301,0.00141770127856272,-0.0175907802155995));
#3451=CARTESIAN_POINT('',(-0.0147099770942424,0.0014119469231875,-0.0177452097051672));
#3452=CARTESIAN_POINT('',(-0.0144826934899731,0.00291107253569356,-0.0174815013902234));
#3453=CARTESIAN_POINT('',(-0.0145175184255097,0.0029130437878236,-0.017623500268279));
#3454=CARTESIAN_POINT('',(-0.0144839967152311,0.00290474550729319,-0.0177655840968985));
#3455=CARTESIAN_POINT('',(-0.0143096228951247,0.0036584503906092,-0.0175045492733022));
#3456=CARTESIAN_POINT('',(-0.0143413831769159,0.00366185326231048,-0.0176402395361582));
#3457=CARTESIAN_POINT('',(-0.0143111855271724,0.00365246810386113,-0.0177760042519587));
#3458=CARTESIAN_POINT('',(-0.0138572521680184,0.00509828407353366,-0.0175498982220342));
#3459=CARTESIAN_POINT('',(-0.0138829612501005,0.00510314977611094,-0.0176731652605979));
#3460=CARTESIAN_POINT('',(-0.0138592125911555,0.00509303987523964,-0.0177965071974558));
#3461=CARTESIAN_POINT('',(-0.0135778271003499,0.00579614343696468,-0.0175723569105344));
#3462=CARTESIAN_POINT('',(-0.013600866789865,0.00580174078114177,-0.0176894784677207));
#3463=CARTESIAN_POINT('',(-0.01357992875252,0.00579129398679153,-0.0178066612466223));
#3464=CARTESIAN_POINT('',(-0.0130792850976912,0.00680997722227339,-0.0176057171489536));
#3465=CARTESIAN_POINT('',(-0.0130980482920305,0.006816743821077,-0.0177137234978795));
#3466=CARTESIAN_POINT('',(-0.0130815149175035,0.00680572621385065,-0.0178217441987));
#3467=CARTESIAN_POINT('',(-0.0128998382458759,0.00714237125361413,-0.0176167425012624));
#3468=CARTESIAN_POINT('',(-0.0129174061383334,0.00714919497265213,-0.0177217294305719));
#3469=CARTESIAN_POINT('',(-0.0129020750437872,0.00713835674417684,-0.0178267293553495));
#3470=CARTESIAN_POINT('',(-0.0125136135872303,0.00779602265070516,-0.0176388537842509));
#3471=CARTESIAN_POINT('',(-0.0125289429543297,0.00780269005455721,-0.0177377830693253));
#3472=CARTESIAN_POINT('',(-0.0125159445268795,0.00779230286595869,-0.0178367255030455));
#3473=CARTESIAN_POINT('',(-0.0123064376278532,0.00811756380873108,-0.0176500984669054));
#3474=CARTESIAN_POINT('',(-0.0123207008170868,0.00812413248473758,-0.017745947624307));
#3475=CARTESIAN_POINT('',(-0.0123088023096173,0.00811399961100492,-0.0178418090899097));
#3476=CARTESIAN_POINT('',(-0.011654536205215,0.00904850169815513,-0.0176837684990313));
#3477=CARTESIAN_POINT('',(-0.0116663245829074,0.00905378742662318,-0.01777037368554));
#3478=CARTESIAN_POINT('',(-0.0116569594357582,0.00904541183229187,-0.017857031035461));
#3479=CARTESIAN_POINT('',(-0.0111765215154904,0.00963010154287261,-0.0177063170107795));
#3480=CARTESIAN_POINT('',(-0.0111865402361264,0.00963516965047951,-0.0177867499796808));
#3481=CARTESIAN_POINT('',(-0.0111789275925532,0.00962734017458934,-0.0178672251984655));
#3482=CARTESIAN_POINT('',(-0.0103957454156108,0.0104451391709006,-0.0177402852058552));
#3483=CARTESIAN_POINT('',(-0.010403025446372,0.0104498669197206,-0.017811428619887));
#3484=CARTESIAN_POINT('',(-0.010398049694624,0.0104428576098969,-0.0178825823272436));
#3485=CARTESIAN_POINT('',(-0.0101248141071703,0.0107072156367658,-0.0177516322704513));
#3486=CARTESIAN_POINT('',(-0.0101314058828357,0.0107116698829235,-0.0178196678023496));
#3487=CARTESIAN_POINT('',(-0.0101270718564107,0.0107050919129293,-0.0178877123938398));
#3488=CARTESIAN_POINT('',(-0.00956126787270951,0.0112118477395239,-0.0177743749947081));
#3489=CARTESIAN_POINT('',(-0.00956662217883955,0.0112156788706215,-0.0178361801912051));
#3490=CARTESIAN_POINT('',(-0.00956340966537294,0.0112100309331743,-0.0178979945243825));
#3491=CARTESIAN_POINT('',(-0.00926755127373099,0.0114552308555871,-0.0177858117373042));
#3492=CARTESIAN_POINT('',(-0.00927233230158359,0.0114587751794628,-0.0178444845538431));
#3493=CARTESIAN_POINT('',(-0.00926962334427666,0.0114535636360732,-0.0179031651622086));
#3494=CARTESIAN_POINT('',(-0.00836071353634025,0.0121491026150609,-0.0178198993945507));
#3495=CARTESIAN_POINT('',(-0.00836443898785712,0.0121513796522767,-0.0178692220027171));
#3496=CARTESIAN_POINT('',(-0.00836254855788952,0.0121478611624804,-0.0179185764631662));
#3497=CARTESIAN_POINT('',(-0.00772778205004034,0.0125597616313929,-0.0178419177009874));
#3498=CARTESIAN_POINT('',(-0.00773058467890516,0.012561686466935,-0.0178852145005895));
#3499=CARTESIAN_POINT('',(-0.00772940665759141,0.0125587787217862,-0.0179285312872048));
#3500=CARTESIAN_POINT('',(-0.00640704337912628,0.0132807960954466,-0.0178859479624694));
#3501=CARTESIAN_POINT('',(-0.00640874136671131,0.0132817047815339,-0.0179171825004295));
#3502=CARTESIAN_POINT('',(-0.00640831606656927,0.0132801970551317,-0.0179484370480995));
#3503=CARTESIAN_POINT('',(-0.00571931449995564,0.0135911159146123,-0.0179083717494833));
#3504=CARTESIAN_POINT('',(-0.005720439562237,0.0135917349467576,-0.0179334678349756));
#3505=CARTESIAN_POINT('',(-0.0057203682577842,0.0135906887939075,-0.0179585747924352));
#3506=CARTESIAN_POINT('',(-0.00428725043987114,0.0141077769329409,-0.0179540597213239));
#3507=CARTESIAN_POINT('',(-0.00428780215096239,0.0141078127101528,-0.0179666395837665));
#3508=CARTESIAN_POINT('',(-0.00428780661189584,0.0141076231686258,-0.0179792303248013));
#3509=CARTESIAN_POINT('',(-0.00354886887981267,0.0143112075655853,-0.01797712702809));
#3510=CARTESIAN_POINT('',(-0.00354900787026244,0.0143111806298057,-0.0179833928185914));
#3511=CARTESIAN_POINT('',(-0.00354914863914468,0.0143111533494054,-0.0179896585703956));
#3512=CARTESIAN_POINT('',(-0.00280151977642345,0.0144560406730995,-0.018));
#3513=CARTESIAN_POINT('',(-0.00280151977642345,0.0144560406730995,-0.018));
#3514=CARTESIAN_POINT('',(-0.00280151977642346,0.0144560406730995,-0.018));
#3515=CARTESIAN_POINT('',(-0.00280151977642348,0.0144560406730995,-0.018));
#3516=CARTESIAN_POINT('',(-0.0033320192001897,0.0143532321198677,-0.0179926613377569));
#3517=CARTESIAN_POINT('',(-0.00433971471661283,0.0140975575010318,-0.0179785871451373));
#3518=CARTESIAN_POINT('',(-0.00546031798689415,0.0136889823469441,-0.0179625084646488));
#3519=CARTESIAN_POINT('',(-0.0062734070174423,0.0133284433189693,-0.017950557213391));
#3520=CARTESIAN_POINT('',(-0.00674749777644558,0.0130926690675384,-0.017943464938927));
#3521=CARTESIAN_POINT('',(-0.00710627448645345,0.0129001641827197,-0.0179380241225512));
#3522=CARTESIAN_POINT('',(-0.00736631958508518,0.0127536498457088,-0.0179340429437887));
#3523=CARTESIAN_POINT('',(-0.00757191130150121,0.0126325036989187,-0.0179308660131401));
#3524=CARTESIAN_POINT('',(-0.00771732640107703,0.0125438124004127,-0.017928601943679));
#3525=CARTESIAN_POINT('',(-0.00779026094745827,0.0124987351739913,-0.0179274629443151));
#3526=CARTESIAN_POINT('',(-0.0078696006091257,0.0124489863839902,-0.0179262199224208));
#3527=CARTESIAN_POINT('',(-0.00785187634544482,0.0124600935020593,-0.0179264972748141));
#3528=CARTESIAN_POINT('',(-0.00786577972161595,0.0124513585101709,-0.0179262777057931));
#3529=CARTESIAN_POINT('',(-0.00788162771412132,0.012441353430317,-0.0179260233943195));
#3530=CARTESIAN_POINT('',(-0.00793449965560104,0.012407885207858,-0.0179251769231369));
#3531=CARTESIAN_POINT('',(-0.0080288990433603,0.0123472702362726,-0.0179236562499263));
#3532=CARTESIAN_POINT('',(-0.00820140109098106,0.0122342844132561,-0.0179208605230027));
#3533=CARTESIAN_POINT('',(-0.00849997309106348,0.0120319625261911,-0.0179159703687961));
#3534=CARTESIAN_POINT('',(-0.00898352039609167,0.0116790818808589,-0.0179078575856671));
#3535=CARTESIAN_POINT('',(-0.00957919148329313,0.0112008725346605,-0.0178975145473455));
#3536=CARTESIAN_POINT('',(-0.0102702073074398,0.0105774181543283,-0.0178849291601051));
#3537=CARTESIAN_POINT('',(-0.0109032100570226,0.00992313714722961,-0.0178726421921272));
#3538=CARTESIAN_POINT('',(-0.0113679435255768,0.00937809400306706,-0.0178629867805234));
#3539=CARTESIAN_POINT('',(-0.0116298841842956,0.00905074825673166,-0.0178573397767518));
#3540=CARTESIAN_POINT('',(-0.0118448222762441,0.00876827050530143,-0.0178525623466472));
#3541=CARTESIAN_POINT('',(-0.0119919513977445,0.00856615395004089,-0.0178491996070796));
#3542=CARTESIAN_POINT('',(-0.0121995308760793,0.00827149040918474,-0.0178443526546741));
#3543=CARTESIAN_POINT('',(-0.0125283698216449,0.00777561086096676,-0.0178363577597246));
#3544=CARTESIAN_POINT('',(-0.0131000809852469,0.00680911256399883,-0.0178212932870379));
#3545=CARTESIAN_POINT('',(-0.0136805748529361,0.00556382216455307,-0.0178029208877171));
#3546=CARTESIAN_POINT('',(-0.0140360661114586,0.00455109562716112,-0.0177885721811978));
#3547=CARTESIAN_POINT('',(-0.0142270807424769,0.00390117510263247,-0.0177794953273196));
#3548=CARTESIAN_POINT('',(-0.0143143953388598,0.00356580819941061,-0.0177748402053675));
#3549=CARTESIAN_POINT('',(-0.0143627115944144,0.00336550265258443,-0.0177720618135047));
#3550=CARTESIAN_POINT('',(-0.0143858098391922,0.00326653673158878,-0.0177706883199517));
#3551=CARTESIAN_POINT('',(-0.0144013061332927,0.00319817051484783,-0.0177697384915043));
#3552=CARTESIAN_POINT('',(-0.0144073367798213,0.00317149899280608,-0.0177693675385512));
#3553=CARTESIAN_POINT('',(-0.0144332401070583,0.00305426904972897,-0.0177677370288591));
#3554=CARTESIAN_POINT('',(-0.014473303617513,0.00286415176140912,-0.0177651012732489));
#3555=CARTESIAN_POINT('',(-0.0145492864997292,0.00247156658494773,-0.0177596858028198));
#3556=CARTESIAN_POINT('',(-0.0146372678948645,0.0019128602815208,-0.0177520553034378));
#3557=CARTESIAN_POINT('',(-0.0147124033282016,0.0012356085943577,-0.0177429062902743));
#3558=CARTESIAN_POINT('',(-0.0147562006647414,0.000556167066193177,-0.0177338100613907));
#3559=CARTESIAN_POINT('',(-0.01476662858768,-1.16029879633361E-5,-0.017726261492812));
#3560=CARTESIAN_POINT('',(-0.014759331195544,-0.000465383465445626,-0.0177202507113613));
#3561=CARTESIAN_POINT('',(-0.0147459088584409,-0.00080670824785218,-0.0177157384453861));
#3562=CARTESIAN_POINT('',(-0.014728560650957,-0.00108717671816552,-0.0177120360124579));
#3563=CARTESIAN_POINT('',(-0.0147122805454277,-0.00129048680858645,-0.017709354159372));
#3564=CARTESIAN_POINT('',(-0.0147031151029962,-0.00139532260917413,-0.0177079715437533));
#3565=CARTESIAN_POINT('',(-0.0146926128301481,-0.00150563847191151,-0.0177065170825287));
#3566=CARTESIAN_POINT('',(-0.0146936244789853,-0.00149461969405876,-0.0177066619326005));
#3567=CARTESIAN_POINT('',(-0.0146906526028129,-0.00152509448648377,-0.01770625780693));
#3568=CARTESIAN_POINT('',(-0.014686694366851,-0.0015643458870462,-0.0177057323501307));
#3569=CARTESIAN_POINT('',(-0.0146780419957295,-0.00164775779588204,-0.0177046097603308));
#3570=CARTESIAN_POINT('',(-0.0146643515404635,-0.0017703383760562,-0.0177029476529257));
#3571=CARTESIAN_POINT('',(-0.0146400531244465,-0.00197117698006172,-0.0177002130580426));
#3572=CARTESIAN_POINT('',(-0.0145966860095245,-0.0022886201728233,-0.0176958703162981));
#3573=CARTESIAN_POINT('',(-0.0145154438213796,-0.00277550971623172,-0.0176891734657735));
#3574=CARTESIAN_POINT('',(-0.0143943686214513,-0.00336576055874681,-0.0176810057796122));
#3575=CARTESIAN_POINT('',(-0.0142206154907461,-0.00405588180708986,-0.0176713794200436));
#3576=CARTESIAN_POINT('',(-0.0139794220764006,-0.00484038460842925,-0.0176603132051957));
#3577=CARTESIAN_POINT('',(-0.0136539382639811,-0.00571201181068129,-0.0176478212138963));
#3578=CARTESIAN_POINT('',(-0.013298283476105,-0.00650098876048018,-0.0176362629451713));
#3579=CARTESIAN_POINT('',(-0.0129518621434867,-0.00716547267238411,-0.0176262980810006));
#3580=CARTESIAN_POINT('',(-0.0127114189105258,-0.00758693239257816,-0.0176198671869567));
#3581=CARTESIAN_POINT('',(-0.0125212705319615,-0.00789676895940708,-0.0176150622197468));
#3582=CARTESIAN_POINT('',(-0.0124311771243237,-0.00803904651928013,-0.0176128391464566));
#3583=CARTESIAN_POINT('',(-0.0123641596956889,-0.00814268120040961,-0.0176112113870751));
#3584=CARTESIAN_POINT('',(-0.0123505148502839,-0.00816350440230567,-0.0176108831303521));
#3585=CARTESIAN_POINT('',(-0.0123303346859971,-0.0081944121094157,-0.0176103953860869));
#3586=CARTESIAN_POINT('',(-0.0122983297841785,-0.00824298788362408,-0.0176096252044499));
#3587=CARTESIAN_POINT('',(-0.0122385677902379,-0.00833289590996659,-0.0176081918573651));
#3588=CARTESIAN_POINT('',(-0.0121445311142143,-0.00847151342662758,-0.0176059573913466));
#3589=CARTESIAN_POINT('',(-0.0119736804092694,-0.00871581100859438,-0.0176019617521473));
#3590=CARTESIAN_POINT('',(-0.0117202734412814,-0.00906128651625116,-0.0175961917558842));
#3591=CARTESIAN_POINT('',(-0.0112206456137217,-0.00969143725899013,-0.0175853272445952));
#3592=CARTESIAN_POINT('',(-0.0105614275691064,-0.0104256015544259,-0.0175720018940869));
#3593=CARTESIAN_POINT('',(-0.00971599981197498,-0.0112165434608477,-0.0175564325130919));
#3594=CARTESIAN_POINT('',(-0.00896161990115292,-0.0118386480956509,-0.0175433476857974));
#3595=CARTESIAN_POINT('',(-0.00815381424687898,-0.012415272727126,-0.0175301511410162));
#3596=CARTESIAN_POINT('',(-0.0071723458975117,-0.0130258196987229,-0.0175148435659925));
#3597=CARTESIAN_POINT('',(-0.00628460759730822,-0.013477288555312,-0.0175017210659325));
#3598=CARTESIAN_POINT('',(-0.00553146914379978,-0.0138022063242747,-0.0174908811727742));
#3599=CARTESIAN_POINT('',(-0.00505007176770433,-0.0139894353365947,-0.0174840306166375));
#3600=CARTESIAN_POINT('',(-0.00460068080461811,-0.0141459217392151,-0.0174776517837639));
#3601=CARTESIAN_POINT('',(-0.00439727331713207,-0.0142118943778923,-0.0174747432727752));
#3602=CARTESIAN_POINT('',(-0.00400189942188847,-0.0143338142300265,-0.0174691322454952));
#3603=CARTESIAN_POINT('',(-0.00331698129074425,-0.014519993095666,-0.0174595275153003));
#3604=CARTESIAN_POINT('',(-0.00210942663569293,-0.0147804778126608,-0.0174429459297289));
#3605=CARTESIAN_POINT('',(-0.000764984167382848,-0.0149088777305562,-0.01742517968391));
#3606=CARTESIAN_POINT('',(6.25876016211238E-17,-0.014916148097384,-0.0174152473705175));
#3607=CARTESIAN_POINT('',(1.10049090742491E-14,-0.014916148097384,-0.0174152473705175));
#3608=CARTESIAN_POINT('',(-0.00280151977642345,0.0144560406730995,-0.018));
#3609=CARTESIAN_POINT('',(-0.00579091618998039,0.0138767082430426,-0.01790850811236));
#3610=CARTESIAN_POINT('',(-0.00994957149869026,0.011592638802008,-0.0177733299724361));
#3611=CARTESIAN_POINT('',(-0.0134550877855682,0.00657374580031303,-0.0175951680976431));
#3612=CARTESIAN_POINT('',(-0.0148264928787822,0.00219929701018648,-0.0174581205225729));
#3613=CARTESIAN_POINT('',(-0.0148148549475807,-0.00238118037132795,-0.0173261595155742));
#3614=CARTESIAN_POINT('',(-0.0134297677548428,-0.00673938311934152,-0.0171899112514917));
#3615=CARTESIAN_POINT('',(-0.010806944473666,-0.0104761401230143,-0.0170574839273533));
#3616=CARTESIAN_POINT('',(-0.00718926752622621,-0.0132576200528226,-0.0169244653490749));
#3617=CARTESIAN_POINT('',(-0.00291443167344836,-0.0148336908819982,-0.016790197213512));
#3618=CARTESIAN_POINT('',(0.00163025503721398,-0.0150700698113654,-0.0166601494110365));
#3619=CARTESIAN_POINT('',(0.00603101568639954,-0.0139588050903415,-0.0165259756834724));
#3620=CARTESIAN_POINT('',(0.0112002365990037,-0.010830851481248,-0.0163542079793132));
#3621=CARTESIAN_POINT('',(0.0146013528967223,-0.00566736547612548,-0.016180453417788));
#3622=CARTESIAN_POINT('',(0.0155064969267847,0.000216091094314562,-0.0160113870863422));
#3623=CARTESIAN_POINT('',(0.0151287588359113,0.0031723887430606,-0.015927238899092));
#3624=CARTESIAN_POINT('',(0.0147587799629085,0.0045991257316613,-0.0158850515916494));
#3625=CARTESIAN_POINT('',(0.,-0.014916148097384,-0.0174152473705175));
#3626=CARTESIAN_POINT('',(0.000439846933253302,-0.0149203283780868,-0.0174095365365263));
#3627=CARTESIAN_POINT('',(0.0013949179533064,-0.0148910295537475,-0.0173969461126876));
#3628=CARTESIAN_POINT('',(0.00276469924240202,-0.0147074747685901,-0.0173784700222045));
#3629=CARTESIAN_POINT('',(0.0039523495711315,-0.0144363084216631,-0.0173621640470347));
#3630=CARTESIAN_POINT('',(0.00488058105729012,-0.0141628436997169,-0.0173492516181975));
#3631=CARTESIAN_POINT('',(0.00568901329068627,-0.0138639302248929,-0.0173378227341305));
#3632=CARTESIAN_POINT('',(0.00633161669114769,-0.0135884261974541,-0.0173286065151532));
#3633=CARTESIAN_POINT('',(0.00686355706173025,-0.0133347747993792,-0.0173208883401923));
#3634=CARTESIAN_POINT('',(0.00722726774916515,-0.0131458479124638,-0.0173155299930168));
#3635=CARTESIAN_POINT('',(0.00775970825856367,-0.0128521137579902,-0.0173075511620341));
#3636=CARTESIAN_POINT('',(0.008388168597903,-0.0124662602566004,-0.0172978514101239));
#3637=CARTESIAN_POINT('',(0.0091199662631024,-0.0119567525100251,-0.0172860868706111));
#3638=CARTESIAN_POINT('',(0.00981654954061989,-0.0114079893511851,-0.0172743675082397));
#3639=CARTESIAN_POINT('',(0.0104789997526996,-0.0108204149751562,-0.0172626587872112));
#3640=CARTESIAN_POINT('',(0.0111033851154533,-0.0101984224592505,-0.0172510142480803));
#3641=CARTESIAN_POINT('',(0.0115945719585311,-0.00964803557185724,-0.0172412877746138));
#3642=CARTESIAN_POINT('',(0.0119147585958862,-0.00925743367782984,-0.0172346437020607));
#3643=CARTESIAN_POINT('',(0.0121019787582449,-0.0090177186807475,-0.0172306486713807));
#3644=CARTESIAN_POINT('',(0.0122133741957793,-0.00887218932256257,-0.0172282442353785));
#3645=CARTESIAN_POINT('',(0.0124232033331381,-0.00858700298693026,-0.0172236027260356));
#3646=CARTESIAN_POINT('',(0.0126567285653411,-0.00825308712875317,-0.017218262540236));
#3647=CARTESIAN_POINT('',(0.0130580946750044,-0.00764227260188273,-0.017208689150098));
#3648=CARTESIAN_POINT('',(0.0135542828932709,-0.00677418145017444,-0.0171956133252813));
#3649=CARTESIAN_POINT('',(0.014050687900916,-0.00572827932785733,-0.0171804931784428));
#3650=CARTESIAN_POINT('',(0.0145837439924506,-0.00435089536729014,-0.0171612358932514));
#3651=CARTESIAN_POINT('',(0.015031033591841,-0.00268147493493917,-0.0171387963326995));
#3652=CARTESIAN_POINT('',(0.0152835917144222,-0.000821278211204793,-0.0171145018689308));
#3653=CARTESIAN_POINT('',(0.0153206090494878,0.000858510867313861,-0.0170928262852326));
#3654=CARTESIAN_POINT('',(0.0151681272876276,0.00282910651277957,-0.0170673943953128));
#3655=CARTESIAN_POINT('',(0.0149169847439109,0.00398879171047109,-0.0170521840127613));
#3656=CARTESIAN_POINT('',(0.0147516038808653,0.00462239168741984,-0.0170437093566556));
#3657=CARTESIAN_POINT('',(0.015855361563963,9.09283719297514E-7,-0.00320555218032787));
#3658=CARTESIAN_POINT('',(0.0156151566197236,8.95508287925636E-7,-0.00411181269651795));
#3659=CARTESIAN_POINT('',(0.0156021485767451,-0.000935271569859161,-0.00416109282682737));
#3660=CARTESIAN_POINT('',(0.0160257118959214,9.1905308234874E-7,-0.00325070365972459));
#3661=CARTESIAN_POINT('',(0.0156861433055852,8.9957927913037E-7,-0.00412582796170904));
#3662=CARTESIAN_POINT('',(0.0156667160383791,-0.000930371999270413,-0.00417793072380867));
#3663=CARTESIAN_POINT('',(0.0161841630252061,9.28140042086762E-7,-0.00332219930072922));
#3664=CARTESIAN_POINT('',(0.0157535145559096,9.03442929997877E-7,-0.00415223488749417));
#3665=CARTESIAN_POINT('',(0.0157267219265956,-0.000926693192236676,-0.00420476062838135));
#3666=CARTESIAN_POINT('',(0.0164770176340997,9.44934861108321E-7,-0.0035177186120117));
#3667=CARTESIAN_POINT('',(0.0158780514620978,9.10584954512662E-7,-0.00422954794459606));
#3668=CARTESIAN_POINT('',(0.0158375284510034,-0.000921529390831003,-0.00427833094935282));
#3669=CARTESIAN_POINT('',(0.0166040388658738,9.52219358380045E-7,-0.00363696674793082));
#3670=CARTESIAN_POINT('',(0.015932230257149,9.13692035742786E-7,-0.00427858955585343));
#3671=CARTESIAN_POINT('',(0.0158855374841468,-0.00092017683929329,-0.00432327515339145));
#3672=CARTESIAN_POINT('',(0.0169241541929804,9.70577543027006E-7,-0.004056284365972));
#3673=CARTESIAN_POINT('',(0.0160664912948062,9.21391726187142E-7,-0.00445348869198658));
#3674=CARTESIAN_POINT('',(0.0160063713860412,-0.000919542472218215,-0.00448148260147778));
#3675=CARTESIAN_POINT('',(0.0170389723065606,9.7716220783838E-7,-0.00440215294400804));
#3676=CARTESIAN_POINT('',(0.016110628956803,9.23922961859289E-7,-0.00460129814876631));
#3677=CARTESIAN_POINT('',(0.0160494591318792,-0.000923806981753059,-0.0046121742074927));
#3678=CARTESIAN_POINT('',(0.0170362096739309,9.77003774562509E-7,-0.00475250783035117));
#3679=CARTESIAN_POINT('',(0.0161018249331013,9.23418062940748E-7,-0.00474513978669049));
#3680=CARTESIAN_POINT('',(0.0160479444937319,-0.000931935548961858,-0.00474471449478599));
#3681=CARTESIAN_POINT('',(0.0160479799388879,-0.000931646328308887,-0.00473997229418302));
#3682=CARTESIAN_POINT('',(0.0160521377699747,-0.000860026027940864,-0.00468229252914579));
#3683=CARTESIAN_POINT('',(0.0160587914007059,-0.000726825555711844,-0.00457110510460433));
#3684=CARTESIAN_POINT('',(0.0160640424808762,-0.000600226155605527,-0.00446020556390033));
#3685=CARTESIAN_POINT('',(0.0160698426982967,-0.000417978995332896,-0.00427509178077696));
#3686=CARTESIAN_POINT('',(0.016073415093509,-0.000248733134918552,-0.00406560323615098));
#3687=CARTESIAN_POINT('',(0.0160752214186449,-5.39796976484402E-5,-0.00372621781287262));
#3688=CARTESIAN_POINT('',(0.0160749999770218,8.60536763322436E-7,-0.00342761417070808));
#3689=CARTESIAN_POINT('',(0.0160749999746558,9.02672143290655E-7,-0.00328132575615081));
#3690=CARTESIAN_POINT('',(0.0160479799388879,-0.000931646328308885,-0.00473997229418302));
#3691=CARTESIAN_POINT('',(0.0160749999746213,9.02672143301995E-7,-0.00328132575615081));
#3692=CARTESIAN_POINT('',(0.0160479796687583,-0.000931646312626957,-0.00473997229421351));
#3693=CARTESIAN_POINT('',(0.0160488774337061,-0.00091566951852518,-0.00447656495589828));
#3694=CARTESIAN_POINT('',(0.0158588760439045,-0.000915790327231272,-0.00422804219316042));
#3695=CARTESIAN_POINT('',(0.0156021485767451,-0.000935271569859161,-0.00416109282682737));
#3696=CARTESIAN_POINT('',(0.0156021485767451,-0.000935271569859144,-0.00416109282682737));
#3697=CARTESIAN_POINT('',(0.015855418339135,-0.000989090714652709,-0.00320555218032787));
#3698=CARTESIAN_POINT('',(0.015855361563963,9.09283719297466E-7,-0.00320555218032787));
#3699=CARTESIAN_POINT('',(0.0160749999735198,9.21879687490105E-7,-0.0032813257561508));
#3700=CARTESIAN_POINT('',(0.0160036507358501,9.17787904408674E-7,-0.00325070907976843));
#3701=CARTESIAN_POINT('',(0.0159304379326644,9.13589248344461E-7,-0.00322545122116078));
#3702=CARTESIAN_POINT('',(0.0158553615639629,9.09283719297466E-7,-0.00320555218032787));
#3703=CARTESIAN_POINT('',(0.0158210722852985,-0.000989091466107139,-0.00319645247283096));
#3704=CARTESIAN_POINT('',(0.015430496157927,-0.000934542231016911,-0.00411555491260983));
#3705=CARTESIAN_POINT('',(0.0154340046382466,-0.0006849114776916,-0.00410223238870164));
#3706=CARTESIAN_POINT('',(0.015491873215477,-0.000198307445640209,-0.00388373087115541));
#3707=CARTESIAN_POINT('',(0.0156194874132373,7.9008438362565E-7,-0.00340211903629484));
#3708=CARTESIAN_POINT('',(0.0156835264851912,9.00673801200241E-7,-0.00316044922618928));
#3709=CARTESIAN_POINT('',(0.0154304956032303,-0.000934542113182949,-0.00411555697357491));
#3710=CARTESIAN_POINT('',(0.0156835813715545,8.96821481149987E-7,-0.0031602450180919));
#3711=CARTESIAN_POINT('',(0.0157694980776615,9.04359563524577E-7,-0.00318279668759691));
#3712=CARTESIAN_POINT('',(0.0163737346308962,0.0672215334816079,-0.0019981079288238));
#3713=CARTESIAN_POINT('',(0.015717216060246,-0.000989099337016848,-0.00315263918971346));
#3714=CARTESIAN_POINT('',(0.0156836795510952,9.00922519780911E-7,-0.00316022022745552));
#3715=CARTESIAN_POINT('',(0.0156735344378305,8.41019770891813E-7,-0.00311981370705016));
#3716=CARTESIAN_POINT('',(0.0156539338986292,-2.11426079619434E-6,-0.00304433512601257));
#3717=CARTESIAN_POINT('',(0.0156175072137753,-3.27421070004733E-5,-0.00290847076363294));
#3718=CARTESIAN_POINT('',(0.0155950432319202,-5.9206322705734E-5,-0.00282559965284024));
#3719=CARTESIAN_POINT('',(0.0155679520981104,-0.000106741908492733,-0.00272675550542151));
#3720=CARTESIAN_POINT('',(0.0155684358899384,-0.000106586137308039,-0.00272854697204781));
#3721=CARTESIAN_POINT('',(0.0155562207076419,-0.000131007709535032,-0.00268380854783836));
#3722=CARTESIAN_POINT('',(0.0155344008587277,-0.000179026113148613,-0.00260388166616108));
#3723=CARTESIAN_POINT('',(0.0154950540554953,-0.000310873358734357,-0.00245999860901701));
#3724=CARTESIAN_POINT('',(0.0154833249357762,-0.000367242880638746,-0.00241716290832632));
#3725=CARTESIAN_POINT('',(0.0154613656025527,-0.000479285686144605,-0.00233686760639043));
#3726=CARTESIAN_POINT('',(0.0154346892791124,-0.000680522421577681,-0.00223928449858744));
#3727=CARTESIAN_POINT('',(0.0154249006160836,-0.000880080951622121,-0.00220335271289177));
#3728=CARTESIAN_POINT('',(0.015425669219698,-0.00101107513100663,-0.00220615765762867));
#3729=CARTESIAN_POINT('',(0.0154256696614598,-0.00101107509267331,-0.00220615932533994));
#3730=CARTESIAN_POINT('',(0.015370445166406,0.0450299986354568,-0.00168201416940908));
#3731=CARTESIAN_POINT('',(0.0155974208074458,-0.00101105338829957,-0.0021597800590645));
#3732=CARTESIAN_POINT('',(0.0158554177817168,-0.000989090714684696,-0.00311531927973246));
#3733=CARTESIAN_POINT('',(0.0158553610065447,9.0928368733028E-7,-0.00311531927973246));
#3734=CARTESIAN_POINT('',(0.0141249878954201,8.10049110125689E-7,0.00317812770710606));
#3735=CARTESIAN_POINT('',(0.0155974208074458,-0.00101105338829963,-0.0021597800590645));
#3736=CARTESIAN_POINT('',(0.01559151338433,8.94152380088346E-7,-0.0021381158763559));
#3737=CARTESIAN_POINT('',(0.0158553610065447,9.09283687330247E-7,-0.00311531927973246));
#3738=CARTESIAN_POINT('',(0.0156622608467546,-0.00100308660586401,-0.00214209004129229));
#3739=CARTESIAN_POINT('',(0.0156558566550053,8.9784238026347E-7,-0.00212914456759522));
#3740=CARTESIAN_POINT('',(0.0160257847343161,9.19057259532895E-7,-0.00306930438939978));
#3741=CARTESIAN_POINT('',(0.0157225513894699,-0.000995208372104195,-0.0021144968350136));
#3742=CARTESIAN_POINT('',(0.015718702383965,9.01446498624342E-7,-0.00210967547219087));
#3743=CARTESIAN_POINT('',(0.0161841989417022,9.28142101849603E-7,-0.00299703490294274));
#3744=CARTESIAN_POINT('',(0.0158339823678705,-0.000979527897495984,-0.00203962279927503));
#3745=CARTESIAN_POINT('',(0.0158391656373808,9.08354904626522E-7,-0.00204755116984115));
#3746=CARTESIAN_POINT('',(0.0164768381954707,9.4492457054359E-7,-0.00280031628562805));
#3747=CARTESIAN_POINT('',(0.0158823810677303,-0.000972106281688539,-0.00199411236604169));
#3748=CARTESIAN_POINT('',(0.0158939154706997,9.11494734138924E-7,-0.00200648862232474));
#3749=CARTESIAN_POINT('',(0.0166038644652543,9.52209356738586E-7,-0.00268051687070923));
#3750=CARTESIAN_POINT('',(0.0160044005641634,-0.000950979203735396,-0.00183466438274141));
#3751=CARTESIAN_POINT('',(0.0160361474771183,9.19651548926225E-7,-0.00185357907192256));
#3752=CARTESIAN_POINT('',(0.0169237718273656,9.70555614872003E-7,-0.00226026571135967));
#3753=CARTESIAN_POINT('',(0.0160485612670875,-0.000939311369797042,-0.00170338243918973));
#3754=CARTESIAN_POINT('',(0.0160959506576727,9.2308118119486E-7,-0.00171582171713748));
#3755=CARTESIAN_POINT('',(0.0170389782299307,9.77162547535576E-7,-0.00191363408996182));
#3756=CARTESIAN_POINT('',(0.0160479778535792,-0.00093136021590188,-0.00157071001998469));
#3757=CARTESIAN_POINT('',(0.0161023695758749,9.23449297473253E-7,-0.00157028022374275));
#3758=CARTESIAN_POINT('',(0.0170362095665519,9.77003768404341E-7,-0.00156290821568698));
#3759=CARTESIAN_POINT('',(0.0160749999746558,9.02672143290655E-7,-0.00303847267234685));
#3760=CARTESIAN_POINT('',(0.0160749999773078,8.55443309720221E-7,-0.00289195319128381));
#3761=CARTESIAN_POINT('',(0.0160750514129553,-4.56873820614467E-5,-0.00265919415728185));
#3762=CARTESIAN_POINT('',(0.0160743286327951,-0.000161813911948753,-0.00240213378461573));
#3763=CARTESIAN_POINT('',(0.0160724686066276,-0.000293526519222917,-0.00219568880208811));
#3764=CARTESIAN_POINT('',(0.0160698817073863,-0.000416163117209974,-0.00204446210658344));
#3765=CARTESIAN_POINT('',(0.0160640926608037,-0.000599252550813595,-0.00185733466303007));
#3766=CARTESIAN_POINT('',(0.0160586141704604,-0.000730836515459794,-0.00174130573693833));
#3767=CARTESIAN_POINT('',(0.0160520334327076,-0.000861823279021256,-0.00163169136502155));
#3768=CARTESIAN_POINT('',(0.0160479799388879,-0.000931646328308887,-0.00157545713761287));
#3769=CARTESIAN_POINT('',(0.0160749999746213,9.02672143301995E-7,-0.00303847267234685));
#3770=CARTESIAN_POINT('',(0.0160479799388879,-0.000931646328308888,-0.00157545713761287));
#3771=CARTESIAN_POINT('',(0.0158553610065447,9.09283687330281E-7,-0.00311531927973246));
#3772=CARTESIAN_POINT('',(0.0159304395098711,9.13589338795145E-7,-0.00309504787607301));
#3773=CARTESIAN_POINT('',(0.0160036524988627,9.17788005515086E-7,-0.00306943234027781));
#3774=CARTESIAN_POINT('',(0.0160749999735198,9.21879687490105E-7,-0.00303847267234685));
#3775=CARTESIAN_POINT('',(0.0155974208074458,-0.00101105338829963,-0.0021597800590645));
#3776=CARTESIAN_POINT('',(0.0158552324332313,-0.000979376515182361,-0.00208944246668088));
#3777=CARTESIAN_POINT('',(0.0160470194561432,-0.000947629797206305,-0.00183914846886787));
#3778=CARTESIAN_POINT('',(0.0160479796457991,-0.00093164631129417,-0.00157545713757697));
#3779=CARTESIAN_POINT('',(0.016021964749881,0.0013047109080301,-0.00150265286030861));
#3780=CARTESIAN_POINT('',(0.0160212792156539,0.00131312932865842,-0.0019633965529258));
#3781=CARTESIAN_POINT('',(0.015577346161557,0.00127916468808157,-0.00208224913691265));
#3782=CARTESIAN_POINT('',(0.0160617214475999,0.00081649516191789,-0.00151129722629837));
#3783=CARTESIAN_POINT('',(0.0160611171272417,0.000827097061646396,-0.0019717269310301));
#3784=CARTESIAN_POINT('',(0.0156164480832613,0.000807091129224833,-0.0020907571578533));
#3785=CARTESIAN_POINT('',(0.0160790610692808,0.000328326656867862,-0.00152639918003014));
#3786=CARTESIAN_POINT('',(0.0160786810126015,0.000346721545306567,-0.00198654929307162));
#3787=CARTESIAN_POINT('',(0.0156336143828784,0.000342392820091983,-0.00210553181834697));
#3788=CARTESIAN_POINT('',(0.0160693485621612,-0.000648104969152017,-0.00156426743045291));
#3789=CARTESIAN_POINT('',(0.0160700973504113,-0.000629430185384527,-0.00202440968827619));
#3790=CARTESIAN_POINT('',(0.0156255866840504,-0.000606664941798989,-0.0021433865753308));
#3791=CARTESIAN_POINT('',(0.0160422932827463,-0.00113646897505325,-0.00158343865110113));
#3792=CARTESIAN_POINT('',(0.0160436196439506,-0.00111770525240846,-0.00204357761312179));
#3793=CARTESIAN_POINT('',(0.0156000051299508,-0.0010814022155714,-0.00216255215096048));
#3794=CARTESIAN_POINT('',(0.0159430191520393,-0.00211349847849893,-0.00162226361273169));
#3795=CARTESIAN_POINT('',(0.0159455130815333,-0.00209466393126001,-0.00208239738978454));
#3796=CARTESIAN_POINT('',(0.0155049446962274,-0.00203130376806391,-0.00220136820622852));
#3797=CARTESIAN_POINT('',(0.0158702240652498,-0.00260462266794924,-0.00164201846012203));
#3798=CARTESIAN_POINT('',(0.0158733109320013,-0.00258580629100662,-0.00210215032466366));
#3799=CARTESIAN_POINT('',(0.0154349092742734,-0.00250885944713203,-0.00222111978745591));
#3800=CARTESIAN_POINT('',(0.0156810587070151,-0.0035710599197963,-0.00168137099365855));
#3801=CARTESIAN_POINT('',(0.0156853096354396,-0.00355238783611378,-0.00214150057824612));
#3802=CARTESIAN_POINT('',(0.0152524426590367,-0.00344873241306195,-0.00226046840460654));
#3803=CARTESIAN_POINT('',(0.0155648984712217,-0.00404699805160068,-0.00170099066642214));
#3804=CARTESIAN_POINT('',(0.0155697212906023,-0.0040284508261798,-0.00216111984901499));
#3805=CARTESIAN_POINT('',(0.0151402165592417,-0.00391165659352075,-0.00228008740679315));
#3806=CARTESIAN_POINT('',(0.015153206421512,-0.00545348427552915,-0.00175968392015098));
#3807=CARTESIAN_POINT('',(0.0151596937040557,-0.00543546293706631,-0.00221981413484362));
#3808=CARTESIAN_POINT('',(0.0147420132462686,-0.0052798812090318,-0.00233878244720932));
#3809=CARTESIAN_POINT('',(0.0147949918393173,-0.00636288254087389,-0.00179859315777946));
#3810=CARTESIAN_POINT('',(0.0148025219018851,-0.0063454108750824,-0.00225872692598849));
#3811=CARTESIAN_POINT('',(0.0143950252619494,-0.00616480724503399,-0.00237769794128486));
#3812=CARTESIAN_POINT('',(0.0141284891387022,-0.0076833929904815,-0.00185661779318844));
#3813=CARTESIAN_POINT('',(0.0141373978092978,-0.00766701900906334,-0.00231676137617221));
#3814=CARTESIAN_POINT('',(0.0137487088825649,-0.00745015553320355,-0.00243573930781773));
#3815=CARTESIAN_POINT('',(0.0138848277146068,-0.00811545070056018,-0.00187571513364781));
#3816=CARTESIAN_POINT('',(0.0138941751781669,-0.00809944992804412,-0.00233586169676608));
#3817=CARTESIAN_POINT('',(0.0135123451101463,-0.00787072566454158,-0.00245484167756926));
#3818=CARTESIAN_POINT('',(0.0133610733406161,-0.00895157527612956,-0.00191422179904832));
#3819=CARTESIAN_POINT('',(0.0133715315118258,-0.00893595821941118,-0.0023743611808496));
#3820=CARTESIAN_POINT('',(0.0130044793218924,-0.00868419205428883,-0.00249333600719299));
#3821=CARTESIAN_POINT('',(0.0130801864109425,-0.00935729946212658,-0.00193366538304015));
#3822=CARTESIAN_POINT('',(0.0130911820066357,-0.00934192495395072,-0.00239380184248682));
#3823=CARTESIAN_POINT('',(0.0127320405075714,-0.00907899274466503,-0.00251277458911588));
#3824=CARTESIAN_POINT('',(0.012180021531461,-0.0105371494992157,-0.00199257184796724));
#3825=CARTESIAN_POINT('',(0.0121925531860514,-0.0105226492756558,-0.00245270178719492));
#3826=CARTESIAN_POINT('',(0.0118587181191526,-0.0102272879373724,-0.002571669766252));
#3827=CARTESIAN_POINT('',(0.0115154419433191,-0.0112584419135851,-0.00203182561182514));
#3828=CARTESIAN_POINT('',(0.0115288782159498,-0.0112447037867372,-0.00249195406166151));
#3829=CARTESIAN_POINT('',(0.0112136666187546,-0.0109295795512559,-0.00261092112997436));
#3830=CARTESIAN_POINT('',(0.0104305952104622,-0.0122411756654892,-0.002090396469565));
#3831=CARTESIAN_POINT('',(0.010445138678325,-0.0122287844074379,-0.00255052725438815));
#3832=CARTESIAN_POINT('',(0.0101602373504396,-0.011886812338448,-0.00266949596775537));
#3833=CARTESIAN_POINT('',(0.0100539743286759,-0.0125524347133437,-0.0021098842513987));
#3834=CARTESIAN_POINT('',(0.0100688464870444,-0.0125405259123468,-0.00257001653110546));
#3835=CARTESIAN_POINT('',(0.00979445324806061,-0.0121900655198751,-0.00268898633665283));
#3836=CARTESIAN_POINT('',(0.00927028241051388,-0.0131418370505705,-0.00214878702018341));
#3837=CARTESIAN_POINT('',(0.00928572059782754,-0.0131309499171231,-0.00260892376404606));
#3838=CARTESIAN_POINT('',(0.0090331635544584,-0.012764444439331,-0.0027278967737111));
#3839=CARTESIAN_POINT('',(0.00886169048819321,-0.0134208898008443,-0.00216827087561906));
#3840=CARTESIAN_POINT('',(0.00887736712778075,-0.0134105436445965,-0.00262841058083089));
#3841=CARTESIAN_POINT('',(0.00863617994516904,-0.0130364570483074,-0.00274738573436183));
#3842=CARTESIAN_POINT('',(0.00802055715233554,-0.0139398889637278,-0.00220681180058876));
#3843=CARTESIAN_POINT('',(0.00803660630121468,-0.0139306595561557,-0.00266695881526283));
#3844=CARTESIAN_POINT('',(0.00781879539799823,-0.013542502570021,-0.00278593921520458));
#3845=CARTESIAN_POINT('',(0.00758923045709581,-0.0141793062397851,-0.00222581921751145));
#3846=CARTESIAN_POINT('',(0.00760567645103651,-0.0141704997150919,-0.00268596241298464));
#3847=CARTESIAN_POINT('',(0.00739990485243501,-0.013775823695905,-0.00280493998156306));
#3848=CARTESIAN_POINT('',(0.00670519540463834,-0.0146181222788064,-0.00226456398628181));
#3849=CARTESIAN_POINT('',(0.00672236300035142,-0.0146102437401766,-0.00272470079665698));
#3850=CARTESIAN_POINT('',(0.00654124109713624,-0.0142036604300112,-0.00284367378235346));
#3851=CARTESIAN_POINT('',(0.00625080272520331,-0.0148180689923914,-0.00228421472339855));
#3852=CARTESIAN_POINT('',(0.00626828994588456,-0.0148106901318596,-0.00274434901596639));
#3853=CARTESIAN_POINT('',(0.00609982476442186,-0.014398701452973,-0.00286332021329453));
#3854=CARTESIAN_POINT('',(0.00487389559261101,-0.0153498886068612,-0.00234299715474313));
#3855=CARTESIAN_POINT('',(0.00489218868726309,-0.015344072161222,-0.00280312622784332));
#3856=CARTESIAN_POINT('',(0.00476203696795557,-0.0149177662792288,-0.00292209360874931));
#3857=CARTESIAN_POINT('',(0.00393453406780464,-0.0156166582630176,-0.00238210987479373));
#3858=CARTESIAN_POINT('',(0.00395316968954417,-0.0156119685654894,-0.00284223831608439));
#3859=CARTESIAN_POINT('',(0.00384910031234569,-0.0151785717323987,-0.00296120540082803));
#3860=CARTESIAN_POINT('',(0.00249401965286008,-0.0158878641777237,-0.00244066801854948));
#3861=CARTESIAN_POINT('',(0.00251284973467147,-0.0158849096166978,-0.00290080007997105));
#3862=CARTESIAN_POINT('',(0.00244869746864249,-0.0154444578621469,-0.00301976971524177));
#3863=CARTESIAN_POINT('',(0.00200857021035887,-0.0159566410861829,-0.00246016878703347));
#3864=CARTESIAN_POINT('',(0.00202741307837131,-0.0159542722139257,-0.00292030276844038));
#3865=CARTESIAN_POINT('',(0.00197669850732795,-0.0155120696792895,-0.00303927380106884));
#3866=CARTESIAN_POINT('',(0.00102682307659656,-0.0160497471448173,-0.00249913197620703));
#3867=CARTESIAN_POINT('',(0.00104558259088452,-0.0160485499146677,-0.00295927127997847));
#3868=CARTESIAN_POINT('',(0.00102201601167653,-0.0156040768400086,-0.00307824613275007));
#3869=CARTESIAN_POINT('',(0.000531412120713884,-0.016073785594457,-0.0025185570738728));
#3870=CARTESIAN_POINT('',(0.000550075644937953,-0.0160731731838331,-0.00297869976004288));
#3871=CARTESIAN_POINT('',(0.000540194151859943,-0.0156281880508656,-0.00309767705772101));
#3872=CARTESIAN_POINT('',(-0.00045521001863907,-0.0160761240981011,-0.0025567729490569));
#3873=CARTESIAN_POINT('',(-0.000436843371574841,-0.0160766487375495,-0.00301692370910326));
#3874=CARTESIAN_POINT('',(-0.000419497783091493,-0.0156318977301321,-0.00313590680196634));
#3875=CARTESIAN_POINT('',(-0.000948227399877431,-0.0160546325310114,-0.00257602911647641));
#3876=CARTESIAN_POINT('',(-0.000929493349940758,-0.0160557358641527,-0.00303616928703435));
#3877=CARTESIAN_POINT('',(-0.000898407389125306,-0.0156117229256087,-0.00315514468949012));
#3878=CARTESIAN_POINT('',(-0.00193366015045625,-0.0159659424817399,-0.00261506875990638));
#3879=CARTESIAN_POINT('',(-0.00191482773237559,-0.0159682201740088,-0.00307520335057963));
#3880=CARTESIAN_POINT('',(-0.00185644502827282,-0.0155269619724398,-0.00319417474816102));
#3881=CARTESIAN_POINT('',(-0.00242176166365252,-0.0158990693728081,-0.00263464494828233));
#3882=CARTESIAN_POINT('',(-0.00240293433539683,-0.0159019356977224,-0.0030947774659928));
#3883=CARTESIAN_POINT('',(-0.00233104524617812,-0.0154626791315895,-0.00321374739525676));
#3884=CARTESIAN_POINT('',(-0.00386641680834778,-0.0156337868724034,-0.00269328778205113));
#3885=CARTESIAN_POINT('',(-0.00384776485552197,-0.0156383938256639,-0.00315341636751319));
#3886=CARTESIAN_POINT('',(-0.00373593972110597,-0.0152069266888153,-0.00327238342171362));
#3887=CARTESIAN_POINT('',(-0.00480622489945583,-0.0153709957468539,-0.00273237811047926));
#3888=CARTESIAN_POINT('',(-0.00478789818785098,-0.0153767337283858,-0.00319250690915654));
#3889=CARTESIAN_POINT('',(-0.00465015094908586,-0.0149528310881801,-0.00331147427324736));
#3890=CARTESIAN_POINT('',(-0.00618083882594498,-0.0148473323249053,-0.00279100618673996));
#3891=CARTESIAN_POINT('',(-0.00616329792818659,-0.0148546364008296,-0.00325113990026208));
#3892=CARTESIAN_POINT('',(-0.00598771202169659,-0.0144456339642871,-0.00337011072701792));
#3893=CARTESIAN_POINT('',(-0.00663529953572034,-0.0146499716301391,-0.00281064187350456));
#3894=CARTESIAN_POINT('',(-0.00661807081339097,-0.014657778705957,-0.00327077795469623));
#3895=CARTESIAN_POINT('',(-0.00642998953165754,-0.0142543692988869,-0.00338975049977614));
#3896=CARTESIAN_POINT('',(-0.00752092610905938,-0.0142156441695296,-0.00284942510800875));
#3897=CARTESIAN_POINT('',(-0.00750440694940923,-0.0142243876703722,-0.00330956733788315));
#3898=CARTESIAN_POINT('',(-0.00729200165851058,-0.0138332434019629,-0.00342854429608652));
#3899=CARTESIAN_POINT('',(-0.00795078529817156,-0.0139796079231069,-0.00286836902360918));
#3900=CARTESIAN_POINT('',(-0.00793472670481612,-0.0139887362721122,-0.00332851717961093));
#3901=CARTESIAN_POINT('',(-0.00771054484629877,-0.013604227456484,-0.00344749830249789));
#3902=CARTESIAN_POINT('',(-0.0092025032359457,-0.0132164578219,-0.00292542148135741));
#3903=CARTESIAN_POINT('',(-0.00918697658063243,-0.0132272487304822,-0.00338555852608077));
#3904=CARTESIAN_POINT('',(-0.0089282865905393,-0.0128642847933018,-0.00350453152869022));
#3905=CARTESIAN_POINT('',(-0.00998680226521504,-0.0126347655524271,-0.00296410573088425));
#3906=CARTESIAN_POINT('',(-0.0099718274436949,-0.0126465967459973,-0.00342423788659721));
#3907=CARTESIAN_POINT('',(-0.00969157576641314,-0.0122999961795553,-0.0035432075238779));
#3908=CARTESIAN_POINT('',(-0.0110864756049401,-0.011650650515031,-0.00302312617016439));
#3909=CARTESIAN_POINT('',(-0.0110725962141215,-0.0116638564072614,-0.0034832555237702));
#3910=CARTESIAN_POINT('',(-0.0107621942754996,-0.0113448444511316,-0.00360222318727469));
#3911=CARTESIAN_POINT('',(-0.0114408104718923,-0.0113029646168232,-0.0030430113532313));
#3912=CARTESIAN_POINT('',(-0.0114273416178414,-0.0113165986378871,-0.00350314051310385));
#3913=CARTESIAN_POINT('',(-0.0111072399371482,-0.0110073191106315,-0.00362210805769927));
#3914=CARTESIAN_POINT('',(-0.0121125918682633,-0.0105798994142572,-0.00308252409366801));
#3915=CARTESIAN_POINT('',(-0.0121000118617224,-0.010594302823967,-0.00354265440487375));
#3916=CARTESIAN_POINT('',(-0.0117615492470257,-0.0103052332036225,-0.00366162277578588));
#3917=CARTESIAN_POINT('',(-0.0124313735288502,-0.0102034665819856,-0.00310221929998971));
#3918=CARTESIAN_POINT('',(-0.0124192725296758,-0.0102182134447869,-0.00356235092628346));
#3919=CARTESIAN_POINT('',(-0.0120721124324348,-0.00993965046791821,-0.00368132026090217));
#3920=CARTESIAN_POINT('',(-0.0130345870231882,-0.00942068570956629,-0.00314148685116597));
#3921=CARTESIAN_POINT('',(-0.0130235019997433,-0.00943602699008419,-0.00360162260549103));
#3922=CARTESIAN_POINT('',(-0.0126599129358973,-0.00917928225638477,-0.00372059490294808));
#3923=CARTESIAN_POINT('',(-0.0133182188013287,-0.00901505155548597,-0.00316101631512277));
#3924=CARTESIAN_POINT('',(-0.0133076695648932,-0.00903064321690066,-0.00362115486234402));
#3925=CARTESIAN_POINT('',(-0.0129363712112906,-0.00878518956417332,-0.00374012918189425));
#3926=CARTESIAN_POINT('',(-0.013842973854148,-0.0081864633060626,-0.00319936418273008));
#3927=CARTESIAN_POINT('',(-0.0138335238322742,-0.00820245047140026,-0.00365950963993649));
#3928=CARTESIAN_POINT('',(-0.0134479910115295,-0.00798003182069885,-0.00377848891911895));
#3929=CARTESIAN_POINT('',(-0.0140852369767879,-0.00776207587453914,-0.00321815858498853));
#3930=CARTESIAN_POINT('',(-0.0140762565230064,-0.00777836425420083,-0.00367830327867015));
#3931=CARTESIAN_POINT('',(-0.0136841395600123,-0.00756776904774722,-0.00379728192123749));
#3932=CARTESIAN_POINT('',(-0.0147525346428417,-0.00645915914877935,-0.00327547374602247));
#3933=CARTESIAN_POINT('',(-0.0147449041305184,-0.00647655033826644,-0.0037356084864597));
#3934=CARTESIAN_POINT('',(-0.014334662974611,-0.00630229660014804,-0.0038545798545798));
#3935=CARTESIAN_POINT('',(-0.015118964420859,-0.00554991665879276,-0.00331444784821454));
#3936=CARTESIAN_POINT('',(-0.0151123671095655,-0.00556788253272382,-0.00377457850116812));
#3937=CARTESIAN_POINT('',(-0.0146922514036715,-0.00541893693085139,-0.00389354708304327));
#3938=CARTESIAN_POINT('',(-0.0155438513533118,-0.00412784070378612,-0.00337387643105317));
#3939=CARTESIAN_POINT('',(-0.015538931834187,-0.004146363600389,-0.00383400559269676));
#3940=CARTESIAN_POINT('',(-0.0151074906405365,-0.00403691668444847,-0.00395297312413911));
#3941=CARTESIAN_POINT('',(-0.0156631343816495,-0.00364899593834719,-0.00339364217467614));
#3942=CARTESIAN_POINT('',(-0.0156587891845427,-0.00366765242740805,-0.00385377158896653));
#3943=CARTESIAN_POINT('',(-0.0152241956086249,-0.00357149157587337,-0.00397273932200247));
#3944=CARTESIAN_POINT('',(-0.0158574006627327,-0.00268175208348018,-0.00343308684994491));
#3945=CARTESIAN_POINT('',(-0.0158542196752414,-0.00270056815681169,-0.00389321828917649));
#3946=CARTESIAN_POINT('',(-0.0154145520670545,-0.00263121684264189,-0.00401218747555996));
#3947=CARTESIAN_POINT('',(-0.015932542533918,-0.00219155229580699,-0.00345283712177121));
#3948=CARTESIAN_POINT('',(-0.0159299535217042,-0.0022103947564403,-0.00391297032039649));
#3949=CARTESIAN_POINT('',(-0.0154883605201878,-0.00215461612697829,-0.00403194078898277));
#3950=CARTESIAN_POINT('',(-0.0160891064947016,-0.00072043698100508,-0.00351139793041391));
#3951=CARTESIAN_POINT('',(-0.0160882774289131,-0.000739196194761046,-0.00397153852126778));
#3952=CARTESIAN_POINT('',(-0.0156428112939237,-0.000724106936861262,-0.00409051439445007));
#3953=CARTESIAN_POINT('',(-0.0161025864314111,0.000256768048743914,-0.00354878459393029));
#3954=CARTESIAN_POINT('',(-0.0161028702857666,0.000238138326365966,-0.00400892918255889));
#3955=CARTESIAN_POINT('',(-0.0156573211359746,0.000226212829775323,-0.00412790763859528));
#3956=CARTESIAN_POINT('',(-0.0159904679287806,0.00171725335102934,-0.00360644279438899));
#3957=CARTESIAN_POINT('',(-0.0159924860641745,0.00169843069143003,-0.00406657845782398));
#3958=CARTESIAN_POINT('',(-0.0155504826605795,0.00164603944867765,-0.0041855506237954));
#3959=CARTESIAN_POINT('',(-0.0159309005013691,0.00220319208206792,-0.00362585915783991));
#3960=CARTESIAN_POINT('',(-0.0159335034760719,0.00218435792188516,-0.00408599253958359));
#3961=CARTESIAN_POINT('',(-0.0154932984294295,0.00211851585755668,-0.00420496308587359));
#3962=CARTESIAN_POINT('',(-0.0157663608434695,0.00317324942110153,-0.00366509493063039));
#3963=CARTESIAN_POINT('',(-0.0157701326500408,0.00315450052844881,-0.00412522522146596));
#3964=CARTESIAN_POINT('',(-0.0153347815224263,0.00306183444773047,-0.00424419354940475));
#3965=CARTESIAN_POINT('',(-0.0156609561423492,0.00365835951721011,-0.00368495719874153));
#3966=CARTESIAN_POINT('',(-0.0156653131368191,0.00363970754377443,-0.00414508666365121));
#3967=CARTESIAN_POINT('',(-0.0152330298010276,0.00353364157370269,-0.00426405441873269));
#3968=CARTESIAN_POINT('',(-0.0154070678845392,0.00461209289270592,-0.00372449328485027));
#3969=CARTESIAN_POINT('',(-0.0154125618311875,0.00459373972308527,-0.00418462264584062));
#3970=CARTESIAN_POINT('',(-0.0149875986396063,0.00446135685540061,-0.00430359032632259));
#3971=CARTESIAN_POINT('',(-0.0152583956275094,0.00508243630001588,-0.00374423560188116));
#3972=CARTESIAN_POINT('',(-0.0152644435768758,0.00506428436237859,-0.00420436565275504));
#3973=CARTESIAN_POINT('',(-0.0148437383473994,0.00491893742344409,-0.00432333384853191));
#3974=CARTESIAN_POINT('',(-0.0149174196178926,0.00601002394446396,-0.00378366854324857));
#3975=CARTESIAN_POINT('',(-0.0149245320324585,0.00599237456088889,-0.00424380149344882));
#3976=CARTESIAN_POINT('',(-0.0145135400043124,0.00582148761065478,-0.00436277177016738));
#3977=CARTESIAN_POINT('',(-0.0147253366538911,0.00646610595289953,-0.00380331191200086));
#3978=CARTESIAN_POINT('',(-0.0147329582666984,0.00644875717160307,-0.00426344705189587));
#3979=CARTESIAN_POINT('',(-0.0143274147360336,0.00626532691057694,-0.00438241891865477));
#3980=CARTESIAN_POINT('',(-0.0140930989148024,0.00779435379206013,-0.0038612786201669));
#3981=CARTESIAN_POINT('',(-0.0141021421324334,0.00777802874155027,-0.00432142233194917));
#3982=CARTESIAN_POINT('',(-0.0137144666976792,0.00755810893206068,-0.0044404004647193));
#3983=CARTESIAN_POINT('',(-0.0135950332295874,0.00863362859072945,-0.00389859209231285));
#3984=CARTESIAN_POINT('',(-0.0136050749616811,0.00861779496823193,-0.00435873348533266));
#3985=CARTESIAN_POINT('',(-0.0132314423844337,0.00837477114054536,-0.00447770966736853));
#3986=CARTESIAN_POINT('',(-0.012446569509151,0.010219950029727,-0.00397603881612961));
#3987=CARTESIAN_POINT('',(-0.012458694555703,0.0102051656828207,-0.00443616997888056));
#3988=CARTESIAN_POINT('',(-0.0121173784886148,0.00991850939182944,-0.00455513881835708));
#3989=CARTESIAN_POINT('',(-0.0117915491252814,0.010969881912714,-0.00401583136422444));
#3990=CARTESIAN_POINT('',(-0.0118046321255426,0.01095582149303,-0.00447596013720896));
#3991=CARTESIAN_POINT('',(-0.0114816884393985,0.0106485996047176,-0.0045949274171914));
#3992=CARTESIAN_POINT('',(-0.010719089262851,0.0119895821075314,-0.0040750963060559));
#3993=CARTESIAN_POINT('',(-0.0107333561366384,0.011976827611128,-0.0045352262491362));
#3994=CARTESIAN_POINT('',(-0.0104403990824075,0.0116417239279948,-0.00465419435331218));
#3995=CARTESIAN_POINT('',(-0.0103442891373609,0.0123143996857221,-0.00409491590376796));
#3996=CARTESIAN_POINT('',(-0.0103589122260324,0.0123021187914214,-0.00455504698285226));
#3997=CARTESIAN_POINT('',(-0.010076419875891,0.0119581491024951,-0.00467401592227454));
#3998=CARTESIAN_POINT('',(-0.00957008801611984,0.0129252532950327,-0.00413415614356986));
#3999=CARTESIAN_POINT('',(-0.00958532732764298,0.0129139724102327,-0.00459429097847282));
#4000=CARTESIAN_POINT('',(-0.00932442131807276,0.0125533579846907,-0.00471326261347098));
#4001=CARTESIAN_POINT('',(-0.00917155224973641,0.0132108671990924,-0.00415354030036133));
#4002=CARTESIAN_POINT('',(-0.00918705184393701,0.013200111166275,-0.00461367772286867));
#4003=CARTESIAN_POINT('',(-0.00893724299442479,0.0128317296545842,-0.00473265123265143));
#4004=CARTESIAN_POINT('',(-0.00794256106452567,0.0140098672378822,-0.00421100372276088));
#4005=CARTESIAN_POINT('',(-0.00795869233831449,0.0140007385242677,-0.00467115087091791));
#4006=CARTESIAN_POINT('',(-0.00774305942637818,0.013610672274839,-0.00479013148911844));
#4007=CARTESIAN_POINT('',(-0.00707899828993354,0.0144658801359712,-0.00424852464683104));
#4008=CARTESIAN_POINT('',(-0.00709592949727971,0.0144575839843452,-0.00470866316940429));
#4009=CARTESIAN_POINT('',(-0.00690440337606533,0.0140551063458855,-0.00482763731138763));
#4010=CARTESIAN_POINT('',(-0.00571604887728027,0.0150324475787157,-0.00430712501104782));
#4011=CARTESIAN_POINT('',(-0.00573386618287233,0.01502567005571,-0.00476725701841895));
#4012=CARTESIAN_POINT('',(-0.0055802848741537,0.0146079027555286,-0.00488622657032853));
#4013=CARTESIAN_POINT('',(-0.00524905526100538,0.0152017881294333,-0.00432694799844609));
#4014=CARTESIAN_POINT('',(-0.005267123150397,0.0151955486414933,-0.00478707855415057));
#4015=CARTESIAN_POINT('',(-0.00512652981081213,0.0147732333814892,-0.00490604708375624));
#4016=CARTESIAN_POINT('',(-0.00431101343501997,0.0154939377379782,-0.00436627126950464));
#4017=CARTESIAN_POINT('',(-0.00432947549303191,0.0154888001111354,-0.00482640046919952));
#4018=CARTESIAN_POINT('',(-0.00421494366829209,0.0150586838699282,-0.00494536802551788));
#4019=CARTESIAN_POINT('',(-0.00383782000013149,0.0156177775280213,-0.00438586522022209));
#4020=CARTESIAN_POINT('',(-0.00385642788751256,0.0156132058414312,-0.00484599447800803));
#4021=CARTESIAN_POINT('',(-0.00375502887311914,0.015179808837599,-0.00496496209580012));
#4022=CARTESIAN_POINT('',(-0.00240596304166913,0.0159238756562222,-0.00444444792145228));
#4023=CARTESIAN_POINT('',(-0.00242485098377025,0.015921025342297,-0.00490457956750538));
#4024=CARTESIAN_POINT('',(-0.00236315011081762,0.0154796038081779,-0.00502354893138904));
#4025=CARTESIAN_POINT('',(-0.0014351274792673,0.0160412702276477,-0.00448323925396949));
#4026=CARTESIAN_POINT('',(-0.00145399471898053,0.0160395991385077,-0.00494337534864377));
#4027=CARTESIAN_POINT('',(-0.00141915353179004,0.0155952363083667,-0.00506234805540609));
#4028=CARTESIAN_POINT('',(0.000540281383513719,0.01609627402304,-0.0045602738460418));
#4029=CARTESIAN_POINT('',(0.000521892043469553,0.0160969077236593,-0.00502042463813449));
#4030=CARTESIAN_POINT('',(0.000502188774784244,0.015651627448998,-0.00513940789428225));
#4031=CARTESIAN_POINT('',(0.00152887809739001,0.0160326500191923,-0.00459871693229437));
#4032=CARTESIAN_POINT('',(0.001510015467183,0.016034440947281,-0.00505885290272598));
#4033=CARTESIAN_POINT('',(0.00146282615287177,0.0155912117992316,-0.0051778252345243));
#4034=CARTESIAN_POINT('',(0.00348229197522652,0.0157244070627118,-0.00467748560729492));
#4035=CARTESIAN_POINT('',(0.00346354663447483,0.0157285505649399,-0.00513761462594141));
#4036=CARTESIAN_POINT('',(0.00336232750187036,0.0152944560059222,-0.00525658196811225));
#4037=CARTESIAN_POINT('',(0.00443028937878371,0.0154832430951284,-0.00471666713748937));
#4038=CARTESIAN_POINT('',(0.00441181630089036,0.0154885344958666,-0.0051767955951945));
#4039=CARTESIAN_POINT('',(0.00428443468638803,0.0150614099454827,-0.00529576269312089));
#4040=CARTESIAN_POINT('',(0.00581086601583512,0.0149959202810852,-0.00477514690972567));
#4041=CARTESIAN_POINT('',(0.0057930970991513,0.0150028070999857,-0.00523527907147498));
#4042=CARTESIAN_POINT('',(0.00562769061510176,0.0145895838580755,-0.00535424877909431));
#4043=CARTESIAN_POINT('',(0.00626411031258643,0.0148124144302726,-0.00479459108925705));
#4044=CARTESIAN_POINT('',(0.00624662429315677,0.0148198124393349,-0.00525472519506081));
#4045=CARTESIAN_POINT('',(0.00606874838158889,0.0144118007226463,-0.0053736963169972));
#4046=CARTESIAN_POINT('',(0.00715644758792459,0.0144024982966042,-0.00483337939630641));
#4047=CARTESIAN_POINT('',(0.00713961984866564,0.0144108631190197,-0.00529351885057251));
#4048=CARTESIAN_POINT('',(0.00693722060215745,0.0140144484647806,-0.00541249381136431));
#4049=CARTESIAN_POINT('',(0.00759715812470516,0.0141750724090748,-0.00485279667743694));
#4050=CARTESIAN_POINT('',(0.00758070704647253,0.0141838946765139,-0.0053129395327913));
#4051=CARTESIAN_POINT('',(0.0073662100513218,0.0137938937455503,-0.00543191695227287));
#4052=CARTESIAN_POINT('',(0.00845293165426432,0.0136820113953549,-0.00489103741465122));
#4053=CARTESIAN_POINT('',(0.00843730953191388,0.0136916683662164,-0.00535118839436577));
#4054=CARTESIAN_POINT('',(0.00819934659193096,0.013315532473265,-0.00547017164525841));
#4055=CARTESIAN_POINT('',(0.00886853130802355,0.0134163533661544,-0.00491030480947563));
#4056=CARTESIAN_POINT('',(0.0088528694982695,0.0134267024772225,-0.00537044482288507));
#4057=CARTESIAN_POINT('',(0.00860339031459049,0.0130580925131811,-0.00548942011298577));
#4058=CARTESIAN_POINT('',(0.00967516704492172,0.0128468100266088,-0.00494927629288804));
#4059=CARTESIAN_POINT('',(0.00966000926642754,0.0128582217818952,-0.00540941078162932));
#4060=CARTESIAN_POINT('',(0.00938833553782024,0.0125056455021906,-0.0055283821064753));
#4061=CARTESIAN_POINT('',(0.0100667801574967,0.0125422025482492,-0.00496899367845502));
#4062=CARTESIAN_POINT('',(0.010051924552603,0.0125541243008383,-0.00542912610088211));
#4063=CARTESIAN_POINT('',(0.00976949086150081,0.0122101085449547,-0.00554809596201415));
#4064=CARTESIAN_POINT('',(0.0111872942356233,0.0115851285141041,-0.00502783640563892));
#4065=CARTESIAN_POINT('',(0.0111734689527203,0.0115984711988714,-0.00548796496370849));
#4066=CARTESIAN_POINT('',(0.010860289821677,0.0112813081595425,-0.00560693199920364));
#4067=CARTESIAN_POINT('',(0.0118683999912928,0.0108859170428143,-0.00506693614222898));
#4068=CARTESIAN_POINT('',(0.011855425780939,0.0109000730081366,-0.00552706498726838));
#4069=CARTESIAN_POINT('',(0.0115236193730512,0.010602468863834,-0.00564603238562827));
#4070=CARTESIAN_POINT('',(0.0127925287171233,0.00974658682953489,-0.00512539516439845));
#4071=CARTESIAN_POINT('',(0.0127810174617201,0.00976169847669307,-0.00558552899425815));
#4072=CARTESIAN_POINT('',(0.0124240160394102,0.0094958746351846,-0.00570449990475135));
#4073=CARTESIAN_POINT('',(0.0130842168609794,0.00935163198894563,-0.00514484953811234));
#4074=CARTESIAN_POINT('',(0.0130732235090184,0.00936701922031632,-0.00560498573560356));
#4075=CARTESIAN_POINT('',(0.0127082849966857,0.009112197330655,-0.00572395836450103));
#4076=CARTESIAN_POINT('',(0.013633851044699,0.00853040781046079,-0.00518369222009074));
#4077=CARTESIAN_POINT('',(0.0136239436705512,0.00854624895012936,-0.00564383462088157));
#4078=CARTESIAN_POINT('',(0.0132440782989056,0.00831427329159522,-0.0057628117022628));
#4079=CARTESIAN_POINT('',(0.0138898520139695,0.00810684500074227,-0.00520279826285769));
#4080=CARTESIAN_POINT('',(0.0138805324828231,0.00812280417127779,-0.00566294617350935));
#4081=CARTESIAN_POINT('',(0.0134937364947688,0.00790258380735501,-0.00578192711973121));
#4082=CARTESIAN_POINT('',(0.0145962182499688,0.00680655839197803,-0.00526041450837859));
#4083=CARTESIAN_POINT('',(0.0145882076402707,0.00682369706604125,-0.00572055129308464));
#4084=CARTESIAN_POINT('',(0.0141821949990868,0.00663976484900557,-0.00583952410691333));
#4085=CARTESIAN_POINT('',(0.0149882600522715,0.00589190798810389,-0.00529986198380009));
#4086=CARTESIAN_POINT('',(0.0149812716112179,0.00590967524418828,-0.00575999391551372));
#4087=CARTESIAN_POINT('',(0.0145646725421173,0.00575121446227245,-0.00587896339562341));
#4088=CARTESIAN_POINT('',(0.0155920976999159,0.00403100588576585,-0.00537812225690514));
#4089=CARTESIAN_POINT('',(0.0155872842016436,0.00404960975843712,-0.00583825072370915));
#4090=CARTESIAN_POINT('',(0.0151545346017547,0.00394286415530173,-0.00595721771693084));
#4091=CARTESIAN_POINT('',(0.0158078818931263,0.00307911085973706,-0.00541719462193121));
#4092=CARTESIAN_POINT('',(0.015804224846108,0.00309793423571012,-0.00587732421953794));
#4093=CARTESIAN_POINT('',(0.0153658037106035,0.00301758623639279,-0.00599629218080318));
#4094=CARTESIAN_POINT('',(0.0160008272361479,0.0016187216923682,-0.00547571531599322));
#4095=CARTESIAN_POINT('',(0.015998924928931,0.00163754837791439,-0.00593585119074524));
#4096=CARTESIAN_POINT('',(0.0155556213307901,0.00159761872344411,-0.00605482357463706));
#4097=CARTESIAN_POINT('',(0.0160432144107398,0.00112393601491396,-0.00549530541045199));
#4098=CARTESIAN_POINT('',(0.0160419031175722,0.00114271012093125,-0.00595544410486648));
#4099=CARTESIAN_POINT('',(0.0155975809525958,0.00111645956731382,-0.00607441853071859));
#4100=CARTESIAN_POINT('',(0.0160819252627758,0.00014014505729338,-0.00553378681354461));
#4101=CARTESIAN_POINT('',(0.0160817674105291,0.000158707520695019,-0.00599393249265433));
#4102=CARTESIAN_POINT('',(0.0156366763724236,0.000159628039139823,-0.00611291193174964));
#4103=CARTESIAN_POINT('',(0.0160786152482317,-0.000349637954483208,-0.00555262655050721));
#4104=CARTESIAN_POINT('',(0.0160790160857692,-0.000331033907121877,-0.00601277101790127));
#4105=CARTESIAN_POINT('',(0.0156341603612243,-0.000316546876702568,-0.00613174949831963));
#4106=CARTESIAN_POINT('',(0.016002301693472,-0.0018127121974104,-0.00561001164499251));
#4107=CARTESIAN_POINT('',(0.0160044254610678,-0.00179383414523578,-0.00607014623180288));
#4108=CARTESIAN_POINT('',(0.0155621212953836,-0.00173878443974659,-0.00618911749070371));
#4109=CARTESIAN_POINT('',(0.0158634709597953,-0.0027798049094763,-0.00564886459867363));
#4110=CARTESIAN_POINT('',(0.0158667727571473,-0.00276095056257908,-0.00610899517715439));
#4111=CARTESIAN_POINT('',(0.0154286128411049,-0.00267914555888697,-0.00622796370694755));
#4112=CARTESIAN_POINT('',(0.015519657448226,-0.00421766617888092,-0.00570806354893939));
#4113=CARTESIAN_POINT('',(0.0155246829662637,-0.00419917193503391,-0.00616819271326455));
#4114=CARTESIAN_POINT('',(0.015096482701024,-0.00407766805426864,-0.00628716024705246));
#4115=CARTESIAN_POINT('',(0.0153821823408573,-0.00469440682912228,-0.005727936534775));
#4116=CARTESIAN_POINT('',(0.0153877746444303,-0.00467608644210091,-0.00618806597443775));
#4117=CARTESIAN_POINT('',(0.0149635255508024,-0.00454143429792778,-0.00630703372602043));
#4118=CARTESIAN_POINT('',(0.0150653774628202,-0.00562880013390414,-0.00576738066520214));
#4119=CARTESIAN_POINT('',(0.0150720565492756,-0.00561092693315757,-0.00622751217851073));
#4120=CARTESIAN_POINT('',(0.0146568570551622,-0.00545053189687262,-0.00634648141837796));
#4121=CARTESIAN_POINT('',(0.0148856503984645,-0.00608831934524091,-0.00578702814757745));
#4122=CARTESIAN_POINT('',(0.014892851971076,-0.00607071929521476,-0.0062471614326596));
#4123=CARTESIAN_POINT('',(0.0144827622629373,-0.00589767860626579,-0.00636613196372207));
#4124=CARTESIAN_POINT('',(0.0144832229604919,-0.00699188621987079,-0.00582617272880807));
#4125=CARTESIAN_POINT('',(0.0144914135240106,-0.00697492643582083,-0.00628631103953404));
#4126=CARTESIAN_POINT('',(0.0140927192173837,-0.00677704684182278,-0.00640528517772031));
#4127=CARTESIAN_POINT('',(0.0142618580524362,-0.00743269252583017,-0.00584553053171771));
#4128=CARTESIAN_POINT('',(0.0142705117382974,-0.0074160972866005,-0.00630567206030451));
#4129=CARTESIAN_POINT('',(0.0138780648262911,-0.00720611405824354,-0.00642464852462572));
#4130=CARTESIAN_POINT('',(0.0137828944249852,-0.00828717892657582,-0.00588357455032478));
#4131=CARTESIAN_POINT('',(0.0137923951770349,-0.00827138606550898,-0.00634372380076505));
#4132=CARTESIAN_POINT('',(0.01341342620925,-0.00803796542746404,-0.00646270580752591));
#4133=CARTESIAN_POINT('',(0.0135248760433206,-0.0087018062858542,-0.00590251062668736));
#4134=CARTESIAN_POINT('',(0.0135350037000021,-0.00868605925432513,-0.00636265198685066));
#4135=CARTESIAN_POINT('',(0.013163333904076,-0.0084411723961212,-0.00648162824200619));
#4136=CARTESIAN_POINT('',(0.012972201003494,-0.00950608782563411,-0.0059409370110762));
#4137=CARTESIAN_POINT('',(0.0129833911744044,-0.00949081204507143,-0.0064010725256186));
#4138=CARTESIAN_POINT('',(0.0126272880037297,-0.00922378728419862,-0.00652004458511989));
#4139=CARTESIAN_POINT('',(0.0126775422323833,-0.00989574628080167,-0.00596031688046997));
#4140=CARTESIAN_POINT('',(0.0126892424706574,-0.00988075427013404,-0.00642045014754972));
#4141=CARTESIAN_POINT('',(0.0123414244270928,-0.00960301883517301,-0.00653942061204963));
#4142=CARTESIAN_POINT('',(0.0120510807937979,-0.010649756955406,-0.00599941463898058));
#4143=CARTESIAN_POINT('',(0.0120637449123735,-0.0106354239616452,-0.00645954487905034));
#4144=CARTESIAN_POINT('',(0.0117335116369496,-0.0103369909657774,-0.00657851317104224));
#4145=CARTESIAN_POINT('',(0.0117181091347208,-0.0110152545996378,-0.00601919808750319));
#4146=CARTESIAN_POINT('',(0.0117312287474052,-0.0110012978132077,-0.006479327526508));
#4147=CARTESIAN_POINT('',(0.0114103275019799,-0.010692847061809,-0.00659829526332505));
#4148=CARTESIAN_POINT('',(0.011019242276748,-0.0117143593608186,-0.00605879709130428));
#4149=CARTESIAN_POINT('',(0.0110331960246663,-0.0117012335705468,-0.00651892647402401));
#4150=CARTESIAN_POINT('',(0.0107318512470047,-0.0113736502440712,-0.00663789417041369));
#4151=CARTESIAN_POINT('',(0.0106547591829527,-0.0120467919313556,-0.00607853936663672));
#4152=CARTESIAN_POINT('',(0.0106690906743668,-0.0120341186566689,-0.00653866946550025));
#4153=CARTESIAN_POINT('',(0.0103779305053161,-0.0116974529436258,-0.00665763769598358));
#4154=CARTESIAN_POINT('',(0.00989584628743635,-0.0126775910700544,-0.0061179100103768));
#4155=CARTESIAN_POINT('',(0.00991084455299539,-0.0126658858077312,-0.00657804305154478));
#4156=CARTESIAN_POINT('',(0.00964086046086086,-0.0123120146679764,-0.00669701339380453));
#4157=CARTESIAN_POINT('',(0.00949984024734261,-0.0129769389426782,-0.00613761084949856));
#4158=CARTESIAN_POINT('',(0.00951512874527183,-0.0129657509676604,-0.00659774610782693));
#4159=CARTESIAN_POINT('',(0.00925617946273776,-0.0126037305116197,-0.006716718060204));
#4160=CARTESIAN_POINT('',(0.00828218171985122,-0.013812321569797,-0.00619578187107044));
#4161=CARTESIAN_POINT('',(0.00829818702825738,-0.013802739419315,-0.00665592580804623));
#4162=CARTESIAN_POINT('',(0.0080731221640058,-0.0134180210469035,-0.00677490410487069));
#4163=CARTESIAN_POINT('',(0.00742946491116418,-0.0142885746024325,-0.0062331302477138));
#4164=CARTESIAN_POINT('',(0.00744610164364957,-0.0142799115172829,-0.00669327142504718));
#4165=CARTESIAN_POINT('',(0.00724480154403791,-0.013882247004704,-0.00681224745427782));
#4166=CARTESIAN_POINT('',(0.00609049265918187,-0.0148845623441647,-0.00629110579357148));
#4167=CARTESIAN_POINT('',(0.00610808312410928,-0.0148773616513042,-0.00675123933895078));
#4168=CARTESIAN_POINT('',(0.0059440810816145,-0.0144635783776874,-0.00687020999015044));
#4169=CARTESIAN_POINT('',(0.00563411865673928,-0.015063373920458,-0.00631061533275944));
#4170=CARTESIAN_POINT('',(0.00565198314880771,-0.0150566908150285,-0.00677074703811868));
#4171=CARTESIAN_POINT('',(0.00550068113043885,-0.0146380920022521,-0.00688971638722287));
#4172=CARTESIAN_POINT('',(0.00470073409670493,-0.0153802349090587,-0.0063500130572117));
#4173=CARTESIAN_POINT('',(0.00471904951031415,-0.0153746358312685,-0.00681014257887379));
#4174=CARTESIAN_POINT('',(0.00459369457413795,-0.0149475471029368,-0.0069291103607671));
#4175=CARTESIAN_POINT('',(0.00422408981964982,-0.0155179266100258,-0.00636988337655652));
#4176=CARTESIAN_POINT('',(0.00424258192960831,-0.015512893398284,-0.00683001254043106));
#4177=CARTESIAN_POINT('',(0.00413046320450211,-0.0150821403241282,-0.00694898008568785));
#4178=CARTESIAN_POINT('',(0.00326460564200488,-0.0157477405071587,-0.00640939411236649));
#4179=CARTESIAN_POINT('',(0.00328334267531064,-0.015743856662331,-0.00686952409923495));
#4180=CARTESIAN_POINT('',(0.00319784069088815,-0.0153070412415544,-0.0069884922351575));
#4181=CARTESIAN_POINT('',(0.00277998287794953,-0.0158405156857144,-0.00642911027482993));
#4182=CARTESIAN_POINT('',(0.00279878968375135,-0.0158372172858265,-0.00688924141338036));
#4183=CARTESIAN_POINT('',(0.00272671724726964,-0.0153979864469264,-0.0070082103958814));
#4184=CARTESIAN_POINT('',(0.00180090003303944,-0.0159814580393047,-0.00646846352353392));
#4185=CARTESIAN_POINT('',(0.00181973722294409,-0.0159793374552365,-0.00692859847516495));
#4186=CARTESIAN_POINT('',(0.00177476858155449,-0.0155365129008588,-0.00704757019445567));
#4187=CARTESIAN_POINT('',(0.00131004699678685,-0.0160290128540799,-0.00648795466783247));
#4188=CARTESIAN_POINT('',(0.00132884502988241,-0.0160274802130904,-0.00694809224759609));
#4189=CARTESIAN_POINT('',(0.00129745016250566,-0.0155834931749634,-0.00706706587078287));
#4190=CARTESIAN_POINT('',(-0.000157274007861708,-0.0161040459117154,-0.00654552791746129));
#4191=CARTESIAN_POINT('',(-0.000138749306954286,-0.0161042413926614,-0.00700567532351156));
#4192=CARTESIAN_POINT('',(-0.000129609960133769,-0.0156586307489756,-0.00712465612889313));
#4193=CARTESIAN_POINT('',(-0.00113240256018711,-0.0160650061442832,-0.00658304456471479));
#4194=CARTESIAN_POINT('',(-0.00111358766763574,-0.0160663229143684,-0.00704318290325337));
#4195=CARTESIAN_POINT('',(-0.00107738260021304,-0.0156220771528115,-0.00716215691535486));
#4196=CARTESIAN_POINT('',(-0.00259030859650887,-0.0158724985310567,-0.00664144110686858));
#4197=CARTESIAN_POINT('',(-0.00257149144625109,-0.0158755670335671,-0.00710157303248529));
#4198=CARTESIAN_POINT('',(-0.0024949403190761,-0.015437097728253,-0.00722054252625639));
#4199=CARTESIAN_POINT('',(-0.00307710719539842,-0.0157854776551794,-0.00666117698269737));
#4200=CARTESIAN_POINT('',(-0.00305834319506887,-0.0157891346323427,-0.00712130748219064));
#4201=CARTESIAN_POINT('',(-0.00296833411844867,-0.0153532248683456,-0.00724027597167594));
#4202=CARTESIAN_POINT('',(-0.00404104592655715,-0.0155666258808259,-0.00670074243700645));
#4203=CARTESIAN_POINT('',(-0.00402249643119269,-0.0155714405261615,-0.00716087162384441));
#4204=CARTESIAN_POINT('',(-0.00390586611253561,-0.0151418859293653,-0.00727983917118394));
#4205=CARTESIAN_POINT('',(-0.00451656301182209,-0.0154353411106926,-0.00672050354441981));
#4206=CARTESIAN_POINT('',(-0.00449817352146332,-0.0154407230734013,-0.0071806328183598));
#4207=CARTESIAN_POINT('',(-0.00436842519276032,-0.015014948369525,-0.00729960044848198));
#4208=CARTESIAN_POINT('',(-0.00545475571625138,-0.0151292675539571,-0.00675998272657891));
#4209=CARTESIAN_POINT('',(-0.00543678832810518,-0.0151357465646636,-0.0072201136995516));
#4210=CARTESIAN_POINT('',(-0.00528118538613837,-0.0147187269226787,-0.00733908254911658));
#4211=CARTESIAN_POINT('',(-0.00591908338321276,-0.014953672101424,-0.00677977311096353));
#4212=CARTESIAN_POINT('',(-0.00590137888087705,-0.0149606828246686,-0.00723990568422043));
#4213=CARTESIAN_POINT('',(-0.00573299450486141,-0.014548660933314,-0.00735887570179087));
#4214=CARTESIAN_POINT('',(-0.00682281743453082,-0.0145635510665975,-0.00681879585210675));
#4215=CARTESIAN_POINT('',(-0.00680572731955154,-0.0145715603716924,-0.00727893306806153));
#4216=CARTESIAN_POINT('',(-0.00661249257328592,-0.0141705956021405,-0.00739790641778516));
#4217=CARTESIAN_POINT('',(-0.00726301482443341,-0.0143489619147824,-0.00683805946625672));
#4218=CARTESIAN_POINT('',(-0.00724627566440496,-0.014357439417755,-0.00729819969870528));
#4219=CARTESIAN_POINT('',(-0.00704095053735158,-0.0139625357561027,-0.00741717523033565));
#4220=CARTESIAN_POINT('',(-0.00854941116841345,-0.0136479691954761,-0.00689512409370503));
#4221=CARTESIAN_POINT('',(-0.00853383950793392,-0.0136577428662329,-0.0073552752765455));
#4222=CARTESIAN_POINT('',(-0.00829322186065347,-0.013282578243606,-0.00747425881087517));
#4223=CARTESIAN_POINT('',(-0.0093616651739326,-0.0131048338470815,-0.00693308963873643));
#4224=CARTESIAN_POINT('',(-0.00934623924211547,-0.0131158442514155,-0.00739322547018831));
#4225=CARTESIAN_POINT('',(-0.00908317188730647,-0.012756024827611,-0.00751219770387423));
#4226=CARTESIAN_POINT('',(-0.0105100279565973,-0.0121732449391546,-0.00699199700986496));
#4227=CARTESIAN_POINT('',(-0.0104955610261646,-0.0121857327854196,-0.00745212767262719));
#4228=CARTESIAN_POINT('',(-0.0102009604532396,-0.0118520733228554,-0.00757109626529171));
#4229=CARTESIAN_POINT('',(-0.0108802844401331,-0.0118433798108539,-0.00701182691748291));
#4230=CARTESIAN_POINT('',(-0.0108661845937573,-0.0118563327418961,-0.00747195659481531));
#4231=CARTESIAN_POINT('',(-0.010561432153769,-0.0115319217287943,-0.00759092450015685));
#4232=CARTESIAN_POINT('',(-0.011582157651812,-0.0111579504825446,-0.00705112299841239));
#4233=CARTESIAN_POINT('',(-0.0115688629638997,-0.0111717502712573,-0.00751125223988867));
#4234=CARTESIAN_POINT('',(-0.0112448945007537,-0.0108665269686669,-0.00763021983235982));
#4235=CARTESIAN_POINT('',(-0.0119157833016757,-0.010800825466212,-0.00707069026858226));
#4236=CARTESIAN_POINT('',(-0.0119029278229803,-0.0108150100527838,-0.00753082002595013));
#4237=CARTESIAN_POINT('',(-0.0115698404229573,-0.0105197694861348,-0.00764978800827862));
#4238=CARTESIAN_POINT('',(-0.0128655386806012,-0.00968689471576015,-0.00712915351757472));
#4239=CARTESIAN_POINT('',(-0.0128540934099875,-0.00970210461922055,-0.00758928701000802));
#4240=CARTESIAN_POINT('',(-0.0124950888954524,-0.00943795743601379,-0.00770825772301782));
#4241=CARTESIAN_POINT('',(-0.0134312575680713,-0.00888743899436211,-0.00716783374752401));
#4242=CARTESIAN_POINT('',(-0.0134208759833012,-0.00890316248717073,-0.0076279725788396));
#4243=CARTESIAN_POINT('',(-0.0130464943527172,-0.00866127205047598,-0.00774694727061649));
#4244=CARTESIAN_POINT('',(-0.0141728869828849,-0.00760130293140366,-0.00722529539332243));
#4245=CARTESIAN_POINT('',(-0.0141642144331795,-0.00761748303089311,-0.00768544659169397));
#4246=CARTESIAN_POINT('',(-0.0137697556751281,-0.00741130953627492,-0.00780442999999815));
#4247=CARTESIAN_POINT('',(-0.0143994134597327,-0.0071628092008489,-0.00724459509477801));
#4248=CARTESIAN_POINT('',(-0.01439104740696,-0.00717962060081463,-0.0077047349492665));
#4249=CARTESIAN_POINT('',(-0.0139903923247547,-0.00698574324916727,-0.00782371012567195));
#4250=CARTESIAN_POINT('',(-0.0148115003263672,-0.00626645048764618,-0.00728354129187485));
#4251=CARTESIAN_POINT('',(-0.0148041032042992,-0.00628392666513052,-0.00774367567252881));
#4252=CARTESIAN_POINT('',(-0.0143922915145951,-0.00611502580164246,-0.00786264692014897));
#4253=CARTESIAN_POINT('',(-0.01499760078041,-0.00580697822497758,-0.0073032459066629));
#4254=CARTESIAN_POINT('',(-0.0149907206839804,-0.00582474342303763,-0.00776337824331222));
#4255=CARTESIAN_POINT('',(-0.0145738915052596,-0.0056686321228772,-0.00788234804307172));
#4256=CARTESIAN_POINT('',(-0.0154894214754249,-0.00441101444707649,-0.00736235367088295));
#4257=CARTESIAN_POINT('',(-0.015484153391491,-0.00442949314017313,-0.0078224822018157));
#4258=CARTESIAN_POINT('',(-0.0150541276634516,-0.00431219895675702,-0.00794144921856402));
#4259=CARTESIAN_POINT('',(-0.0157278578781318,-0.00346315910588622,-0.00740150314519167));
#4260=CARTESIAN_POINT('',(-0.0157237362433307,-0.0034819118440087,-0.0078616320366022));
#4261=CARTESIAN_POINT('',(-0.01528740918552,-0.00339091749162737,-0.00798059946948265));
#4262=CARTESIAN_POINT('',(-0.0159555089433346,-0.00201635790871018,-0.00745985564650547));
#4263=CARTESIAN_POINT('',(-0.0159531295950478,-0.00203520031973239,-0.00791998960151966));
#4264=CARTESIAN_POINT('',(-0.0155109556648072,-0.00198427033774411,-0.00803896060213697));
#4265=CARTESIAN_POINT('',(-0.0160095876284455,-0.00152989463675815,-0.0074792441264211));
#4266=CARTESIAN_POINT('',(-0.0160077926737132,-0.00154871470090583,-0.00793938047005945));
#4267=CARTESIAN_POINT('',(-0.0155642746617551,-0.00151124135975172,-0.00805835320377165));
#4268=CARTESIAN_POINT('',(-0.0160731683998824,-0.000548389662078774,-0.00751789350166532));
#4269=CARTESIAN_POINT('',(-0.016072534962938,-0.000567056987020264,-0.00797803606571294));
#4270=CARTESIAN_POINT('',(-0.0156275614402398,-0.000556706848869464,-0.00809701326417019));
#4271=CARTESIAN_POINT('',(-0.0160824907174341,-5.20378606418276E-5,-0.00753704990176179));
#4272=CARTESIAN_POINT('',(-0.0160824266636929,-7.05262817906564E-5,-0.00799719761103512));
#4273=CARTESIAN_POINT('',(-0.0156373454078926,-7.38676089072951E-5,-0.00811617841293034));
#4274=CARTESIAN_POINT('',(-0.0160553908028785,0.000934688066756099,-0.00757549754205262));
#4275=CARTESIAN_POINT('',(-0.016056477077783,0.000915956796300748,-0.00803563781622981));
#4276=CARTESIAN_POINT('',(-0.0156124387685094,0.000885246032928267,-0.00815461328148026));
#4277=CARTESIAN_POINT('',(-0.0160191892604844,0.00142663636078475,-0.00759490274247918));
#4278=CARTESIAN_POINT('',(-0.0160208609263152,0.00140783651079905,-0.00805503996571205));
#4279=CARTESIAN_POINT('',(-0.0155779740447061,0.00136349398351222,-0.00817401325884732));
#4280=CARTESIAN_POINT('',(-0.0159013433777902,0.0024076948832323,-0.00763407716531666));
#4281=CARTESIAN_POINT('',(-0.0159041916309292,0.00238886674092172,-0.00809420974270336));
#4282=CARTESIAN_POINT('',(-0.015464867500864,0.00231736650261415,-0.00821317970139138));
#4283=CARTESIAN_POINT('',(-0.0158195741951876,0.00289607919769489,-0.0076538196125181));
#4284=CARTESIAN_POINT('',(-0.0158230127430236,0.00287729129531626,-0.00811395058342063));
#4285=CARTESIAN_POINT('',(-0.0153861031837751,0.0027922859012722,-0.00823291940886398));
#4286=CARTESIAN_POINT('',(-0.0155105784320561,0.00433473083922222,-0.00771268606183377));
#4287=CARTESIAN_POINT('',(-0.0155157471967641,0.00431622239571285,-0.00817281453054684));
#4288=CARTESIAN_POINT('',(-0.0150878349433532,0.00419147438738993,-0.00829178152635474));
#4289=CARTESIAN_POINT('',(-0.0152194380930022,0.00526618431002704,-0.00775174889324866));
#4290=CARTESIAN_POINT('',(-0.0152257161774465,0.00524806895164504,-0.00821187856667372));
#4291=CARTESIAN_POINT('',(-0.0148061477804727,0.00509764771263196,-0.00833084658307041));
#4292=CARTESIAN_POINT('',(-0.0144679162733554,0.00707413540731857,-0.00782951361178572));
#4293=CARTESIAN_POINT('',(-0.014476213021895,0.0070571877879889,-0.00828965167150992));
#4294=CARTESIAN_POINT('',(-0.0140779691630627,0.00685703633193765,-0.00840862570709331));
#4295=CARTESIAN_POINT('',(-0.0140035195805389,0.00795489671397921,-0.00786780703058719));
#4296=CARTESIAN_POINT('',(-0.0140126543167824,0.0079387857339413,-0.00832795465670029));
#4297=CARTESIAN_POINT('',(-0.0136274863210174,0.00771447456881865,-0.00844693527274001));
#4298=CARTESIAN_POINT('',(-0.0131951235080714,0.00919443690227376,-0.00792579849723494));
#4299=CARTESIAN_POINT('',(-0.0132059031457521,0.00917896032954302,-0.00838593608855409));
#4300=CARTESIAN_POINT('',(-0.0128435256806876,0.00892050896749006,-0.00850490963317729));
#4301=CARTESIAN_POINT('',(-0.0129054470142103,0.00959679197028263,-0.00794539613113935));
#4302=CARTESIAN_POINT('',(-0.0129167572477356,0.00958157880879961,-0.00840553107230044));
#4303=CARTESIAN_POINT('',(-0.0125625321080025,0.00931206007388596,-0.0085245027332348));
#4304=CARTESIAN_POINT('',(-0.0122927046564751,0.0103700718891504,-0.00798464968203569));
#4305=CARTESIAN_POINT('',(-0.0123050146512848,0.0103554763599899,-0.00844478083544962));
#4306=CARTESIAN_POINT('',(-0.0119680034691065,0.0100647158976642,-0.00856374977774056));
#4307=CARTESIAN_POINT('',(-0.0119706727576226,0.0107399925979574,-0.0080042478666226));
#4308=CARTESIAN_POINT('',(-0.0119834509530845,0.0107257494950685,-0.00846437785978993));
#4309=CARTESIAN_POINT('',(-0.0116554721615679,0.0104248426173456,-0.00858334598925906));
#4310=CARTESIAN_POINT('',(-0.0109589011311377,0.0118009914877951,-0.00806295911208585));
#4311=CARTESIAN_POINT('',(-0.0109729729620337,0.0117879213804435,-0.00852308788575343));
#4312=CARTESIAN_POINT('',(-0.0106733286175698,0.0114579544180494,-0.00864205512353946));
#4313=CARTESIAN_POINT('',(-0.0102238606297564,0.0124437069434138,-0.00810198958301651));
#4314=CARTESIAN_POINT('',(-0.0102386498907066,0.0124315705942936,-0.00856212040289794));
#4315=CARTESIAN_POINT('',(-0.00995953170312319,0.0120840607545393,-0.00868108926478423));
#4316=CARTESIAN_POINT('',(-0.00902875812145782,0.0133089833459123,-0.00816036625523332));
#4317=CARTESIAN_POINT('',(-0.00904434146404032,0.0132984150392608,-0.00862050470141856));
#4318=CARTESIAN_POINT('',(-0.00879850650101927,0.0129273672040949,-0.00873947893677953));
#4319=CARTESIAN_POINT('',(-0.00861371356022307,0.0135813528826598,-0.00817984412493725));
#4320=CARTESIAN_POINT('',(-0.00862951595740265,0.013571335809807,-0.0086399858250993));
#4321=CARTESIAN_POINT('',(-0.00839522445899297,0.0131928946275525,-0.00875896241363693));
#4322=CARTESIAN_POINT('',(-0.00776431542944699,0.0140841972910405,-0.0082181625346278));
#4323=CARTESIAN_POINT('',(-0.00778044872996355,0.0140753084019202,-0.00867831206746151));
#4324=CARTESIAN_POINT('',(-0.0075697515025707,0.0136832472071172,-0.00879729427801765));
#4325=CARTESIAN_POINT('',(-0.00732872300076114,0.0143157102656938,-0.00823730967136479));
#4326=CARTESIAN_POINT('',(-0.00734539606458778,0.0143071710362736,-0.0086974507677577));
#4327=CARTESIAN_POINT('',(-0.00714689181386618,0.0139087882188238,-0.00881642683313812));
#4328=CARTESIAN_POINT('',(-0.00643570437959357,0.0147387737065082,-0.00827623975430842));
#4329=CARTESIAN_POINT('',(-0.00645306544051398,0.0147311894282479,-0.00873637501435482));
#4330=CARTESIAN_POINT('',(-0.00627945107997962,0.0143213424615759,-0.00885534689076913));
#4331=CARTESIAN_POINT('',(-0.00597891572350765,0.0149297936426328,-0.00829589120493567));
#4332=CARTESIAN_POINT('',(-0.0059965769787308,0.0149227191273426,-0.00875602424456079));
#4333=CARTESIAN_POINT('',(-0.00583568073375259,0.014507716573738,-0.0088749945465768));
#4334=CARTESIAN_POINT('',(-0.0050576127848271,0.0152665229950752,-0.00833502606818028));
#4335=CARTESIAN_POINT('',(-0.00507577216199834,0.0152605053371137,-0.00879515619155378));
#4336=CARTESIAN_POINT('',(-0.0049405006256796,0.0148364556125822,-0.00891412440046207));
#4337=CARTESIAN_POINT('',(-0.00459142115723647,0.0154130647784079,-0.00835458299140711));
#4338=CARTESIAN_POINT('',(-0.00460978036713062,0.0154075957455007,-0.00881471238402264));
#4339=CARTESIAN_POINT('',(-0.00448746167839643,0.0149796321010443,-0.00893368008814336));
#4340=CARTESIAN_POINT('',(-0.00317647983752504,0.0157882221059835,-0.00841322276749174));
#4341=CARTESIAN_POINT('',(-0.00319528409793243,0.0157844388967408,-0.00887335221194391));
#4342=CARTESIAN_POINT('',(-0.00311223833648496,0.015346528850345,-0.00899231995395764));
#4343=CARTESIAN_POINT('',(-0.00221034466133782,0.0159530170540879,-0.00845232078370462));
#4344=CARTESIAN_POINT('',(-0.00222924297418542,0.0159504121336505,-0.00891245312627288));
#4345=CARTESIAN_POINT('',(-0.00217295651174425,0.0155082480777856,-0.00903142310414028));
#4346=CARTESIAN_POINT('',(-0.000237450315585148,0.0161036639929412,-0.00853024432503011));
#4347=CARTESIAN_POINT('',(-0.000256095280999604,0.0161034021655011,-0.00899038847830424));
#4348=CARTESIAN_POINT('',(-0.000254342375523397,0.0156576819418011,-0.00910936693306392));
#4349=CARTESIAN_POINT('',(0.000740897874384888,0.0160875504294542,-0.00856766674821018));
#4350=CARTESIAN_POINT('',(0.000722152308395411,0.0160884026359026,-0.00902780771008375));
#4351=CARTESIAN_POINT('',(0.000696799444550991,0.0156434144165701,-0.0091467835864314));
#4352=CARTESIAN_POINT('',(0.0021965835550255,0.015931691421689,-0.00862559531162035));
#4353=CARTESIAN_POINT('',(0.00217774976336748,0.0159342853737481,-0.00908572873565624));
#4354=CARTESIAN_POINT('',(0.00211209047095866,0.0154940561284198,-0.00920469930019112));
#4355=CARTESIAN_POINT('',(0.00267983295330251,0.0158576487461317,-0.00864505858449889));
#4356=CARTESIAN_POINT('',(0.00266102275638412,0.0158608263520521,-0.00910519020276008));
#4357=CARTESIAN_POINT('',(0.00258199610514402,0.0154227960220757,-0.00922415948982512));
#4358=CARTESIAN_POINT('',(0.0036423044708933,0.0156646144719431,-0.00868429807383596));
#4359=CARTESIAN_POINT('',(0.00362364887046415,0.0156689510452451,-0.00914442756915228));
#4360=CARTESIAN_POINT('',(0.00351802605701662,0.0152365612447294,-0.00926339533259322));
#4361=CARTESIAN_POINT('',(0.00412373204472818,0.0155448892810703,-0.00870416724299194));
#4362=CARTESIAN_POINT('',(0.00410520792174706,0.015549803838996,-0.00916429640318037));
#4363=CARTESIAN_POINT('',(0.00398629610000137,0.0151208765533036,-0.00928326394612468));
#4364=CARTESIAN_POINT('',(0.00554120522173286,0.015121943150285,-0.00876340280691539));
#4365=CARTESIAN_POINT('',(0.00552322934647149,0.0151285321498872,-0.00922353326234969));
#4366=CARTESIAN_POINT('',(0.00536523186360426,0.0147117433006041,-0.00934250175239828));
#4367=CARTESIAN_POINT('',(0.00645170798363293,0.0147563616615064,-0.00880243158256825));
#4368=CARTESIAN_POINT('',(0.00643429763131902,0.0147639902015442,-0.00926256581689798));
#4369=CARTESIAN_POINT('',(0.00625125182407574,0.0143575883033182,-0.00938153717061656));
#4370=CARTESIAN_POINT('',(0.00820411344331048,0.0138588335728712,-0.00887957002076743));
#4371=CARTESIAN_POINT('',(0.00818818351252779,0.0138682808918903,-0.00933971757340564));
#4372=CARTESIAN_POINT('',(0.00795702763020414,0.0134871947731578,-0.00945869848646546));
#4373=CARTESIAN_POINT('',(0.00904859391318696,0.0133227302180806,-0.00891805354420089));
#4374=CARTESIAN_POINT('',(0.00903297784136152,0.0133333251750798,-0.00937819161090933));
#4375=CARTESIAN_POINT('',(0.00877852578276648,0.0129673695048883,-0.00949716542969706));
#4376=CARTESIAN_POINT('',(0.01060470795391,0.0121207409625732,-0.00899616433073436));
#4377=CARTESIAN_POINT('',(0.0105902731121901,0.0121333582392514,-0.00945629406590247));
#4378=CARTESIAN_POINT('',(0.0102930590481708,0.0118011857210176,-0.0095752619047736));
#4379=CARTESIAN_POINT('',(0.0113194108927554,0.0114556668003588,-0.0090352457644855));
#4380=CARTESIAN_POINT('',(0.0113057435230939,0.0114691769436222,-0.00949537417962593));
#4381=CARTESIAN_POINT('',(0.0109889503292732,0.0111556386207481,-0.00961434122779261));
#4382=CARTESIAN_POINT('',(0.0122980265320599,0.0103635468526329,-0.00909390649104567));
#4383=CARTESIAN_POINT('',(0.0122857204220684,0.0103781514956922,-0.00955403750931187));
#4384=CARTESIAN_POINT('',(0.0119421971665789,0.0100951215924807,-0.00967300639143778));
#4385=CARTESIAN_POINT('',(0.0126085624735089,0.00998365817444238,-0.0091134665271172));
#4386=CARTESIAN_POINT('',(0.0125967443923023,0.00999858768036386,-0.00957359913268592));
#4387=CARTESIAN_POINT('',(0.0122447543152837,0.00972615533156471,-0.00969256917368953));
#4388=CARTESIAN_POINT('',(0.013197362925186,0.00919123985180519,-0.00915259982902196));
#4389=CARTESIAN_POINT('',(0.013186579957715,0.00920672724513539,-0.00961273711135585));
#4390=CARTESIAN_POINT('',(0.0128185650482688,0.00895637053898276,-0.0097317105091088));
#4391=CARTESIAN_POINT('',(0.0134737370136967,0.00878090074966893,-0.00917205748334953));
#4392=CARTESIAN_POINT('',(0.0134634980018986,0.00879661954209443,-0.00963219782646202));
#4393=CARTESIAN_POINT('',(0.0130879769190569,0.0085576792589159,-0.0097511734380841));
#4394=CARTESIAN_POINT('',(0.0142385740674034,0.00752524829399346,-0.00922931088232653));
#4395=CARTESIAN_POINT('',(0.0142300014196235,0.00754150392603974,-0.00968946226500186));
#4396=CARTESIAN_POINT('',(0.0138337521010861,0.00733745269937702,-0.00980844594493187));
#4397=CARTESIAN_POINT('',(0.0146681954091855,0.00664901942681601,-0.00926725475863328));
#4398=CARTESIAN_POINT('',(0.0146603626462132,0.00666628094893638,-0.00972739048710381));
#4399=CARTESIAN_POINT('',(0.0142524046176641,0.00648673843903868,-0.00984636264880464));
#4400=CARTESIAN_POINT('',(0.0151923615126502,0.0052761467373455,-0.00932580211600803));
#4401=CARTESIAN_POINT('',(0.0151860897183256,0.00529420039929907,-0.00978593275248289));
#4402=CARTESIAN_POINT('',(0.0147640269332983,0.00515285386281217,-0.00990490132674397));
#4403=CARTESIAN_POINT('',(0.0153472351460853,0.0048075481408926,-0.00934553810013406));
#4404=CARTESIAN_POINT('',(0.0153415112946596,0.00482581974539409,-0.00980566775970617));
#4405=CARTESIAN_POINT('',(0.0149153037080378,0.00469749729074471,-0.00992463565242965));
#4406=CARTESIAN_POINT('',(0.0156137121768973,0.00385514433105254,-0.00938515268540095));
#4407=CARTESIAN_POINT('',(0.0156091186678458,0.00387374755021314,-0.00984528193293417));
#4408=CARTESIAN_POINT('',(0.0151758284678922,0.00377186810492378,-0.00996424952989778));
#4409=CARTESIAN_POINT('',(0.0157245862374635,0.00337437367117545,-0.00940490630052155));
#4410=CARTESIAN_POINT('',(0.0157205712630611,0.00339309031366446,-0.00986503608731591));
#4411=CARTESIAN_POINT('',(0.0152843626403512,0.00330454505171866,-0.00998400409149193));
#4412=CARTESIAN_POINT('',(0.01590191672177,0.00240375842921804,-0.00944430689703256));
#4413=CARTESIAN_POINT('',(0.0158990709700539,0.00242259384538109,-0.00990443927612498));
#4414=CARTESIAN_POINT('',(0.0154582586431157,0.00236094089775234,-0.0100234091408608));
#4415=CARTESIAN_POINT('',(0.0159684889984058,0.00191199390565106,-0.00946402939355262));
#4416=CARTESIAN_POINT('',(0.0159662361680754,0.0019308349278331,-0.00992416381535684));
#4417=CARTESIAN_POINT('',(0.0155237360129072,0.00188279258789259,-0.0100431351652847));
#4418=CARTESIAN_POINT('',(0.0160556082497598,0.000930486602643566,-0.00950292157029074));
#4419=CARTESIAN_POINT('',(0.0160545250392961,0.000949230237221036,-0.00996306149618101));
#4420=CARTESIAN_POINT('',(0.0156099196143926,0.000928325597709638,-0.0100820367965415));
#4421=CARTESIAN_POINT('',(0.0160763766297974,0.000440874879265029,-0.00952207394739188));
#4422=CARTESIAN_POINT('',(0.0160758687309708,0.000459228722140701,-0.00998222507616148));
#4423=CARTESIAN_POINT('',(0.0156308439344884,0.000451774807582733,-0.0101012083292944));
#4424=CARTESIAN_POINT('',(0.0160720351213584,-0.00102461547269049,-0.00957880233756236));
#4425=CARTESIAN_POINT('',(0.0160732153513477,-0.00100582030499024,-0.0100389414724655));
#4426=CARTESIAN_POINT('',(0.0156287399702538,-0.000972601543874341,-0.0101579159611209));
#4427=CARTESIAN_POINT('',(0.0159808314867592,-0.00199710379861484,-0.00961736739030733));
#4428=CARTESIAN_POINT('',(0.0159831860766899,-0.00197821697101437,-0.0100775009822712));
#4429=CARTESIAN_POINT('',(0.0155415352621846,-0.00191806388410593,-0.010196471632262));
#4430=CARTESIAN_POINT('',(0.0157083750969052,-0.00344891580247874,-0.00967636184296148));
#4431=CARTESIAN_POINT('',(0.015712479058065,-0.00343021750251002,-0.0101364916084863));
#4432=CARTESIAN_POINT('',(0.0152788182237187,-0.0033299355749771,-0.0102554595630971));
#4433=CARTESIAN_POINT('',(0.0155944894192434,-0.00393204201181628,-0.00969623581732889));
#4434=CARTESIAN_POINT('',(0.0155991747411771,-0.00391346107317057,-0.0101563650456279));
#4435=CARTESIAN_POINT('',(0.0151688155767636,-0.00379983946334332,-0.0102753326347451));
#4436=CARTESIAN_POINT('',(0.0153239925004986,-0.00488101510694701,-0.00973576097847635));
#4437=CARTESIAN_POINT('',(0.0153298034231474,-0.00486277250666795,-0.0101958906756989));
#4438=CARTESIAN_POINT('',(0.0149072214378114,-0.0047229760438944,-0.0103148586013548));
#4439=CARTESIAN_POINT('',(0.015167100184828,-0.00534874547661637,-0.00975548794582014));
#4440=CARTESIAN_POINT('',(0.0151734578075687,-0.00533072337335369,-0.0102156186185559));
#4441=CARTESIAN_POINT('',(0.0147553595307522,-0.00517804019514559,-0.0103345872644163));
#4442=CARTESIAN_POINT('',(0.0148097737757403,-0.00627061455533889,-0.00979487018928891));
#4443=CARTESIAN_POINT('',(0.0148171780617403,-0.00625313220495724,-0.0102550043262998));
#4444=CARTESIAN_POINT('',(0.0144092411704012,-0.00607507706439895,-0.0103739754585889));
#4445=CARTESIAN_POINT('',(0.0146100299920491,-0.00672255848477014,-0.00981443337660601));
#4446=CARTESIAN_POINT('',(0.0146179318523127,-0.00670539391960453,-0.0102745699768249));
#4447=CARTESIAN_POINT('',(0.0142156525877812,-0.00651491452502185,-0.0103935428949906));
#4448=CARTESIAN_POINT('',(0.0141734075858846,-0.00760001883906342,-0.00985292467070983));
#4449=CARTESIAN_POINT('',(0.0141822316861419,-0.00758356999265349,-0.0103130675539147));
#4450=CARTESIAN_POINT('',(0.0137922774585832,-0.00736899424672517,-0.0104320449816387));
#4451=CARTESIAN_POINT('',(0.0139359965489667,-0.00802693661019015,-0.0098717600504589));
#4452=CARTESIAN_POINT('',(0.0139452262132529,-0.0080109042725413,-0.0103319074650252));
#4453=CARTESIAN_POINT('',(0.0135619500914634,-0.00778462161275275,-0.0104508880568082));
#4454=CARTESIAN_POINT('',(0.0134234890008877,-0.00885740674237498,-0.00990978775220515));
#4455=CARTESIAN_POINT('',(0.0134338222541206,-0.00884173922084549,-0.010369927869883));
#4456=CARTESIAN_POINT('',(0.0130650108359904,-0.00859256626898265,-0.0104889032242391));
#4457=CARTESIAN_POINT('',(0.0131483936306856,-0.00926095852780656,-0.00992900560006195));
#4458=CARTESIAN_POINT('',(0.0131592621539051,-0.00924552335844097,-0.0103891427167137));
#4459=CARTESIAN_POINT('',(0.0127982005489725,-0.0089852418314292,-0.0105081159340593));
#4460=CARTESIAN_POINT('',(0.0125600684839656,-0.0100444157420579,-0.0099678543138373));
#4461=CARTESIAN_POINT('',(0.0125719603126285,-0.0100295415477089,-0.0104279868535529));
#4462=CARTESIAN_POINT('',(0.0122274425625551,-0.00974772182228183,-0.0105469567859226));
#4463=CARTESIAN_POINT('',(0.012245993153632,-0.0104252469069658,-0.00998753534992023));
#4464=CARTESIAN_POINT('',(0.012258374441361,-0.0104107018268204,-0.0104476662908376));
#4465=CARTESIAN_POINT('',(0.0119226741729546,-0.0101184275887555,-0.0105666350947534));
#4466=CARTESIAN_POINT('',(0.0115820880855737,-0.0111581968511051,-0.0100270997138778));
#4467=CARTESIAN_POINT('',(0.0115953814747864,-0.011144397136865,-0.0104872289874622));
#4468=CARTESIAN_POINT('',(0.0112782895276957,-0.0108320309294479,-0.0106061965946713));
#4469=CARTESIAN_POINT('',(0.0112343438282769,-0.0115081942239609,-0.0100468638791057));
#4470=CARTESIAN_POINT('',(0.0112480576135725,-0.0114948078148725,-0.010506993062412));
#4471=CARTESIAN_POINT('',(0.0109406977530966,-0.0111728626594184,-0.010625960625115));
#4472=CARTESIAN_POINT('',(0.0105074859004197,-0.012175457100283,-0.0100863564240086));
#4473=CARTESIAN_POINT('',(0.01052195819479,-0.0121629684047899,-0.010546486953169));
#4474=CARTESIAN_POINT('',(0.0102349104655812,-0.0118227897449641,-0.0106654554818301));
#4475=CARTESIAN_POINT('',(0.0101268061939508,-0.012493842632756,-0.0101061609086952));
#4476=CARTESIAN_POINT('',(0.0101416180727998,-0.0124818400461003,-0.0105662928610449));
#4477=CARTESIAN_POINT('',(0.00986519355267191,-0.0121329767522157,-0.0106852624308166));
#4478=CARTESIAN_POINT('',(0.00895073479975763,-0.013388827477866,-0.0101648379599601));
#4479=CARTESIAN_POINT('',(0.00896641815532153,-0.01337835414558,-0.0106249763225604));
#4480=CARTESIAN_POINT('',(0.00872276717690497,-0.0130051220749988,-0.0107439505791201));
#4481=CARTESIAN_POINT('',(0.00812219311467747,-0.0139064655485708,-0.0102023754855199));
#4482=CARTESIAN_POINT('',(0.0081381857906931,-0.0138971078874967,-0.0106625228549174));
#4483=CARTESIAN_POINT('',(0.00791755103726153,-0.0135098410476875,-0.0107815032911206));
#4484=CARTESIAN_POINT('',(0.0068144636381853,-0.0145673352173716,-0.010259810656343));
#4485=CARTESIAN_POINT('',(0.0068315489414037,-0.0145593388784737,-0.0107199481521789));
#4486=CARTESIAN_POINT('',(0.0066473820331489,-0.0141541309623863,-0.0108389216293919));
#4487=CARTESIAN_POINT('',(0.00636766833170205,-0.0147682402328408,-0.0102791771843187));
#4488=CARTESIAN_POINT('',(0.00638507690109924,-0.0147607318493491,-0.0107393120718209));
#4489=CARTESIAN_POINT('',(0.00621335737926384,-0.0143500889692487,-0.0108582836943977));
#4490=CARTESIAN_POINT('',(0.00545176381809705,-0.0151303136394838,-0.0103183643507421));
#4491=CARTESIAN_POINT('',(0.0054697270673668,-0.0151238389124675,-0.0107784954777747));
#4492=CARTESIAN_POINT('',(0.00532349718870443,-0.0147034410536189,-0.0108974644014258));
#4493=CARTESIAN_POINT('',(0.0049821614335136,-0.0152913261238173,-0.010338202473176));
#4494=CARTESIAN_POINT('',(0.00500035608972607,-0.0152853975545477,-0.0107983324356286));
#4495=CARTESIAN_POINT('',(0.00486718149927554,-0.0148606844515296,-0.0109173005432542));
#4496=CARTESIAN_POINT('',(0.00356869766908177,-0.0157045811992809,-0.0103971777727742));
#4497=CARTESIAN_POINT('',(0.00358742486487524,-0.0157003238985748,-0.010857306563631));
#4498=CARTESIAN_POINT('',(0.0034935049841736,-0.0152646055079611,-0.0109762738144964));
#4499=CARTESIAN_POINT('',(0.00261080148252426,-0.0158917159063226,-0.0104361871330826));
#4500=CARTESIAN_POINT('',(0.00262967849297587,-0.0158886260742667,-0.0108963180331941));
#4501=CARTESIAN_POINT('',(0.00256230435710768,-0.0154480322862923,-0.0110152869520866));
#4502=CARTESIAN_POINT('',(0.000664152541821025,-0.0160910478288274,-0.0105135967053717));
#4503=CARTESIAN_POINT('',(0.000682898980569367,-0.0160902851103175,-0.0109737377056722));
#4504=CARTESIAN_POINT('',(0.000669364039677101,-0.0156447826442501,-0.0110927138739146));
#4505=CARTESIAN_POINT('',(-0.000331144346834807,-0.0161018370134935,-0.010551669170239));
#4506=CARTESIAN_POINT('',(-0.000312493214392573,-0.0161022074750367,-0.0110118131567139));
#4507=CARTESIAN_POINT('',(-0.000298503916127916,-0.0156567011098215,-0.0111307911814606));
#4508=CARTESIAN_POINT('',(-0.00180594326143203,-0.0159808476193654,-0.0106099734774085));
#4509=CARTESIAN_POINT('',(-0.00178711559189591,-0.0159829720227111,-0.0110701086881485));
#4510=CARTESIAN_POINT('',(-0.00173226860401804,-0.0155412620638752,-0.0111890805294229));
#4511=CARTESIAN_POINT('',(-0.0022970608837245,-0.0159176961284446,-0.0106296275201961));
#4512=CARTESIAN_POINT('',(-0.00227822856003089,-0.0159204121608029,-0.0110897605163337));
#4513=CARTESIAN_POINT('',(-0.00220978920142525,-0.0154806015386166,-0.0112087307870617));
#4514=CARTESIAN_POINT('',(-0.00326989284438909,-0.0157466612184059,-0.0106690383373062));
#4515=CARTESIAN_POINT('',(-0.00325116021616696,-0.0157505495320177,-0.0111291684240272));
#4516=CARTESIAN_POINT('',(-0.00315582377914077,-0.0153157735837863,-0.0112481366065228));
#4517=CARTESIAN_POINT('',(-0.00374887088908494,-0.015639393532396,-0.0106886828564982));
#4518=CARTESIAN_POINT('',(-0.00373024143115668,-0.015643859184886,-0.0111488122297779));
#4519=CARTESIAN_POINT('',(-0.00362167643005046,-0.0152122006197016,-0.0112677799203052));
#4520=CARTESIAN_POINT('',(-0.00516415697022337,-0.0152542866042172,-0.0107474392449614));
#4521=CARTESIAN_POINT('',(-0.00514599011163528,-0.0152604369494746,-0.0112075687305405));
#4522=CARTESIAN_POINT('',(-0.00499837735656234,-0.0148398716850646,-0.0113265365031318));
#4523=CARTESIAN_POINT('',(-0.00607899349885198,-0.0149136597555937,-0.010786375424125));
#4524=CARTESIAN_POINT('',(-0.00606133606765961,-0.0149208714541704,-0.0112465078542755));
#4525=CARTESIAN_POINT('',(-0.00588854034802245,-0.0145100078544159,-0.0113654778933401));
#4526=CARTESIAN_POINT('',(-0.00740756513099828,-0.0142749798562447,-0.0108444218163455));
#4527=CARTESIAN_POINT('',(-0.00739094757724564,-0.0142836067066345,-0.0113045631463693));
#4528=CARTESIAN_POINT('',(-0.00718165374448781,-0.0138907897487134,-0.011423539456961));
#4529=CARTESIAN_POINT('',(-0.0078445101249179,-0.014039693987859,-0.0108636586183358));
#4530=CARTESIAN_POINT('',(-0.00782841657561835,-0.0140486809976258,-0.0113238078253951));
#4531=CARTESIAN_POINT('',(-0.0076071669730159,-0.0136624733973702,-0.0114427897004184));
#4532=CARTESIAN_POINT('',(-0.00869126381242429,-0.0135318616500283,-0.0109020142901495));
#4533=CARTESIAN_POINT('',(-0.0086755109396121,-0.0135419742260813,-0.0113621557463195));
#4534=CARTESIAN_POINT('',(-0.00843091413700381,-0.0131701073378218,-0.0114811320579998));
#4535=CARTESIAN_POINT('',(-0.00910215503098993,-0.0132589710150264,-0.0109213771854573));
#4536=CARTESIAN_POINT('',(-0.00908662371666995,-0.0132696297245356,-0.0113815154271934));
#4537=CARTESIAN_POINT('',(-0.0088307124189921,-0.0129054543144058,-0.0115004894491689));
#4538=CARTESIAN_POINT('',(-0.00989893666596964,-0.0126751959144073,-0.0109604736837493));
#4539=CARTESIAN_POINT('',(-0.00988394645263302,-0.0126868993029069,-0.0114206069423918));
#4540=CARTESIAN_POINT('',(-0.00960612298997719,-0.0123391471162811,-0.0115395773878496));
#4541=CARTESIAN_POINT('',(-0.0102848439258553,-0.0123640016968162,-0.0109802165505868));
#4542=CARTESIAN_POINT('',(-0.0102701733399628,-0.0123762037876572,-0.0114403480257921));
#4543=CARTESIAN_POINT('',(-0.00998175239801083,-0.0120371916374481,-0.0115593172108471));
#4544=CARTESIAN_POINT('',(-0.0110200397662831,-0.0117134655882713,-0.0110194651613038));
#4545=CARTESIAN_POINT('',(-0.0110060878435029,-0.0117265900496849,-0.0114795946053392));
#4546=CARTESIAN_POINT('',(-0.0106975057535529,-0.0114058187129238,-0.0115985623325306));
#4547=CARTESIAN_POINT('',(-0.0113709290872976,-0.0113730267863085,-0.0110390472969736));
#4548=CARTESIAN_POINT('',(-0.0113573766834769,-0.0113865774092869,-0.0114991764584946));
#4549=CARTESIAN_POINT('',(-0.0110391873199203,-0.0110753373999733,-0.011618144002704));
#4550=CARTESIAN_POINT('',(-0.0123743381921606,-0.0103069852851257,-0.0110976694018665));
#4551=CARTESIAN_POINT('',(-0.0123620891206556,-0.0103216943708269,-0.0115577999457068));
#4552=CARTESIAN_POINT('',(-0.0120164686741272,-0.010040256437859,-0.0116767685005573));
#4553=CARTESIAN_POINT('',(-0.0129780230643887,-0.00953704241948933,-0.0111365861748041));
#4554=CARTESIAN_POINT('',(-0.0129667811641283,-0.00955236633703169,-0.0115967205001519));
#4555=CARTESIAN_POINT('',(-0.0126047176497671,-0.00929239430918127,-0.0117156919220664));
#4556=CARTESIAN_POINT('',(-0.0137816225439003,-0.00828958165411231,-0.0111947036294979));
#4557=CARTESIAN_POINT('',(-0.0137720353568001,-0.00830552791257804,-0.0116548481413282));
#4558=CARTESIAN_POINT('',(-0.0133881644243134,-0.00808024469962313,-0.0117738267413615));
#4559=CARTESIAN_POINT('',(-0.0140297529886557,-0.00786224913517482,-0.0112137088742437));
#4560=CARTESIAN_POINT('',(-0.0140206727216399,-0.00787844430693945,-0.0116738544653447));
#4561=CARTESIAN_POINT('',(-0.01363006585036,-0.00766505311670075,-0.0117928337498355));
#4562=CARTESIAN_POINT('',(-0.0144854089873478,-0.00698726390338262,-0.0112522769894227));
#4563=CARTESIAN_POINT('',(-0.0144772276873201,-0.00700421570618843,-0.0117124156201594));
#4564=CARTESIAN_POINT('',(-0.0140742397626017,-0.00681523252229252,-0.0118313899088115));
#4565=CARTESIAN_POINT('',(-0.0146936916429298,-0.0065379595979574,-0.0112718167053191));
#4566=CARTESIAN_POINT('',(-0.0146859959858986,-0.00655524946955031,-0.0117319525200429));
#4567=CARTESIAN_POINT('',(-0.0142773682465617,-0.0063787868385978,-0.0118509248056459));
#4568=CARTESIAN_POINT('',(-0.0152541038323139,-0.0051665656369679,-0.0113306804960069));
#4569=CARTESIAN_POINT('',(-0.0152479439565617,-0.00518472417530892,-0.011790810155689));
#4570=CARTESIAN_POINT('',(-0.0148242002667498,-0.00504643853176771,-0.0119097779406478));
#4571=CARTESIAN_POINT('',(-0.0155388397180329,-0.004231203736709,-0.0113698235760269));
#4572=CARTESIAN_POINT('',(-0.015533794363127,-0.00424974740027827,-0.011829951986558));
#4573=CARTESIAN_POINT('',(-0.015102459110671,-0.00413744430763917,-0.0119489190328759));
#4574=CARTESIAN_POINT('',(-0.0158372130046012,-0.00279759882898779,-0.0114283943093945));
#4575=CARTESIAN_POINT('',(-0.0158338922842298,-0.00281640297878946,-0.0118885254089266));
#4576=CARTESIAN_POINT('',(-0.015394747025841,-0.00274384257213251,-0.0120074943497295));
#4577=CARTESIAN_POINT('',(-0.015915078189369,-0.00231460420889468,-0.0114478937437652));
#4578=CARTESIAN_POINT('',(-0.0159123409633297,-0.00233344341605103,-0.0119080264555797));
#4579=CARTESIAN_POINT('',(-0.0154711926684086,-0.00227425853743503,-0.0120269965728886));
#4580=CARTESIAN_POINT('',(-0.016026741805156,-0.0013381530287773,-0.011486843263695));
#4581=CARTESIAN_POINT('',(-0.0160251745940347,-0.00135695429792014,-0.0119469806805204));
#4582=CARTESIAN_POINT('',(-0.0155812413886364,-0.00132478265738147,-0.0120659541748353));
#4583=CARTESIAN_POINT('',(-0.0160604685086498,-0.000843020016390398,-0.0115063575047428));
#4584=CARTESIAN_POINT('',(-0.016059489750674,-0.000861748166800324,-0.0119664980086919));
#4585=CARTESIAN_POINT('',(-0.0156147771425344,-0.00084325988368205,-0.0120854737367622));
#4586=CARTESIAN_POINT('',(-0.0160819331117309,0.000144079336400711,-0.0115447891145676));
#4587=CARTESIAN_POINT('',(-0.0160821028728106,0.000125603974245055,-0.0120049371397056));
#4588=CARTESIAN_POINT('',(-0.0156370977224527,0.000116840401404192,-0.0121239182661824));
#4589=CARTESIAN_POINT('',(-0.0160699574349169,0.000637204828887017,-0.011563839469937));
#4590=CARTESIAN_POINT('',(-0.0160706943819539,0.000618531653815355,-0.0120239817885503));
#4591=CARTESIAN_POINT('',(-0.0156261638841187,0.000596068662213503,-0.0121429587291142));
#4592=CARTESIAN_POINT('',(-0.0160005267748005,0.00162256121083048,-0.0116026753829855));
#4593=CARTESIAN_POINT('',(-0.0160024314643987,0.00160374443378242,-0.0120628115375865));
#4594=CARTESIAN_POINT('',(-0.0155601206481218,0.00155397523520111,-0.0121817840539773));
#4595=CARTESIAN_POINT('',(-0.0159428271562275,0.0021148951724853,-0.0116223196290098));
#4596=CARTESIAN_POINT('',(-0.015945323854773,0.00209606045252817,-0.0120824533889231));
#4597=CARTESIAN_POINT('',(-0.0155047614930084,0.00203266181142972,-0.0122014242056093));
#4598=CARTESIAN_POINT('',(-0.0157047427221029,0.00356794875640631,-0.011681003701141));
#4599=CARTESIAN_POINT('',(-0.0157089897495716,0.00354922295675177,-0.0121411326048248));
#4600=CARTESIAN_POINT('',(-0.0152754660854002,0.00344563845788051,-0.0122600998708097));
#4601=CARTESIAN_POINT('',(-0.0154595980565772,0.00451263953907632,-0.0117200988525059));
#4602=CARTESIAN_POINT('',(-0.015464987658241,0.00449419636706691,-0.0121802273544404));
#4603=CARTESIAN_POINT('',(-0.0150385428573418,0.00436454356330611,-0.0122991944890546));
#4604=CARTESIAN_POINT('',(-0.0149634804659022,0.00589400059524115,-0.011778700671024));
#4605=CARTESIAN_POINT('',(-0.0149704616719356,0.00587628086602445,-0.0122388331516054));
#4606=CARTESIAN_POINT('',(-0.0145581607599536,0.00570858648024549,-0.0123578030893117));
#4607=CARTESIAN_POINT('',(-0.0147765772730129,0.00634847215178368,-0.0117982277425301));
#4608=CARTESIAN_POINT('',(-0.0147840690768469,0.00633104232680086,-0.0122583622633937));
#4609=CARTESIAN_POINT('',(-0.0143770735983986,0.00615084640064468,-0.0123773336849309));
#4610=CARTESIAN_POINT('',(-0.014358259389731,0.00724504809262814,-0.0118372675890239));
#4611=CARTESIAN_POINT('',(-0.0143667173377542,0.00722829299361501,-0.0122974076820365));
#4612=CARTESIAN_POINT('',(-0.0139715513690488,0.00702346077114876,-0.0124163831030187));
#4613=CARTESIAN_POINT('',(-0.0141296244853205,0.00768107855111138,-0.0118564849673315));
#4614=CARTESIAN_POINT('',(-0.0141383943447779,0.00766493654020028,-0.0123166358398651));
#4615=CARTESIAN_POINT('',(-0.013749642769273,0.00744819760547033,-0.0124356189091715));
#4616=CARTESIAN_POINT('',(-0.0133892820706348,0.00894937281886397,-0.0119133593478384));
#4617=CARTESIAN_POINT('',(-0.0133997364011252,0.00893369972815435,-0.0123734982775402));
#4618=CARTESIAN_POINT('',(-0.013031903684522,0.00868197741479736,-0.0124924726192439));
#4619=CARTESIAN_POINT('',(-0.0128227288270135,0.00974399768073359,-0.0119519061711603));
#4620=CARTESIAN_POINT('',(-0.0128342427753837,0.0097288367286394,-0.0124120396318959));
#4621=CARTESIAN_POINT('',(-0.0124823592056968,0.00945525663980274,-0.0125310101896453));
#4622=CARTESIAN_POINT('',(-0.0118627740216125,0.0108591333726716,-0.0120106785094225));
#4623=CARTESIAN_POINT('',(-0.0118756997540409,0.0108450110023021,-0.0124708082387188));
#4624=CARTESIAN_POINT('',(-0.0115507451509767,0.0105408379255541,-0.0125897761678033));
#4625=CARTESIAN_POINT('',(-0.011522945240108,0.0112192448548558,-0.0120305041613016));
#4626=CARTESIAN_POINT('',(-0.0115363136199028,0.011205515010165,-0.0124906333766272));
#4627=CARTESIAN_POINT('',(-0.0112208776211528,0.0108914775533387,-0.0126096009567753));
#4628=CARTESIAN_POINT('',(-0.0108122044170837,0.0119057111405801,-0.0120700825834409));
#4629=CARTESIAN_POINT('',(-0.0108263769682691,0.0118928406830196,-0.0125302123172495));
#4630=CARTESIAN_POINT('',(-0.0105308185423616,0.0115600279969992,-0.0126491802694982));
#4631=CARTESIAN_POINT('',(-0.0104419900028067,0.0122316817285758,-0.0120898046956717));
#4632=CARTESIAN_POINT('',(-0.0104565241959499,0.0122192766872732,-0.0125499354314001));
#4633=CARTESIAN_POINT('',(-0.0101713049253996,0.011877563908947,-0.0126689041227145));
#4634=CARTESIAN_POINT('',(-0.00967196962189018,0.0128492099664191,-0.0121291151108241));
#4635=CARTESIAN_POINT('',(-0.00968713638627213,0.0128377959229038,-0.012589249352417));
#4636=CARTESIAN_POINT('',(-0.0094233919132983,0.0124792512249599,-0.0127082205599968));
#4637=CARTESIAN_POINT('',(-0.00927075743000324,0.0131415585096349,-0.0121487656757777));
#4638=CARTESIAN_POINT('',(-0.00928619607614952,0.0131306716399924,-0.0126089024130395));
#4639=CARTESIAN_POINT('',(-0.00903362580742402,0.0127641740328628,-0.0127278754301936));
#4640=CARTESIAN_POINT('',(-0.00845004344092564,0.013683722784191,-0.0121873825981008));
#4641=CARTESIAN_POINT('',(-0.00846592084794632,0.013673922243973,-0.0126475256916277));
#4642=CARTESIAN_POINT('',(-0.0082361787905333,0.0132927046928887,-0.0127665032709166));
#4643=CARTESIAN_POINT('',(-0.00802963157898276,0.013934454027305,-0.0122062470197219));
#4644=CARTESIAN_POINT('',(-0.00804566607835271,0.0139252095552574,-0.0126663941849639));
#4645=CARTESIAN_POINT('',(-0.00782760172308122,0.0135371983061035,-0.0127853745980682));
#4646=CARTESIAN_POINT('',(-0.00673895249269612,0.0146268798324962,-0.0122633476116333));
#4647=CARTESIAN_POINT('',(-0.00675614093593613,0.0146189430622975,-0.0127234839882837));
#4648=CARTESIAN_POINT('',(-0.00657409231090894,0.0142121008395726,-0.0128424565168625));
#4649=CARTESIAN_POINT('',(-0.00583949183269435,0.0150093120290195,-0.0123021080298178));
#4650=CARTESIAN_POINT('',(-0.00585729178016117,0.0150023829614834,-0.0127622397333122));
#4651=CARTESIAN_POINT('',(-0.00570028994290425,0.014585216533473,-0.0128812090522353));
#4652=CARTESIAN_POINT('',(-0.00442993650161796,0.0154604223569014,-0.0123613222578408));
#4653=CARTESIAN_POINT('',(-0.00444835650563003,0.0154551434784656,-0.0128214515179751));
#4654=CARTESIAN_POINT('',(-0.00433052270407355,0.0150259182632376,-0.0129404191159523));
#4655=CARTESIAN_POINT('',(-0.00395131043271791,0.0155896146096989,-0.0123811816801601));
#4656=CARTESIAN_POINT('',(-0.00396988702537492,0.0155849070230052,-0.0128413108725637));
#4657=CARTESIAN_POINT('',(-0.00386533913329685,0.0151522542364693,-0.0129602784421331));
#4658=CARTESIAN_POINT('',(-0.00298802989618646,0.0158025509065511,-0.0124206653939808));
#4659=CARTESIAN_POINT('',(-0.00300681096429889,0.0157990004604476,-0.012880795981692));
#4660=CARTESIAN_POINT('',(-0.00292897448243781,0.0153607547543841,-0.0129997645527));
#4661=CARTESIAN_POINT('',(-0.00250175230929157,0.0158868415120604,-0.0124403581507633));
#4662=CARTESIAN_POINT('',(-0.00252058261941012,0.0158838787211337,-0.0129004901745202));
#4663=CARTESIAN_POINT('',(-0.00245621618188876,0.0154434531349673,-0.0130194597960551));
#4664=CARTESIAN_POINT('',(-0.00102887357564626,0.0160725397977675,-0.0124992875987389));
#4665=CARTESIAN_POINT('',(-0.00104768870219609,0.0160713450012538,-0.012959426131414));
#4666=CARTESIAN_POINT('',(-0.00102407833545291,0.0156262415465761,-0.0130784005124247));
#4667=CARTESIAN_POINT('',(-4.98411654563434E-5,0.0161045209778511,-0.0125369052329544));
#4668=CARTESIAN_POINT('',(-6.83798685687503E-5,0.0161044490812264,-0.012997052340284));
#4669=CARTESIAN_POINT('',(-7.1797039324727E-5,0.0156587558790937,-0.013116032590083));
#4670=CARTESIAN_POINT('',(0.0014116429901244,0.0160203309215318,-0.0125943109296516));
#4671=CARTESIAN_POINT('',(0.00139284539547227,0.0160219836927009,-0.0130544482559638));
#4672=CARTESIAN_POINT('',(0.00134891818314891,0.0155790603678412,-0.013173421611915));
#4673=CARTESIAN_POINT('',(0.00189777686751884,0.0159701179484976,-0.0126136373113185));
#4674=CARTESIAN_POINT('',(0.00187894558575866,0.0159723536670722,-0.0130737720646605));
#4675=CARTESIAN_POINT('',(0.00182155645217108,0.0155309691655377,-0.0131927435914898));
#4676=CARTESIAN_POINT('',(0.00286795734030881,0.0158246973121757,-0.0126526784944139));
#4677=CARTESIAN_POINT('',(0.00284916622199941,0.0158281008270687,-0.013112809554158));
#4678=CARTESIAN_POINT('',(0.00276493803413899,0.0153910405006415,-0.0132317784300471));
#4679=CARTESIAN_POINT('',(0.00335383444620939,0.0157290017516581,-0.0126724691842857));
#4680=CARTESIAN_POINT('',(0.00333511720821568,0.0157329923378514,-0.0131325991016229));
#4681=CARTESIAN_POINT('',(0.00323746193439564,0.0152987314173579,-0.0132515671771517));
#4682=CARTESIAN_POINT('',(0.00431340706385566,0.0154933605488844,-0.0127120408427499));
#4683=CARTESIAN_POINT('',(0.00429494469713358,0.0154985001179111,-0.0131721700217446));
#4684=CARTESIAN_POINT('',(0.00417079949556485,0.0150710571001087,-0.0132911375673233));
#4685=CARTESIAN_POINT('',(0.00478651061473762,0.0153537786459942,-0.0127317951225497));
#4686=CARTESIAN_POINT('',(0.00476822800052358,0.0153594795340852,-0.013191924675992));
#4687=CARTESIAN_POINT('',(0.00463103673113936,0.0149360446321132,-0.0133108925105387));
#4688=CARTESIAN_POINT('',(0.00571939316967819,0.0150312256435003,-0.01277124075857));
#4689=CARTESIAN_POINT('',(0.00570157096103107,0.0150380083402248,-0.0132313725815047));
#4690=CARTESIAN_POINT('',(0.00553868207611993,0.0146237809357303,-0.013350342044926));
#4691=CARTESIAN_POINT('',(0.00618055420102216,0.0148474982050259,-0.0127909934556289));
#4692=CARTESIAN_POINT('',(0.00616301339750974,0.0148548030356694,-0.0132511271628381));
#4693=CARTESIAN_POINT('',(0.00598743558448568,0.0144457960923678,-0.0133700979977521));
#4694=CARTESIAN_POINT('',(0.0075245713004696,0.0142391630535025,-0.0128493209097232));
#4695=CARTESIAN_POINT('',(0.00750800178853479,0.0142479319534205,-0.0133094623332976));
#4696=CARTESIAN_POINT('',(0.00729548391817279,0.0138561423204096,-0.013428438809414));
#4697=CARTESIAN_POINT('',(0.00837348414870143,0.0137566655740975,-0.012886649042876));
#4698=CARTESIAN_POINT('',(0.00835753334252662,0.0137663597045147,-0.0133467927173468));
#4699=CARTESIAN_POINT('',(0.00812167891728536,0.0133881655161927,-0.0134657705225088));
#4700=CARTESIAN_POINT('',(0.0095773480959026,0.0129197094907911,-0.0129444415962201));
#4701=CARTESIAN_POINT('',(0.00956212132696038,0.0129309931535715,-0.0134045766702258));
#4702=CARTESIAN_POINT('',(0.00929313702412413,0.012576366599903,-0.0135235484144684));
#4703=CARTESIAN_POINT('',(0.00996698431874076,0.012621738232038,-0.0129639148076309));
#4704=CARTESIAN_POINT('',(0.00995204800761854,0.0126335309376158,-0.0134240477100012));
#4705=CARTESIAN_POINT('',(0.0096723553882177,0.0122872809597746,-0.0135430179137058));
#4706=CARTESIAN_POINT('',(0.0107222823461918,0.0119867307343019,-0.013003291421703));
#4707=CARTESIAN_POINT('',(0.0107080206556801,0.0119994858892207,-0.0134634214645875));
#4708=CARTESIAN_POINT('',(0.0104075989287519,0.0116710569088371,-0.0135823896160486));
#4709=CARTESIAN_POINT('',(0.0110866031389118,0.0116505864203175,-0.0130231315939738));
#4710=CARTESIAN_POINT('',(0.0110727243750436,0.0116637934470836,-0.0134832609374542));
#4711=CARTESIAN_POINT('',(0.01076231923612,0.0113447834049355,-0.0136022286070322));
#4712=CARTESIAN_POINT('',(0.012126804756482,0.0105980877419575,-0.0130824100663499));
#4713=CARTESIAN_POINT('',(0.0121141849482408,0.0106125283572588,-0.0135425396206143));
#4714=CARTESIAN_POINT('',(0.0117753183306636,0.0103229647430394,-0.0136615074443239));
#4715=CARTESIAN_POINT('',(0.0127581176173843,0.00982824067844944,-0.013122105507506));
#4716=CARTESIAN_POINT('',(0.0127464941761497,0.009843351107659,-0.0135822381945955));
#4717=CARTESIAN_POINT('',(0.0123904168366578,0.00957526487953551,-0.0137012084196452));
#4718=CARTESIAN_POINT('',(0.0138564252139366,0.00820751852042509,-0.0131991473711145));
#4719=CARTESIAN_POINT('',(0.0138469428254257,0.00822355298670933,-0.0136592920007023));
#4720=CARTESIAN_POINT('',(0.0134610300902037,0.00800056206590895,-0.0137782707973423));
#4721=CARTESIAN_POINT('',(0.0143282624707214,0.00735316796951859,-0.0132364928457422));
#4722=CARTESIAN_POINT('',(0.0143196782921634,0.0073698709920168,-0.0136966334124992));
#4723=CARTESIAN_POINT('',(0.0139209355713711,0.00717069925645584,-0.0138156090068315));
#4724=CARTESIAN_POINT('',(0.0149191781935767,0.00600536318075474,-0.0132947579994333));
#4725=CARTESIAN_POINT('',(0.014912073040405,0.0060230073569355,-0.0137548911640456));
#4726=CARTESIAN_POINT('',(0.0144973562968213,0.00586137500452208,-0.0138738615428093));
#4727=CARTESIAN_POINT('',(0.0150973126153417,0.00554253631479687,-0.0133145103470024));
#4728=CARTESIAN_POINT('',(0.0150907344341231,0.00556045142773332,-0.013774641746624));
#4729=CARTESIAN_POINT('',(0.0146712233539463,0.00541169690062867,-0.0138936108776757));
#4730=CARTESIAN_POINT('',(0.0154085168901101,0.00460718615354228,-0.0133539258473461));
#4731=CARTESIAN_POINT('',(0.0154030281998172,0.00462553902142779,-0.0138140552600399));
#4732=CARTESIAN_POINT('',(0.0149751852684174,0.00450278262450433,-0.0139330229649706));
#4733=CARTESIAN_POINT('',(0.0155416360212594,0.00413543825980982,-0.0133735594925034));
#4734=CARTESIAN_POINT('',(0.0155367085027686,0.00415395876936005,-0.0138336886525504));
#4735=CARTESIAN_POINT('',(0.0151053266101458,0.00404430076155734,-0.013952656196126));
#4736=CARTESIAN_POINT('',(0.0158753096810124,0.00270829592252896,-0.013432243948431));
#4737=CARTESIAN_POINT('',(0.0158720933187997,0.00272716206196101,-0.0138923745820709));
#4738=CARTESIAN_POINT('',(0.0154319205282641,0.00265708880141739,-0.0140113432030145));
#4739=CARTESIAN_POINT('',(0.0160107233059725,0.0017411011586128,-0.0134710801034533));
#4740=CARTESIAN_POINT('',(0.0160086845286158,0.00175999082213341,-0.0139312145840856));
#4741=CARTESIAN_POINT('',(0.0155650710807644,0.00171668797693968,-0.0140501861168675));
#4742=CARTESIAN_POINT('',(0.0160803317968279,0.000266123204846467,-0.0135288938115536));
#4743=CARTESIAN_POINT('',(0.0160800277890122,0.000284720602296371,-0.0139890384968667));
#4744=CARTESIAN_POINT('',(0.0156349424667175,0.000282163840281869,-0.0141080172212574));
#4745=CARTESIAN_POINT('',(0.0160809223507354,-0.00023032840788691,-0.0135479877790602));
#4746=CARTESIAN_POINT('',(0.0160811844439411,-0.000211756039749878,-0.0140081331761779));
#4747=CARTESIAN_POINT('',(0.0156362295507399,-0.000200578922305385,-0.0141271123216886));
#4748=CARTESIAN_POINT('',(0.0160365182362533,-0.00121622271158566,-0.0135865836193834));
#4749=CARTESIAN_POINT('',(0.0160379382348923,-0.00119744801776334,-0.0140467220987015));
#4750=CARTESIAN_POINT('',(0.0155945074351501,-0.0011589348082612,-0.0141656962789133));
#4751=CARTESIAN_POINT('',(0.0159916955472922,-0.00170750915577988,-0.0136060530969558));
#4752=CARTESIAN_POINT('',(0.0159937030410345,-0.00168868641601254,-0.0140661887935978));
#4753=CARTESIAN_POINT('',(0.0155516629488121,-0.00163656501935222,-0.0141851609946507));
#4754=CARTESIAN_POINT('',(0.0158565859909079,-0.00268674425788931,-0.013645336988358));
#4755=CARTESIAN_POINT('',(0.0158597708223886,-0.00266793452872417,-0.0141054685917427));
#4756=CARTESIAN_POINT('',(0.0154217717752961,-0.00258871650308541,-0.014224437854977));
#4757=CARTESIAN_POINT('',(0.0157663703369259,-0.00317292561083642,-0.0136650823036078));
#4758=CARTESIAN_POINT('',(0.0157701428540012,-0.00315417674801624,-0.0141252125872323));
#4759=CARTESIAN_POINT('',(0.0153347916172415,-0.00306151985977333,-0.0142441809231968));
#4760=CARTESIAN_POINT('',(0.0155437565469797,-0.00412765344248087,-0.0137043307273327));
#4761=CARTESIAN_POINT('',(0.0155486746543576,-0.00410913066642614,-0.0141644598978346));
#4762=CARTESIAN_POINT('',(0.0151197796929452,-0.00399011045279264,-0.0142834274348456));
#4763=CARTESIAN_POINT('',(0.01541114972688,-0.00459784306675675,-0.0137238995655345));
#4764=CARTESIAN_POINT('',(0.0154166278436986,-0.00457948492055203,-0.0141840289120639));
#4765=CARTESIAN_POINT('',(0.0149915475235975,-0.00444749533053985,-0.0143029965950923));
#4766=CARTESIAN_POINT('',(0.0149503026648376,-0.00598718317016415,-0.0137824422164836));
#4767=CARTESIAN_POINT('',(0.0149574019193302,-0.0059694666199478,-0.0142425742998089));
#4768=CARTESIAN_POINT('',(0.0145454958428934,-0.00579919470965351,-0.0143615439837357));
#4769=CARTESIAN_POINT('',(0.0145585150428507,-0.00688721845292658,-0.0138213393812587));
#4770=CARTESIAN_POINT('',(0.0145666199789855,-0.00687012649273737,-0.0142814761615661));
#4771=CARTESIAN_POINT('',(0.0141658176549366,-0.00667511148322927,-0.0144004493664346));
#4772=CARTESIAN_POINT('',(0.0138428090298199,-0.00818699526577039,-0.0138790749274347));
#4773=CARTESIAN_POINT('',(0.0138522142088654,-0.0081711011249479,-0.0143392231621311));
#4774=CARTESIAN_POINT('',(0.0134715619394012,-0.00794042646482667,-0.0144582044394668));
#4775=CARTESIAN_POINT('',(0.013585093966893,-0.00860780025762064,-0.0138981435185428));
#4776=CARTESIAN_POINT('',(0.0135950966764028,-0.00859200724248169,-0.0143582856596637));
#4777=CARTESIAN_POINT('',(0.01322172851633,-0.00834971023131303,-0.0144772624732268));
#4778=CARTESIAN_POINT('',(0.0130316866496589,-0.00942465630299099,-0.013936946335781));
#4779=CARTESIAN_POINT('',(0.0130427698253444,-0.0094093255312223,-0.0143970823657076));
#4780=CARTESIAN_POINT('',(0.0126849930379722,-0.00914454025313107,-0.0145160547929871));
#4781=CARTESIAN_POINT('',(0.0127347480429267,-0.00982215374186062,-0.0139566125929009));
#4782=CARTESIAN_POINT('',(0.0127463526230053,-0.00980710508725603,-0.0144167462470408));
#4783=CARTESIAN_POINT('',(0.012396926911334,-0.00953139175191089,-0.0145357169879847));
#4784=CARTESIAN_POINT('',(0.0117963225196216,-0.010964668138861,-0.0140155485037838));
#4785=CARTESIAN_POINT('',(0.0118093913325658,-0.0109505977413942,-0.0144756773594363));
#4786=CARTESIAN_POINT('',(0.0114863130744019,-0.0106435161948518,-0.0145946445915932));
#4787=CARTESIAN_POINT('',(0.0111093586701728,-0.0116594023042732,-0.0140546862043758));
#4788=CARTESIAN_POINT('',(0.0111232728864731,-0.0116461526893752,-0.0145148147320136));
#4789=CARTESIAN_POINT('',(0.0108194226781245,-0.0113200587009618,-0.0146337818863722));
#4790=CARTESIAN_POINT('',(0.0099893903839445,-0.012603815951767,-0.0141131696565442));
#4791=CARTESIAN_POINT('',(0.0100043141337581,-0.0125919897169051,-0.0145733022437986));
#4792=CARTESIAN_POINT('',(0.00973172184742892,-0.012240128754723,-0.0146922722583797));
#4793=CARTESIAN_POINT('',(0.00960105317509436,-0.0129022366305384,-0.0141326267147372));
#4794=CARTESIAN_POINT('',(0.0096162713211614,-0.0128909161256533,-0.0145927613642376));
#4795=CARTESIAN_POINT('',(0.00935450264650304,-0.0125309284418362,-0.0147117328780476));
#4796=CARTESIAN_POINT('',(0.00879362249008651,-0.0134655165383003,-0.0141714640685849));
#4797=CARTESIAN_POINT('',(0.00880933428930493,-0.013455259688855,-0.0146316043095276));
#4798=CARTESIAN_POINT('',(0.00857004029284421,-0.0130799613623978,-0.0147505798366115));
#4799=CARTESIAN_POINT('',(0.00837385076615248,-0.0137305403010129,-0.0141908200198034));
#4800=CARTESIAN_POINT('',(0.00838954000069839,-0.0137209665191616,-0.0146509706530002));
#4801=CARTESIAN_POINT('',(0.00816186169787359,-0.0133385148786836,-0.0147699535499909));
#4802=CARTESIAN_POINT('',(0.00751592020537554,-0.0142183000769417,-0.0142290590652734));
#4803=CARTESIAN_POINT('',(0.0075324304355083,-0.0142095674799229,-0.0146892016651338));
#4804=CARTESIAN_POINT('',(0.00732870420267042,-0.013813831017007,-0.0148081787960181));
#4805=CARTESIAN_POINT('',(0.00707629425517437,-0.0144421605441665,-0.0142483847677213));
#4806=CARTESIAN_POINT('',(0.00709317598670472,-0.01443388560781,-0.0147085240018735));
#4807=CARTESIAN_POINT('',(0.00690171085922518,-0.0140320707782279,-0.0148274987340824));
#4808=CARTESIAN_POINT('',(0.00617561217699519,-0.0148496382383088,-0.0142874507955259));
#4809=CARTESIAN_POINT('',(0.00619314823727846,-0.0148423422184094,-0.0147475847322109));
#4810=CARTESIAN_POINT('',(0.00602677662403903,-0.014429500996219,-0.0148665556622561));
#4811=CARTESIAN_POINT('',(0.00571620273535265,-0.0150323280703366,-0.0143071178174178));
#4812=CARTESIAN_POINT('',(0.00573402048295175,-0.0150255512952023,-0.0147672498165737));
#4813=CARTESIAN_POINT('',(0.00558043482978493,-0.0146077875960319,-0.0148862193755606));
#4814=CARTESIAN_POINT('',(0.00432651138323894,-0.0155128291408831,-0.0143658660855125));
#4815=CARTESIAN_POINT('',(0.00434501928051821,-0.01550766201939,-0.0148259945829957));
#4816=CARTESIAN_POINT('',(0.00423007113707541,-0.0150770146198777,-0.0149449615816323));
#4817=CARTESIAN_POINT('',(0.00337901547658401,-0.0157463462121681,-0.0144049509409412));
#4818=CARTESIAN_POINT('',(0.00339778594654166,-0.0157423262740779,-0.0148650799562059));
#4819=CARTESIAN_POINT('',(0.00330912474578781,-0.0153055139324634,-0.0149840474831507));
#4820=CARTESIAN_POINT('',(0.00192628823407752,-0.0159666816698201,-0.0144634574208096));
#4821=CARTESIAN_POINT('',(0.0019451292294411,-0.0159644105591205,-0.0149235917823906));
#4822=CARTESIAN_POINT('',(0.00189669151813655,-0.0155219556588265,-0.0150425630761265));
#4823=CARTESIAN_POINT('',(0.00143569776142324,-0.0160183954810298,-0.0144829812820237));
#4824=CARTESIAN_POINT('',(0.00145450953807072,-0.0160167130765682,-0.0149431181400943));
#4825=CARTESIAN_POINT('',(0.00141964089372923,-0.0155729807186104,-0.0150620912447085));
#4826=CARTESIAN_POINT('',(0.000448262823281951,-0.0160763578676918,-0.0145218022687731));
#4827=CARTESIAN_POINT('',(0.000466906859918588,-0.0160758416161146,-0.0149819455658729));
#4828=CARTESIAN_POINT('',(0.000459321612819562,-0.0156308105645099,-0.0151009232920625));
#4829=CARTESIAN_POINT('',(-4.51437341769284E-5,-0.016082505366963,-0.0145408085970812));
#4830=CARTESIAN_POINT('',(-2.66251427267438E-5,-0.0160825532273556,-0.0150009554946086));
#4831=CARTESIAN_POINT('',(-2.05866584092667E-5,-0.0156375000223381,-0.0151199357149636));
#4832=CARTESIAN_POINT('',(-0.00103128569281565,-0.016049469357425,-0.0145792955223105));
#4833=CARTESIAN_POINT('',(-0.00101253822252397,-0.0160506699213433,-0.0150394351639345));
#4834=CARTESIAN_POINT('',(-0.000979150022272764,-0.0156068246598799,-0.0151584101763126));
#4835=CARTESIAN_POINT('',(-0.00152591169619021,-0.016009998805522,-0.0145988383717336));
#4836=CARTESIAN_POINT('',(-0.00150710251016852,-0.0160117890185575,-0.015058975039143));
#4837=CARTESIAN_POINT('',(-0.00146001020138453,-0.0155691867958183,-0.0151779479348009));
#4838=CARTESIAN_POINT('',(-0.00250372200764103,-0.0158864673343648,-0.0146379464376428));
#4839=CARTESIAN_POINT('',(-0.00248489895758646,-0.0158894313834189,-0.0150980786631647));
#4840=CARTESIAN_POINT('',(-0.00241074253852603,-0.0154505486703812,-0.0152170483706732));
#4841=CARTESIAN_POINT('',(-0.00298661538152605,-0.0158026705699671,-0.014657497647438));
#4842=CARTESIAN_POINT('',(-0.00296783907928959,-0.0158062183513459,-0.0151176283778129));
#4843=CARTESIAN_POINT('',(-0.00288033114121164,-0.0153698046884026,-0.0152365970319026));
#4844=CARTESIAN_POINT('',(-0.00441772599709777,-0.0154868943411797,-0.0147161431286634));
#4845=CARTESIAN_POINT('',(-0.00439924725889812,-0.0154921621606821,-0.0151762716357448));
#4846=CARTESIAN_POINT('',(-0.00427221016696535,-0.0150649309747269,-0.0152952386642734));
#4847=CARTESIAN_POINT('',(-0.0053485191252473,-0.0151910617588439,-0.0147552293533859));
#4848=CARTESIAN_POINT('',(-0.00533044442398597,-0.0151974359923999,-0.0152153592226787));
#4849=CARTESIAN_POINT('',(-0.00517775524703169,-0.0147786778202641,-0.0153343273856462));
#4850=CARTESIAN_POINT('',(-0.00670897177147765,-0.0146163494097552,-0.0148138419633363));
#4851=CARTESIAN_POINT('',(-0.0066917965469043,-0.0146242355842592,-0.0152739784816088));
#4852=CARTESIAN_POINT('',(-0.00650169020238982,-0.0142217774519127,-0.0153929513290616));
#4853=CARTESIAN_POINT('',(-0.00715702028924371,-0.0144022149875003,-0.0148334045123562));
#4854=CARTESIAN_POINT('',(-0.00714019353610729,-0.014410581390025,-0.0152935439697409));
#4855=CARTESIAN_POINT('',(-0.00693777886495254,-0.0140141748583514,-0.0154125189443295));
#4856=CARTESIAN_POINT('',(-0.00802272300724843,-0.0139385311821509,-0.0148717231150718));
#4857=CARTESIAN_POINT('',(-0.00800666754994709,-0.0139477769997949,-0.015331869758655));
#4858=CARTESIAN_POINT('',(-0.00778049673283443,-0.0135644337150801,-0.0154508498911425));
#4859=CARTESIAN_POINT('',(-0.00844275376382925,-0.0136880868452677,-0.0148905536731549));
#4860=CARTESIAN_POINT('',(-0.0084268857383988,-0.0136978699638506,-0.015350697242978));
#4861=CARTESIAN_POINT('',(-0.00818913724028015,-0.0133215955421733,-0.0154696750805514));
#4862=CARTESIAN_POINT('',(-0.00966501113968599,-0.0128820004296974,-0.0149479907851417));
#4863=CARTESIAN_POINT('',(-0.00964979058260226,-0.0128934023755792,-0.0154081248031406));
#4864=CARTESIAN_POINT('',(-0.00937837959306716,-0.0125398506506885,-0.0155270956593996));
#4865=CARTESIAN_POINT('',(-0.010429750717651,-0.0122720623389348,-0.014986923151002));
#4866=CARTESIAN_POINT('',(-0.0104151546996334,-0.0122844651478091,-0.0154470533815888));
#4867=CARTESIAN_POINT('',(-0.0101227422970923,-0.0119480487478272,-0.0155660216681813));
#4868=CARTESIAN_POINT('',(-0.0118550883408986,-0.0109013803948185,-0.0150661209473692));
#4869=CARTESIAN_POINT('',(-0.0118420888262417,-0.0109155149473627,-0.0155262497953065));
#4870=CARTESIAN_POINT('',(-0.0115106430812681,-0.0106174786771189,-0.0156452170897043));
#4871=CARTESIAN_POINT('',(-0.0125028421109097,-0.010151895451149,-0.0151057037024751));
#4872=CARTESIAN_POINT('',(-0.0124907983852077,-0.0101667470296273,-0.0155658348161759));
#4873=CARTESIAN_POINT('',(-0.0121416761438208,-0.00988963657601389,-0.0156848038952005));
#4874=CARTESIAN_POINT('',(-0.0136520965597155,-0.00854413843670633,-0.0151838187735614));
#4875=CARTESIAN_POINT('',(-0.0136421647207906,-0.00856002970951296,-0.0156439604013922));
#4876=CARTESIAN_POINT('',(-0.0132617887382638,-0.00832768542812704,-0.0157629370266451));
#4877=CARTESIAN_POINT('',(-0.0141449023847385,-0.00769936789796592,-0.0152212011702498));
#4878=CARTESIAN_POINT('',(-0.0141359634782213,-0.00771576374972061,-0.0156813446061913));
#4879=CARTESIAN_POINT('',(-0.0137422046660793,-0.0075069329392083,-0.0158003222419943));
#4880=CARTESIAN_POINT('',(-0.0147656975184486,-0.00637322743350508,-0.0152789357872364));
#4881=CARTESIAN_POINT('',(-0.0147581822770547,-0.00639063117631564,-0.0157390707196044));
#4882=CARTESIAN_POINT('',(-0.0143476079009817,-0.0062187567485271,-0.0158580423626372));
#4883=CARTESIAN_POINT('',(-0.0149527700765131,-0.00592128350443027,-0.0152983590046842));
#4884=CARTESIAN_POINT('',(-0.0149457605642037,-0.00593898013605916,-0.015758491800878));
#4885=CARTESIAN_POINT('',(-0.0145301388301705,-0.00577968790586968,-0.0158774619288926));
#4886=CARTESIAN_POINT('',(-0.0152864240641796,-0.00499721628819226,-0.0153375691693105));
#4887=CARTESIAN_POINT('',(-0.0152804769394297,-0.00501540355010719,-0.0157976991698858));
#4888=CARTESIAN_POINT('',(-0.0148558946357313,-0.00488181063074286,-0.0159166672914801));
#4889=CARTESIAN_POINT('',(-0.0154333682205847,-0.00452333029771728,-0.0153574280901913));
#4890=CARTESIAN_POINT('',(-0.0154279796712733,-0.00454171612532225,-0.0158175574126088));
#4891=CARTESIAN_POINT('',(-0.0149994749123257,-0.00442128867213097,-0.0159365250674148));
#4892=CARTESIAN_POINT('',(-0.0156818656884824,-0.00356769675600368,-0.0153969823618205));
#4893=CARTESIAN_POINT('',(-0.0156776171120818,-0.00358637191179583,-0.0158571118758698));
#4894=CARTESIAN_POINT('',(-0.0152425301513085,-0.00349246602368615,-0.0159760796681911));
#4895=CARTESIAN_POINT('',(-0.0157838989549472,-0.00308512764364001,-0.0154167144628387));
#4896=CARTESIAN_POINT('',(-0.0157802324915896,-0.00310389497431155,-0.0158768448150321));
#4897=CARTESIAN_POINT('',(-0.01534247286295,-0.00302336757454949,-0.0159958132289767));
#4898=CARTESIAN_POINT('',(-0.0159435052434925,-0.00211047846429691,-0.0154560884958153));
#4899=CARTESIAN_POINT('',(-0.0159410127059601,-0.00212932158423555,-0.0159162220358437));
#4900=CARTESIAN_POINT('',(-0.0154991414591275,-0.00207578703152699,-0.0160351927378021));
#4901=CARTESIAN_POINT('',(-0.0160009085679091,-0.00161790483497971,-0.0154757477838048));
#4902=CARTESIAN_POINT('',(-0.0159990083372738,-0.00163673158459948,-0.015935883660496));
#4903=CARTESIAN_POINT('',(-0.0155557030167455,-0.00159682433690586,-0.0160548560579303));
#4904=CARTESIAN_POINT('',(-0.0161042793238552,-0.000148582212282601,-0.0155336907283234));
#4905=CARTESIAN_POINT('',(-0.0161041208547941,-0.00016720129967006,-0.0159938355997107));
#4906=CARTESIAN_POINT('',(-0.0156584107458826,-0.000167901012540328,-0.0161128145722113));
#4907=CARTESIAN_POINT('',(-0.0160834782697261,0.000827307177753209,-0.0155710513784414));
#4908=CARTESIAN_POINT('',(-0.0160844326364336,0.000808544189900097,-0.0160311917342988));
#4909=CARTESIAN_POINT('',(-0.015639583167985,0.000780795579910597,-0.0161501671794173));
#4910=CARTESIAN_POINT('',(-0.0158644511271103,0.00277162422681097,-0.015648538004523));
#4911=CARTESIAN_POINT('',(-0.0158677342388487,0.0027527709043766,-0.0161086687035053));
#4912=CARTESIAN_POINT('',(-0.0154295425497034,0.00267119081360125,-0.0162276372176126));
#4913=CARTESIAN_POINT('',(-0.0156634588747025,0.00374630686574417,-0.0156883327348077));
#4914=CARTESIAN_POINT('',(-0.0156679300640038,0.00372762285977632,-0.0161484613436657));
#4915=CARTESIAN_POINT('',(-0.0152356063526922,0.00361911508031637,-0.0162674285137917));
#4916=CARTESIAN_POINT('',(-0.0152317539323832,0.00516164515017095,-0.0157475770605474));
#4917=CARTESIAN_POINT('',(-0.0152378931516444,0.00514353044801885,-0.0162077072859483));
#4918=CARTESIAN_POINT('',(-0.0148179489913693,0.00499600090456767,-0.0163266755947326));
#4919=CARTESIAN_POINT('',(-0.0150657114813449,0.00562796634044672,-0.0157673449379756));
#4920=CARTESIAN_POINT('',(-0.0150723907076589,0.0056100929332417,-0.0162274764429775));
#4921=CARTESIAN_POINT('',(-0.0146571819063347,0.00544972112200357,-0.0163464456900827));
#4922=CARTESIAN_POINT('',(-0.014691697944555,0.0065424520689329,-0.0158066155970916));
#4923=CARTESIAN_POINT('',(-0.0146994025035435,0.00652515624825366,-0.0162667511526808));
#4924=CARTESIAN_POINT('',(-0.0142948116807504,0.00633962678456671,-0.0163857233069268));
#4925=CARTESIAN_POINT('',(-0.0144850196160918,0.00698777078065027,-0.0158259948268123));
#4926=CARTESIAN_POINT('',(-0.0144932066186033,0.0069708086577593,-0.0162861331148431));
#4927=CARTESIAN_POINT('',(-0.0140944615396577,0.00677304250404564,-0.0164051072475937));
#4928=CARTESIAN_POINT('',(-0.0138077506419003,0.00828903385546235,-0.0158833872103474));
#4929=CARTESIAN_POINT('',(-0.0138172791097011,0.00827319066840104,-0.0163435356346619));
#4930=CARTESIAN_POINT('',(-0.0134376280535288,0.00803970742817844,-0.016462517175824));
#4931=CARTESIAN_POINT('',(-0.0132803943802432,0.00911055179610175,-0.0159210069250452));
#4932=CARTESIAN_POINT('',(-0.0132910716930619,0.00909497171280331,-0.0163811445318612));
#4933=CARTESIAN_POINT('',(-0.0129263086619252,0.00883881423386018,-0.0165001180243971));
#4934=CARTESIAN_POINT('',(-0.0123740628229106,0.0102727574309784,-0.0159795892897002));
#4935=CARTESIAN_POINT('',(-0.0123862484401412,0.0102580757763018,-0.0164397208235622));
#4936=CARTESIAN_POINT('',(-0.0120469537463318,0.00996998629176937,-0.0165586900375718));
#4937=CARTESIAN_POINT('',(-0.0120513307372803,0.0106496377380038,-0.0159994041728541));
#4938=CARTESIAN_POINT('',(-0.0120639957558844,0.0106353048745527,-0.0164595344003735));
#4939=CARTESIAN_POINT('',(-0.0117337556576857,0.0103368753847098,-0.016578502696338));
#4940=CARTESIAN_POINT('',(-0.0113750961920718,0.0113691047629594,-0.0160389369923542));
#4941=CARTESIAN_POINT('',(-0.0113886438716047,0.0113555491196289,-0.0164990661561429));
#4942=CARTESIAN_POINT('',(-0.011077345988371,0.011037409243743,-0.0166180336886253));
#4943=CARTESIAN_POINT('',(-0.0110211105098637,0.011712583698287,-0.0160586938717337));
#4944=CARTESIAN_POINT('',(-0.0110350630778067,0.0116994563277723,-0.016518823245415));
#4945=CARTESIAN_POINT('',(-0.0107336661210981,0.0113719218842392,-0.0166377909487862));
#4946=CARTESIAN_POINT('',(-0.0102813755107754,0.0123670049472957,-0.0160981885431883));
#4947=CARTESIAN_POINT('',(-0.0102960537795992,0.0123548034792023,-0.0165583198636255));
#4948=CARTESIAN_POINT('',(-0.0100153170614523,0.0120093984902854,-0.0166772889642499));
#4949=CARTESIAN_POINT('',(-0.00989518032813722,0.0126780145361085,-0.0161179408867955));
#4950=CARTESIAN_POINT('',(-0.00991017965009411,0.0126663110127575,-0.0165780739298814));
#4951=CARTESIAN_POINT('',(-0.00964021407758517,0.0123124287189654,-0.0166970442860103));
#4952=CARTESIAN_POINT('',(-0.00910307332748301,0.0132582314921183,-0.0161568225830909));
#4953=CARTESIAN_POINT('',(-0.0091186134083635,0.0132475649563326,-0.0166169604904038));
#4954=CARTESIAN_POINT('',(-0.00887071047272199,0.0128778959694374,-0.016735934337703));
#4955=CARTESIAN_POINT('',(-0.0086957654004775,0.0135287645618296,-0.0161760290369815));
#4956=CARTESIAN_POINT('',(-0.00871152722996089,0.0135186385360465,-0.0166361700665663));
#4957=CARTESIAN_POINT('',(-0.0084749543415841,0.0131416241686332,-0.0167551461715596));
#4958=CARTESIAN_POINT('',(-0.00744067330825398,0.0142826724249374,-0.0162329573920597));
#4959=CARTESIAN_POINT('',(-0.00745694922701037,0.014274212252793,-0.0166931096799963));
#4960=CARTESIAN_POINT('',(-0.00725524396165701,0.0138767721356157,-0.0168120940124425));
#4961=CARTESIAN_POINT('',(-0.00656004538246388,0.0147088241225669,-0.016271117774714));
#4962=CARTESIAN_POINT('',(-0.00657737275379316,0.0147010884144041,-0.0167312529633191));
#4963=CARTESIAN_POINT('',(-0.00640030936423193,0.0142920308514495,-0.0168502247414709));
#4964=CARTESIAN_POINT('',(-0.0047075427844384,0.015402036989349,-0.0163499742472449));
#4965=CARTESIAN_POINT('',(-0.00472590710743139,0.0153964167454563,-0.0168101030618147));
#4966=CARTESIAN_POINT('',(-0.00460037737305669,0.0149687183280915,-0.0169290702653273));
#4967=CARTESIAN_POINT('',(-0.00375973467474913,0.0156594968466198,-0.0163893179762954));
#4968=CARTESIAN_POINT('',(-0.00377841807742914,0.0156550173363307,-0.0168494465081506));
#4969=CARTESIAN_POINT('',(-0.00367919841836254,0.0152204893923889,-0.0169684136775184));
#4970=CARTESIAN_POINT('',(-0.00280004571885336,0.0158292567409948,-0.0164282175723092));
#4971=CARTESIAN_POINT('',(-0.00281883178359775,0.0158259336639216,-0.0168883489113391));
#4972=CARTESIAN_POINT('',(-0.00274619920945228,0.0153870080774725,-0.017007318012204));
#4973=CARTESIAN_POINT('',(0.0155974285402735,-0.00101105390383581,-0.00215977999712418));
#4974=CARTESIAN_POINT('',(0.0155362506878878,-0.00195463130615248,-0.00219798320902009));
#4975=CARTESIAN_POINT('',(0.0152363740167525,-0.00385286707180069,-0.00227680794151278));
#4976=CARTESIAN_POINT('',(0.0139879081307333,-0.00741443929355615,-0.00243134305933341));
#4977=CARTESIAN_POINT('',(0.0117481337735064,-0.0106123232097664,-0.00258554342432864));
#4978=CARTESIAN_POINT('',(0.00882296375048592,-0.0130066266173788,-0.00274115382982998));
#4979=CARTESIAN_POINT('',(0.00544891332891105,-0.0148678085084524,-0.002893682534645));
#4980=CARTESIAN_POINT('',(0.00173134568296767,-0.0157400601344121,-0.00305108501347574));
#4981=CARTESIAN_POINT('',(-0.00211951640442843,-0.0155732241024434,-0.00320374083644077));
#4982=CARTESIAN_POINT('',(-0.00487501115958417,-0.014941463244345,-0.00332081466799116));
#4983=CARTESIAN_POINT('',(-0.00751949898922423,-0.0138004822235967,-0.00343727507775401));
#4984=CARTESIAN_POINT('',(-0.0106559650104148,-0.0117083600408624,-0.00358817722005895));
#4985=CARTESIAN_POINT('',(-0.0132015141155681,-0.00873739357419078,-0.00374754171948961));
#4986=CARTESIAN_POINT('',(-0.0147894812854203,-0.0053179753609758,-0.00389819897156192));
#4987=CARTESIAN_POINT('',(-0.0157552887670198,-0.00158783799066866,-0.00405780819149708));
#4988=CARTESIAN_POINT('',(-0.0156763972229638,0.0022303833699495,-0.00420679849285029));
#4989=CARTESIAN_POINT('',(-0.0145610552729411,0.0059177774727111,-0.00436647649623216));
#4990=CARTESIAN_POINT('',(-0.0132562526407115,0.00844087395220023,-0.00447930276286041));
#4991=CARTESIAN_POINT('',(-0.0115115992976834,0.0107026445103479,-0.00459546710497009));
#4992=CARTESIAN_POINT('',(-0.00935677464200007,0.0126276036941421,-0.00471474814071308));
#4993=CARTESIAN_POINT('',(-0.00694457598839268,0.014099149007044,-0.00482672720763398));
#4994=CARTESIAN_POINT('',(-0.00425497045970598,0.0151295799585682,-0.00494443933666502));
#4995=CARTESIAN_POINT('',(-0.00147653370729039,0.0156467029754279,-0.0050607635417718));
#4996=CARTESIAN_POINT('',(0.00140624479691731,0.0156556853552672,-0.00517492011986973));
#4997=CARTESIAN_POINT('',(0.00422538971126537,0.015136962865495,-0.00529259751362372));
#4998=CARTESIAN_POINT('',(0.00687445485259789,0.0141338611074833,-0.00540872969702574));
#4999=CARTESIAN_POINT('',(0.00934662377234643,0.0126371846238133,-0.00552304367989577));
#5000=CARTESIAN_POINT('',(0.0114727778030134,0.0107401311071278,-0.00564068812890221));
#5001=CARTESIAN_POINT('',(0.0132250174856264,0.00849476457934845,-0.00575670234227252));
#5002=CARTESIAN_POINT('',(0.0145550699408837,0.00592901692939559,-0.00587142731759181));
#5003=CARTESIAN_POINT('',(0.0153831059588594,0.00322140423919136,-0.00598859121145725));
#5004=CARTESIAN_POINT('',(0.015712378317099,0.000363021587159689,-0.00610508281133004));
#5005=CARTESIAN_POINT('',(0.0155222174340027,-0.00245977784723734,-0.0062178475036353));
#5006=CARTESIAN_POINT('',(0.0148176950210462,-0.00524588579453607,-0.00633696489788756));
#5007=CARTESIAN_POINT('',(0.0136101124629831,-0.0078576614917735,-0.00645245427617416));
#5008=CARTESIAN_POINT('',(0.0114405501199237,-0.0109430539038982,-0.00660456485323939));
#5009=CARTESIAN_POINT('',(0.0084120411309409,-0.0134118489101746,-0.00676246685957155));
#5010=CARTESIAN_POINT('',(0.00494836137778126,-0.0149173710545215,-0.0069143530151399));
#5011=CARTESIAN_POINT('',(0.00119325834158548,-0.015790122151898,-0.00707365996991446));
#5012=CARTESIAN_POINT('',(-0.0026211562294182,-0.0156165208282369,-0.00722293778713186));
#5013=CARTESIAN_POINT('',(-0.00628102638893083,-0.0144072010154981,-0.0073825305378346));
#5014=CARTESIAN_POINT('',(-0.0087610106605572,-0.0130483538771258,-0.0074944749469669));
#5015=CARTESIAN_POINT('',(-0.0109928278225478,-0.0112317504300388,-0.00761227222197633));
#5016=CARTESIAN_POINT('',(-0.013442984262662,-0.00836235619454316,-0.00776676907639652));
#5017=CARTESIAN_POINT('',(-0.015081931300912,-0.00481307838307308,-0.00792126535569292));
#5018=CARTESIAN_POINT('',(-0.0156787007213252,-0.00108874768749518,-0.0080764263563684));
#5019=CARTESIAN_POINT('',(-0.0155922176769826,0.00276302085853235,-0.00822905237136653));
#5020=CARTESIAN_POINT('',(-0.014476434407817,0.00641608542569703,-0.00838605813698617));
#5021=CARTESIAN_POINT('',(-0.0123969609612518,0.00966095407802571,-0.00853910569880474));
#5022=CARTESIAN_POINT('',(-0.00981572842121186,0.0124215635208459,-0.00869574117825305));
#5023=CARTESIAN_POINT('',(-0.00647676340825099,0.0144456237650873,-0.00884847665693506));
#5024=CARTESIAN_POINT('',(-0.00284110028169097,0.0154574124288389,-0.00900454879228059));
#5025=CARTESIAN_POINT('',(2.69619435450134E-5,0.0157170021603617,-0.00912036309252413));
#5026=CARTESIAN_POINT('',(0.00284221726674945,0.0154562837153784,-0.00923385591714036));
#5027=CARTESIAN_POINT('',(0.00653320998093129,0.014426476266318,-0.00939237684131665));
#5028=CARTESIAN_POINT('',(0.00984032395379096,0.012400375454019,-0.00954397106359967));
#5029=CARTESIAN_POINT('',(0.0124189233421872,0.00963213638263169,-0.00970073044237777));
#5030=CARTESIAN_POINT('',(0.0139639662688068,0.00721227299430748,-0.00981489163747379));
#5031=CARTESIAN_POINT('',(0.0150333155941529,0.00458596568426109,-0.00993023718453842));
#5032=CARTESIAN_POINT('',(0.0158139451506426,0.000811077343157053,-0.010088783933231));
#5033=CARTESIAN_POINT('',(0.0155487468412719,-0.0029976475718031,-0.0102386640574842));
#5034=CARTESIAN_POINT('',(0.0142513404684497,-0.00662623783427825,-0.0103978515526409));
#5035=CARTESIAN_POINT('',(0.012362157217477,-0.00988928809268939,-0.0105467293177486));
#5036=CARTESIAN_POINT('',(0.009560942496827,-0.0126187008236148,-0.0107080928717958));
#5037=CARTESIAN_POINT('',(0.00624722091220021,-0.0144209757009333,-0.0108573803788482));
#5038=CARTESIAN_POINT('',(0.00351362019445613,-0.015319019929865,-0.0109762594289021));
#5039=CARTESIAN_POINT('',(0.000709094923857741,-0.0157005547836901,-0.0110912172719737));
#5040=CARTESIAN_POINT('',(-0.00313918452849467,-0.0155207314436273,-0.011244901182444));
#5041=CARTESIAN_POINT('',(-0.0067651058192003,-0.0143170674092851,-0.0114011689498514));
#5042=CARTESIAN_POINT('',(-0.0099570666202949,-0.0121601214697385,-0.0115545954838514));
#5043=CARTESIAN_POINT('',(-0.0126536356031164,-0.00951452569802328,-0.0117111957724362));
#5044=CARTESIAN_POINT('',(-0.0145983705608817,-0.00612614027452091,-0.0118638511610004));
#5045=CARTESIAN_POINT('',(-0.0155205475373272,-0.00246819593998249,-0.0120201770243938));
#5046=CARTESIAN_POINT('',(-0.0157136747025083,0.000403870255062267,-0.0121349921613914));
#5047=CARTESIAN_POINT('',(-0.0153749964731432,0.00325510314732703,-0.0122512119421867));
#5048=CARTESIAN_POINT('',(-0.0145422120712683,0.00596148185787652,-0.0123684000016168));
#5049=CARTESIAN_POINT('',(-0.013212305210043,0.0085113397921378,-0.01248248247893));
#5050=CARTESIAN_POINT('',(-0.0114712778897108,0.0107437401908868,-0.012597873061628));
#5051=CARTESIAN_POINT('',(-0.00930915796931524,0.0126648133373925,-0.0127172364240257));
#5052=CARTESIAN_POINT('',(-0.00687148063690488,0.0141334128651587,-0.0128297520670985));
#5053=CARTESIAN_POINT('',(-0.00420700616066053,0.015144695253181,-0.0129465988468146));
#5054=CARTESIAN_POINT('',(-0.00136146041161528,0.015658036282378,-0.0130653548668005));
#5055=CARTESIAN_POINT('',(0.00146888646402454,0.0156466119363787,-0.0131772952944944));
#5056=CARTESIAN_POINT('',(0.00428919921631147,0.0151223902266936,-0.0132953859742705));
#5057=CARTESIAN_POINT('',(0.00697637934869973,0.0140824563495012,-0.0134131733899412));
#5058=CARTESIAN_POINT('',(0.0101923244258578,0.0121137577214243,-0.0135627268951825));
#5059=CARTESIAN_POINT('',(0.012849856055476,0.00924906930097969,-0.0137235789620159));
#5060=CARTESIAN_POINT('',(0.0145727914989846,0.00588401884587284,-0.0138733227331954));
#5061=CARTESIAN_POINT('',(0.0154002237436412,0.00313737260131825,-0.0139921956520841));
#5062=CARTESIAN_POINT('',(0.0157140521068382,0.000316098794963275,-0.0141067407773408));
#5063=CARTESIAN_POINT('',(0.0154371249897708,-0.00352549673746372,-0.0142612573072391));
#5064=CARTESIAN_POINT('',(0.014143126936748,-0.00712200579483054,-0.0144164789748222));
#5065=CARTESIAN_POINT('',(0.0119074470643848,-0.0102575616899915,-0.0145707663162907));
#5066=CARTESIAN_POINT('',(0.00920118633782429,-0.0128826626055117,-0.0147268174395424));
#5067=CARTESIAN_POINT('',(0.00576138255412132,-0.0147457082557543,-0.0148797955089114));
#5068=CARTESIAN_POINT('',(0.00208450510576422,-0.0155772615769571,-0.0150361229856874));
#5069=CARTESIAN_POINT('',(-0.00176204449916602,-0.0157376374963121,-0.015188491989505));
#5070=CARTESIAN_POINT('',(-0.00549173644411969,-0.0148490727046281,-0.0153465525538396));
#5071=CARTESIAN_POINT('',(-0.0088310074092133,-0.0130003168848696,-0.0154977493501513));
#5072=CARTESIAN_POINT('',(-0.0110288308982899,-0.0111989385458879,-0.0156142088598105));
#5073=CARTESIAN_POINT('',(-0.0128942165180578,-0.00898625896478593,-0.0157331615534776));
#5074=CARTESIAN_POINT('',(-0.0147663459433584,-0.00570814528792402,-0.0158824029305638));
#5075=CARTESIAN_POINT('',(-0.0157151940196046,-0.00191709642530868,-0.0160437768663653));
#5076=CARTESIAN_POINT('',(-0.0156057785251171,0.00185360840876345,-0.0161928626839091));
#5077=CARTESIAN_POINT('',(-0.0150097014007728,0.00466838289932836,-0.0163117829044637));
#5078=CARTESIAN_POINT('',(-0.0139062289305707,0.00732081274348064,-0.0164285151575023));
#5079=CARTESIAN_POINT('',(-0.0118555254457769,0.0104920637190666,-0.0165789865136694));
#5080=CARTESIAN_POINT('',(-0.00893213808727423,0.0130725167563679,-0.0167385738204232));
#5081=CARTESIAN_POINT('',(-0.00551750625701098,0.0147157224825231,-0.0168894528647471));
#5082=CARTESIAN_POINT('',(-0.00367330438299463,0.0152215413407828,-0.0169686594478496));
#5083=CARTESIAN_POINT('',(-0.00274619920945228,0.0153870080774725,-0.017007318012204));
#5084=CARTESIAN_POINT('',(6.74501010241388E-17,-0.016075,-0.0145391403539048));
#5085=CARTESIAN_POINT('',(-0.000197869669231402,-0.016075,-0.0145467998110423));
#5086=CARTESIAN_POINT('',(-0.000615954115988183,-0.0160677242775564,-0.014563068146316));
#5087=CARTESIAN_POINT('',(-0.00130938061797194,-0.0160270683690543,-0.0145903339627606));
#5088=CARTESIAN_POINT('',(-0.00194006764673163,-0.0159614303331305,-0.0146154039447317));
#5089=CARTESIAN_POINT('',(-0.00247697741423884,-0.0158847767955752,-0.014636951789227));
#5090=CARTESIAN_POINT('',(-0.00282136218268298,-0.0158266906367144,-0.0146508652103112));
#5091=CARTESIAN_POINT('',(-0.00311239406274677,-0.015771272786375,-0.0146626924984714));
#5092=CARTESIAN_POINT('',(-0.00327827227741429,-0.0157375104860945,-0.0146694576411281));
#5093=CARTESIAN_POINT('',(-0.00345613546820083,-0.0156993681110415,-0.0146767351972648));
#5094=CARTESIAN_POINT('',(-0.00369599715220097,-0.0156451641089491,-0.0146865731321532));
#5095=CARTESIAN_POINT('',(-0.00405970200191574,-0.0155563036740437,-0.0147015506687003));
#5096=CARTESIAN_POINT('',(-0.00453117206036182,-0.0154262826544714,-0.0147211132534022));
#5097=CARTESIAN_POINT('',(-0.0049873878343515,-0.0152836820367184,-0.0147402322434947));
#5098=CARTESIAN_POINT('',(-0.00534485511227305,-0.0151616001871208,-0.0147553416694668));
#5099=CARTESIAN_POINT('',(-0.00560641004812583,-0.0150661578488038,-0.0147664772194235));
#5100=CARTESIAN_POINT('',(-0.00573636003904807,-0.0150167739835842,-0.0147720375311666));
#5101=CARTESIAN_POINT('',(-0.00581055546931531,-0.0149880833454875,-0.0147752149482753));
#5102=CARTESIAN_POINT('',(-0.0057938729223032,-0.0149946579474051,-0.0147745040043792));
#5103=CARTESIAN_POINT('',(-0.00593918421249936,-0.0149378493412311,-0.0147807124425247));
#5104=CARTESIAN_POINT('',(-0.00608942661019979,-0.0148773509749281,-0.0147871363652274));
#5105=CARTESIAN_POINT('',(-0.0064042090687124,-0.0147466731590978,-0.0148006180860056));
#5106=CARTESIAN_POINT('',(-0.0068123758556409,-0.0145639206116698,-0.0148182128770992));
#5107=CARTESIAN_POINT('',(-0.00728052729307249,-0.0143336647865506,-0.0148386706407297));
#5108=CARTESIAN_POINT('',(-0.00765524113353969,-0.0141375936244017,-0.0148552220742713));
#5109=CARTESIAN_POINT('',(-0.00799529429300879,-0.0139470028626759,-0.0148704528490663));
#5110=CARTESIAN_POINT('',(-0.00826306515167226,-0.0137896365424849,-0.0148825771339458));
#5111=CARTESIAN_POINT('',(-0.00851240910132677,-0.0136367104514102,-0.0148939846390272));
#5112=CARTESIAN_POINT('',(-0.00860279115782569,-0.0135794242691843,-0.0148981625023387));
#5113=CARTESIAN_POINT('',(-0.00878488181348481,-0.0134630760347943,-0.014906618862859));
#5114=CARTESIAN_POINT('',(-0.00900170876126523,-0.0133194918056816,-0.0149168314788884));
#5115=CARTESIAN_POINT('',(-0.00928351548268509,-0.0131249196551773,-0.014930329968236));
#5116=CARTESIAN_POINT('',(-0.00967231686537089,-0.0128435869339743,-0.0149493126816722));
#5117=CARTESIAN_POINT('',(-0.0100871291883399,-0.0125213262631166,-0.0149701791506191));
#5118=CARTESIAN_POINT('',(-0.0104597987366292,-0.0122081716808194,-0.0149895917018748));
#5119=CARTESIAN_POINT('',(-0.0106859379609451,-0.0120094999688737,-0.0150016183127654));
#5120=CARTESIAN_POINT('',(-0.0108314207987995,-0.0118790215858612,-0.0150094345506223));
#5121=CARTESIAN_POINT('',(-0.0110776031026715,-0.0116502198677717,-0.0150228836601906));
#5122=CARTESIAN_POINT('',(-0.0113453894391216,-0.0113904895340939,-0.015037807899046));
#5123=CARTESIAN_POINT('',(-0.0117822934700903,-0.0109448774254981,-0.0150627677684789));
#5124=CARTESIAN_POINT('',(-0.0122625420342033,-0.0104025752161651,-0.0150917143856062));
#5125=CARTESIAN_POINT('',(-0.0125895690421608,-0.0099977332371819,-0.0151124914323974));
#5126=CARTESIAN_POINT('',(-0.0127483901454142,-0.00979233879422286,-0.015122837653205));
#5127=CARTESIAN_POINT('',(-0.0128069289524418,-0.00971545245969425,-0.0151266827010806));
#5128=CARTESIAN_POINT('',(-0.0128415211237453,-0.00966957915176023,-0.0151289650394328));
#5129=CARTESIAN_POINT('',(-0.0128482296627873,-0.00966077265364641,-0.0151294051434119));
#5130=CARTESIAN_POINT('',(-0.012916969713612,-0.00956878247819246,-0.0151339588679234));
#5131=CARTESIAN_POINT('',(-0.0129862591129939,-0.00947460425843991,-0.0151385905702303));
#5132=CARTESIAN_POINT('',(-0.0131161467389426,-0.00929521334102961,-0.0151473545442279));
#5133=CARTESIAN_POINT('',(-0.0132920150334345,-0.00904284874927967,-0.0151594947846548));
#5134=CARTESIAN_POINT('',(-0.0134982036178075,-0.0087321649845913,-0.0151741642593728));
#5135=CARTESIAN_POINT('',(-0.0136965811878391,-0.00841755145139624,-0.0151887480783442));
#5136=CARTESIAN_POINT('',(-0.0138876738060319,-0.00809843801204724,-0.0152032848672902));
#5137=CARTESIAN_POINT('',(-0.0140716969511472,-0.00777420028206464,-0.0152178069652783));
#5138=CARTESIAN_POINT('',(-0.0142174897511075,-0.00750314336443189,-0.015229756486144));
#5139=CARTESIAN_POINT('',(-0.0143187272690165,-0.00730651680072007,-0.0152383210514774));
#5140=CARTESIAN_POINT('',(-0.0143716779118961,-0.00720170136608341,-0.0152428639825607));
#5141=CARTESIAN_POINT('',(-0.0144220080170188,-0.00710022720200806,-0.0152472403413669));
#5142=CARTESIAN_POINT('',(-0.0144294317047642,-0.00708498604115229,-0.015247897582148));
#5143=CARTESIAN_POINT('',(-0.0144567898567014,-0.00702914706882487,-0.0152503134496993));
#5144=CARTESIAN_POINT('',(-0.0145025473922679,-0.00693459483733299,-0.0152544178841681));
#5145=CARTESIAN_POINT('',(-0.0146188056069035,-0.00668909659196944,-0.0152650991134384));
#5146=CARTESIAN_POINT('',(-0.0148323234183101,-0.00621253421066645,-0.0152857996154002));
#5147=CARTESIAN_POINT('',(-0.0150959875626284,-0.0055400271076596,-0.0153145957792164));
#5148=CARTESIAN_POINT('',(-0.0153127968561537,-0.00490260173984986,-0.0153415069047333));
#5149=CARTESIAN_POINT('',(-0.0154877070901582,-0.00431760133052227,-0.0153659530673552));
#5150=CARTESIAN_POINT('',(-0.0156090267179588,-0.00385146262732889,-0.0153852393914672));
#5151=CARTESIAN_POINT('',(-0.0157501281303132,-0.00324110905793212,-0.0154102944269067));
#5152=CARTESIAN_POINT('',(-0.0158737307561492,-0.00257180795864567,-0.0154374621383899));
#5153=CARTESIAN_POINT('',(-0.0159509897745203,-0.00200925797042183,-0.015460058105943));
#5154=CARTESIAN_POINT('',(-0.0159868912727257,-0.00168544040219678,-0.0154729808953642));
#5155=CARTESIAN_POINT('',(-0.0160043523680885,-0.00150640582947264,-0.0154800983310868));
#5156=CARTESIAN_POINT('',(-0.016012948181586,-0.00141400914282935,-0.0154837642488038));
#5157=CARTESIAN_POINT('',(-0.0160302493216807,-0.00120459459632576,-0.0154920521950668));
#5158=CARTESIAN_POINT('',(-0.0160466924958904,-0.000965911109070852,-0.0155014810598761));
#5159=CARTESIAN_POINT('',(-0.0160697589930251,-0.000528769414199022,-0.0155187129703862));
#5160=CARTESIAN_POINT('',(-0.0160803845165484,8.68193145786782E-5,-0.0155428859196352));
#5161=CARTESIAN_POINT('',(-0.0160629000439553,0.000705204237635595,-0.0155671000798257));
#5162=CARTESIAN_POINT('',(-0.0160315581974457,0.00119976269656725,-0.0155864542224918));
#5163=CARTESIAN_POINT('',(-0.0160052916112184,0.00150502123077032,-0.0155984019625038));
#5164=CARTESIAN_POINT('',(-0.0159790417771334,0.00175656769824297,-0.0156082527058955));
#5165=CARTESIAN_POINT('',(-0.0159646854727755,0.00188192275336411,-0.0156131639126481));
#5166=CARTESIAN_POINT('',(-0.0159512630487813,0.00199080822219404,-0.0156174313818344));
#5167=CARTESIAN_POINT('',(-0.0159497478240749,0.00200274933421108,-0.0156179002817548));
#5168=CARTESIAN_POINT('',(-0.0159448925165397,0.00204137222715329,-0.0156194257221906));
#5169=CARTESIAN_POINT('',(-0.0159325141975414,0.00213707558940982,-0.0156232365926108));
#5170=CARTESIAN_POINT('',(-0.0159028343421159,0.00235343043600932,-0.0156319149341123));
#5171=CARTESIAN_POINT('',(-0.0158436373157188,0.00272964311760304,-0.0156471094531313));
#5172=CARTESIAN_POINT('',(-0.0157661797030151,0.00314539447224133,-0.0156640152942897));
#5173=CARTESIAN_POINT('',(-0.0156842832502518,0.00352766439895861,-0.0156796593882062));
#5174=CARTESIAN_POINT('',(-0.015578320171451,0.0039765578451906,-0.0156981254609235));
#5175=CARTESIAN_POINT('',(-0.0154489272345569,0.00445231403777826,-0.0157178605134865));
#5176=CARTESIAN_POINT('',(-0.015318613725386,0.00487770725687448,-0.0157356704493017));
#5177=CARTESIAN_POINT('',(-0.015238162115016,0.00511979674323394,-0.0157458814134309));
#5178=CARTESIAN_POINT('',(-0.0151976072756372,0.00523842357540774,-0.0157508991314673));
#5179=CARTESIAN_POINT('',(-0.0151763826022502,0.00529930295606711,-0.0157534777412965));
#5180=CARTESIAN_POINT('',(-0.0151773515215493,0.00529665949815642,-0.0157533661372867));
#5181=CARTESIAN_POINT('',(-0.0151380719770168,0.00540843559201239,-0.0157580983032701));
#5182=CARTESIAN_POINT('',(-0.0150732807470019,0.00558767339400153,-0.0157657002513624));
#5183=CARTESIAN_POINT('',(-0.0149308769420679,0.00596403784163932,-0.015781714306787));
#5184=CARTESIAN_POINT('',(-0.0147039404706204,0.00650959599570753,-0.0158051177422651));
#5185=CARTESIAN_POINT('',(-0.0143861661380621,0.00718621015018921,-0.0158345658142448));
#5186=CARTESIAN_POINT('',(-0.0140795175003617,0.00776498020237468,-0.0158602372765965));
#5187=CARTESIAN_POINT('',(-0.0138444614550286,0.00817143631552981,-0.0158785838745175));
#5188=CARTESIAN_POINT('',(-0.0136991693498091,0.0084112598059477,-0.0158895180597681));
#5189=CARTESIAN_POINT('',(-0.0135374245550273,0.00867162945655645,-0.0159014833122908));
#5190=CARTESIAN_POINT('',(-0.013247289496732,0.00911511789937907,-0.0159222618231471));
#5191=CARTESIAN_POINT('',(-0.0126894381934101,0.00988985988271438,-0.0159599258701657));
#5192=CARTESIAN_POINT('',(-0.0118288294001485,0.010926591719351,-0.0160135477145351));
#5193=CARTESIAN_POINT('',(-0.0106773095296822,0.012050302616328,-0.0160778930861171));
#5194=CARTESIAN_POINT('',(-0.00969551043697096,0.0128383511383501,-0.0161277772238393));
#5195=CARTESIAN_POINT('',(-0.00889452709743961,0.0133966054639246,-0.0161663206206141));
#5196=CARTESIAN_POINT('',(-0.00838995280776918,0.0137152876288476,-0.0161897864710442));
#5197=CARTESIAN_POINT('',(-0.00803880130265225,0.0139215032842552,-0.0162057551242235));
#5198=CARTESIAN_POINT('',(-0.00783396312396385,0.0140372127726877,-0.0162149660783541));
#5199=CARTESIAN_POINT('',(-0.00771576547596974,0.0141024976177889,-0.0162202479371666));
#5200=CARTESIAN_POINT('',(-0.00759875521371738,0.0141656718529669,-0.016225444340431));
#5201=CARTESIAN_POINT('',(-0.00756386402074842,0.0141842730010363,-0.0162269895173859));
#5202=CARTESIAN_POINT('',(-0.00748085495769202,0.0142284375880911,-0.0162306735745971));
#5203=CARTESIAN_POINT('',(-0.00729853540158838,0.01432353483289,-0.0162387599326436));
#5204=CARTESIAN_POINT('',(-0.00695376201384372,0.0144963639891123,-0.0162539945646561));
#5205=CARTESIAN_POINT('',(-0.00623094190306599,0.014828996796241,-0.0162855484583363));
#5206=CARTESIAN_POINT('',(-0.00498532465449139,0.0153203466468159,-0.016338763048862));
#5207=CARTESIAN_POINT('',(-0.00359590900368593,0.0156884760574826,-0.0163959584115897));
#5208=CARTESIAN_POINT('',(-0.00280004571885335,0.0158292567409949,-0.0164282175723092));
#5209=CARTESIAN_POINT('',(-5.08841331744905E-17,-0.016075,-0.0145391403539048));
#5210=CARTESIAN_POINT('',(-1.52249511053791E-14,0.016075,-0.0125391403539042));
#5211=CARTESIAN_POINT('',(0.00210421257942107,0.016075000000002,-0.0126224736872376));
#5212=CARTESIAN_POINT('',(0.00631165680055027,0.0152380048356868,-0.0127891403539043));
#5213=CARTESIAN_POINT('',(0.0116626993804815,0.0116626639858372,-0.0130391403539044));
#5214=CARTESIAN_POINT('',(0.0152379947229176,0.00631178826645515,-0.0132891403539044));
#5215=CARTESIAN_POINT('',(0.0164935026385397,7.81087398374638E-15,-0.0135391403539045));
#5216=CARTESIAN_POINT('',(0.0152379947229236,-0.00631178826644072,-0.0137891403539046));
#5217=CARTESIAN_POINT('',(0.0116626993804926,-0.0116626639858262,-0.0140391403539047));
#5218=CARTESIAN_POINT('',(0.00631165680056469,-0.0152380048356809,-0.0142891403539047));
#5219=CARTESIAN_POINT('',(0.0021042125794363,-0.016075,-0.0144558070205714));
#5220=CARTESIAN_POINT('',(0.,-0.016075,-0.0145391403539048));
#5221=CARTESIAN_POINT('',(-1.52547813058058E-14,0.016075,-0.0125391403539042));
#5222=CARTESIAN_POINT('',(6.74501010241388E-17,-0.016075,-0.0105391403539048));
#5223=CARTESIAN_POINT('',(-0.00210421257943496,-0.016075,-0.0106224736872381));
#5224=CARTESIAN_POINT('',(-0.00631165680056084,-0.0152380048356819,-0.0107891403539047));
#5225=CARTESIAN_POINT('',(-0.0116626993804867,-0.0116626639858314,-0.0110391403539047));
#5226=CARTESIAN_POINT('',(-0.0152379947229186,-0.00631178826645137,-0.0112891403539046));
#5227=CARTESIAN_POINT('',(-0.0164935026385392,-7.85514896682765E-15,-0.0115391403539045));
#5228=CARTESIAN_POINT('',(-0.0152379947229246,0.00631178826643689,-0.0117891403539044));
#5229=CARTESIAN_POINT('',(-0.0116626993804978,0.0116626639858203,-0.0120391403539044));
#5230=CARTESIAN_POINT('',(-0.00631165680057532,0.0152380048356759,-0.0122891403539043));
#5231=CARTESIAN_POINT('',(-0.00210421257945026,0.016074999999998,-0.0124558070205709));
#5232=CARTESIAN_POINT('',(-1.52249511053791E-14,0.016075,-0.0125391403539042));
#5233=CARTESIAN_POINT('',(1.28105822531636E-17,-0.016075,-0.0105391403539048));
#5234=CARTESIAN_POINT('',(-1.50607602222673E-14,0.016075,-0.00853914035390422));
#5235=CARTESIAN_POINT('',(0.00210421257942123,0.016075000000002,-0.00862247368723758));
#5236=CARTESIAN_POINT('',(0.0063116568005504,0.0152380048356868,-0.0087891403539043));
#5237=CARTESIAN_POINT('',(0.0116626993804816,0.0116626639858371,-0.00903914035390437));
#5238=CARTESIAN_POINT('',(0.0152379947229177,0.00631178826645506,-0.00928914035390444));
#5239=CARTESIAN_POINT('',(0.0164935026385397,7.72615885863813E-15,-0.00953914035390451));
#5240=CARTESIAN_POINT('',(0.0152379947229236,-0.00631178826644078,-0.00978914035390458));
#5241=CARTESIAN_POINT('',(0.0116626993804926,-0.0116626639858262,-0.0100391403539047));
#5242=CARTESIAN_POINT('',(0.00631165680056467,-0.0152380048356809,-0.0102891403539047));
#5243=CARTESIAN_POINT('',(0.00210421257943629,-0.016075,-0.0104558070205714));
#5244=CARTESIAN_POINT('',(0.,-0.016075,-0.0105391403539048));
#5245=CARTESIAN_POINT('',(-1.508145519221E-14,0.016075,-0.00853914035390422));
#5246=CARTESIAN_POINT('',(6.74501010241388E-17,-0.016075,-0.00653914035390481));
#5247=CARTESIAN_POINT('',(-0.00210421257943497,-0.016075,-0.00662247368723812));
#5248=CARTESIAN_POINT('',(-0.00631165680056088,-0.0152380048356819,-0.00678914035390474));
#5249=CARTESIAN_POINT('',(-0.0116626993804867,-0.0116626639858314,-0.00703914035390466));
#5250=CARTESIAN_POINT('',(-0.0152379947229187,-0.00631178826645132,-0.00728914035390459));
#5251=CARTESIAN_POINT('',(-0.0164935026385392,-7.76136967195473E-15,-0.00753914035390451));
#5252=CARTESIAN_POINT('',(-0.0152379947229246,0.00631178826643698,-0.00778914035390444));
#5253=CARTESIAN_POINT('',(-0.0116626993804977,0.0116626639858204,-0.00803914035390437));
#5254=CARTESIAN_POINT('',(-0.00631165680057519,0.015238004835676,-0.0082891403539043));
#5255=CARTESIAN_POINT('',(-0.0021042125794501,0.016074999999998,-0.00845580702057091));
#5256=CARTESIAN_POINT('',(-1.50607602222673E-14,0.016075,-0.00853914035390422));
#5257=CARTESIAN_POINT('',(-6.66515283457351E-18,-0.016075,-0.00653914035390481));
#5258=CARTESIAN_POINT('',(-3.37250505120694E-17,0.016075,-0.0045391403539048));
#5259=CARTESIAN_POINT('',(0.00210421257943563,0.016075,-0.00462247368723813));
#5260=CARTESIAN_POINT('',(0.00631165680056277,0.0152380048356814,-0.0047891403539048));
#5261=CARTESIAN_POINT('',(0.0116626993804896,0.0116626639858288,-0.0050391403539048));
#5262=CARTESIAN_POINT('',(0.0152379947229211,0.00631178826644605,-0.0052891403539048));
#5263=CARTESIAN_POINT('',(0.0164935026385394,1.74310957012863E-17,-0.00553914035390481));
#5264=CARTESIAN_POINT('',(0.0152379947229211,-0.00631178826644602,-0.00578914035390481));
#5265=CARTESIAN_POINT('',(0.0116626993804897,-0.0116626639858288,-0.00603914035390481));
#5266=CARTESIAN_POINT('',(0.00631165680056279,-0.0152380048356814,-0.00628914035390481));
#5267=CARTESIAN_POINT('',(0.00210421257943567,-0.016075,-0.00645580702057148));
#5268=CARTESIAN_POINT('',(0.,-0.016075,-0.00653914035390481));
#5269=CARTESIAN_POINT('',(3.49069856040404E-18,0.016075,-0.0045391403539048));
#5270=CARTESIAN_POINT('',(6.74501010241388E-17,-0.016075,-0.0025391403539048));
#5271=CARTESIAN_POINT('',(-0.0021042125794356,-0.016075,-0.00262247368723814));
#5272=CARTESIAN_POINT('',(-0.00631165680056274,-0.0152380048356814,-0.00278914035390481));
#5273=CARTESIAN_POINT('',(-0.0116626993804896,-0.0116626639858288,-0.0030391403539048));
#5274=CARTESIAN_POINT('',(-0.0152379947229211,-0.00631178826644609,-0.0032891403539048));
#5275=CARTESIAN_POINT('',(-0.0164935026385394,-5.50822624160647E-17,-0.0035391403539048));
#5276=CARTESIAN_POINT('',(-0.0152379947229212,0.00631178826644599,-0.0037891403539048));
#5277=CARTESIAN_POINT('',(-0.0116626993804897,0.0116626639858287,-0.0040391403539048));
#5278=CARTESIAN_POINT('',(-0.00631165680056282,0.0152380048356814,-0.0042891403539048));
#5279=CARTESIAN_POINT('',(-0.0021042125794357,0.016075,-0.00445580702057147));
#5280=CARTESIAN_POINT('',(-3.37250505120694E-17,0.016075,-0.0045391403539048));
#5281=CARTESIAN_POINT('',(-5.73611116650822E-19,-0.016075,-0.0025391403539048));
#5282=CARTESIAN_POINT('',(0.0160479799388879,-0.000931646328308887,-0.00157545713761287));
#5283=CARTESIAN_POINT('',(0.016026921942791,-0.00129437871789501,-0.00158970661191596));
#5284=CARTESIAN_POINT('',(0.0159720674696833,-0.00194389697196436,-0.00161544690990502));
#5285=CARTESIAN_POINT('',(0.015795382815879,-0.00302519761946769,-0.00165908616373576));
#5286=CARTESIAN_POINT('',(0.01563506042516,-0.00376272147857913,-0.00168926574852145));
#5287=CARTESIAN_POINT('',(0.0154514853025613,-0.00444343684152214,-0.00171749918080732));
#5288=CARTESIAN_POINT('',(0.0152695138413754,-0.0050402452586235,-0.00174245146280343));
#5289=CARTESIAN_POINT('',(0.0150385088243071,-0.00569591493120966,-0.00177020478532187));
#5290=CARTESIAN_POINT('',(0.0148235836919669,-0.00622343848467419,-0.0017928742140311));
#5291=CARTESIAN_POINT('',(0.0146933436679852,-0.00652129160963535,-0.00180577149600585));
#5292=CARTESIAN_POINT('',(0.0146191785354771,-0.00668489867979713,-0.00181288019229793));
#5293=CARTESIAN_POINT('',(0.0145820399156565,-0.00676597418160902,-0.00181640418218122));
#5294=CARTESIAN_POINT('',(0.0144892186543235,-0.00696300909556211,-0.00182499554581078));
#5295=CARTESIAN_POINT('',(0.0143814434255769,-0.00718363283627967,-0.00183466958554022));
#5296=CARTESIAN_POINT('',(0.0141770162837464,-0.00758523120227744,-0.00185239671085116));
#5297=CARTESIAN_POINT('',(0.0139310171120795,-0.00802770844261885,-0.00187224213300054));
#5298=CARTESIAN_POINT('',(0.0136683531554042,-0.00846351138781559,-0.00189212998071433));
#5299=CARTESIAN_POINT('',(0.0134631197343804,-0.00878619558789383,-0.00190704420842676));
#5300=CARTESIAN_POINT('',(0.0132879982859286,-0.00904794053651726,-0.00191930028610376));
#5301=CARTESIAN_POINT('',(0.013157708852048,-0.00923503020716909,-0.00192815824638047));
#5302=CARTESIAN_POINT('',(0.0130892747104572,-0.00933172082779497,-0.00193275782366771));
#5303=CARTESIAN_POINT('',(0.0130179301392361,-0.00943086176177381,-0.00193749618608517));
#5304=CARTESIAN_POINT('',(0.0130208888912877,-0.00942664768903512,-0.00193729886571866));
#5305=CARTESIAN_POINT('',(0.0129942635003167,-0.00946340309600428,-0.00193907306500763));
#5306=CARTESIAN_POINT('',(0.0129504363757787,-0.00952340990809996,-0.00194200187449788));
#5307=CARTESIAN_POINT('',(0.0128529179409798,-0.009655349484652,-0.00194849919399873));
#5308=CARTESIAN_POINT('',(0.0126913740338056,-0.00986741756839916,-0.00195910527972733));
#5309=CARTESIAN_POINT('',(0.0124071871035918,-0.0102259123691412,-0.00197734792074684));
#5310=CARTESIAN_POINT('',(0.0120188049501145,-0.0106859270363668,-0.00200139358453444));
#5311=CARTESIAN_POINT('',(0.0115601563774667,-0.0111728333015306,-0.0020281530893615));
#5312=CARTESIAN_POINT('',(0.011276612279703,-0.0114580050710901,-0.00204424857781974));
#5313=CARTESIAN_POINT('',(0.0110103037785711,-0.0117135919525794,-0.00205902840647015));
#5314=CARTESIAN_POINT('',(0.010862570049209,-0.0118499923456891,-0.00206707681293617));
#5315=CARTESIAN_POINT('',(0.0106278319435348,-0.0120623687979773,-0.00207973613373574));
#5316=CARTESIAN_POINT('',(0.0103544673098398,-0.0122983163068092,-0.00209415435789792));
#5317=CARTESIAN_POINT('',(0.0100316989175713,-0.0125628778270578,-0.00211078413829007));
#5318=CARTESIAN_POINT('',(0.00972332731965356,-0.0128027423931276,-0.00212631393049298));
#5319=CARTESIAN_POINT('',(0.00942813605866671,-0.0130214197434817,-0.00214087793851658));
#5320=CARTESIAN_POINT('',(0.00914951352053519,-0.0132185354033274,-0.00215436724590791));
#5321=CARTESIAN_POINT('',(0.00892658760327594,-0.0133692663738421,-0.00216496396970873));
#5322=CARTESIAN_POINT('',(0.00878616318505433,-0.0134616143536305,-0.00217156347717582));
#5323=CARTESIAN_POINT('',(0.00869536525655911,-0.0135202088052613,-0.00217579846890777));
#5324=CARTESIAN_POINT('',(0.00866425247466431,-0.0135404006375898,-0.00217725090393693));
#5325=CARTESIAN_POINT('',(0.0084970974216538,-0.0136461339860662,-0.00218498928764518));
#5326=CARTESIAN_POINT('',(0.00832644424661923,-0.0137510560415024,-0.0021928282101604));
#5327=CARTESIAN_POINT('',(0.00801550819496428,-0.0139366786947257,-0.00220699974076721));
#5328=CARTESIAN_POINT('',(0.00761395519743329,-0.0141605442650795,-0.00222499478557681));
#5329=CARTESIAN_POINT('',(0.00718064988865464,-0.0143844677445036,-0.0022440972007875));
#5330=CARTESIAN_POINT('',(0.00668006437858102,-0.0146252837550485,-0.00226586870716138));
#5331=CARTESIAN_POINT('',(0.00630001540467189,-0.0147904379613057,-0.00228213309822583));
#5332=CARTESIAN_POINT('',(0.00607307652356529,-0.0148838164319275,-0.00229180098680414));
#5333=CARTESIAN_POINT('',(0.00599408438020211,-0.0149156994070787,-0.00229516612767486));
#5334=CARTESIAN_POINT('',(0.00594655038920648,-0.0149346524612529,-0.00229719512261277));
#5335=CARTESIAN_POINT('',(0.00594440959857234,-0.0149355815440877,-0.00229728644836172));
#5336=CARTESIAN_POINT('',(0.00583362510741357,-0.0149792780949827,-0.00230202515615879));
#5337=CARTESIAN_POINT('',(0.00572346786595675,-0.0150217513848545,-0.00230672441663043));
#5338=CARTESIAN_POINT('',(0.00551237312771988,-0.0151012968730761,-0.00231570745486751));
#5339=CARTESIAN_POINT('',(0.00521809721249182,-0.0152060399158462,-0.00232815774826536));
#5340=CARTESIAN_POINT('',(0.00485812553096856,-0.0153248919630413,-0.00234328646428358));
#5341=CARTESIAN_POINT('',(0.00437600269052827,-0.0154714981733162,-0.00236342513084935));
#5342=CARTESIAN_POINT('',(0.00376633095261905,-0.0156336321292482,-0.00238866609083892));
#5343=CARTESIAN_POINT('',(0.00278199288838416,-0.0158465398240028,-0.00242915092611172));
#5344=CARTESIAN_POINT('',(0.00152111738399309,-0.016027146982162,-0.0024799072211843));
#5345=CARTESIAN_POINT('',(0.000507387296829296,-0.016075,-0.00251949959103672));
#5346=CARTESIAN_POINT('',(0.,-0.016075,-0.0025391403539048));
#5347=CARTESIAN_POINT('',(0.0156097319446219,0.00079311405953624,-0.00408650978766073));
#5348=CARTESIAN_POINT('',(0.0160539377814045,0.000822997193796558,-0.00420524339506693));
#5349=CARTESIAN_POINT('',(0.0160526270044217,0.000847815579422883,-0.0046653431954051));
#5350=CARTESIAN_POINT('',(0.0156287025586716,0.000424281046417754,-0.00410632314551715));
#5351=CARTESIAN_POINT('',(0.0160734267482094,0.000442742193003601,-0.00422523263725662));
#5352=CARTESIAN_POINT('',(0.0160728905338947,0.000464143837221528,-0.0046853220562766));
#5353=CARTESIAN_POINT('',(0.0156345364822082,5.45232271518164E-5,-0.00412135932699029));
#5354=CARTESIAN_POINT('',(0.0160794911510276,6.1517444960975E-5,-0.00424034011698455));
#5355=CARTESIAN_POINT('',(0.0160793965529498,8.00062279240154E-5,-0.00470048769988887));
#5356=CARTESIAN_POINT('',(0.0156192563105568,-0.000693136467819679,-0.00415127477376165));
#5357=CARTESIAN_POINT('',(0.0160640426739172,-0.000707362615020094,-0.00427025131429611));
#5358=CARTESIAN_POINT('',(0.0160648412825522,-0.000688671961043418,-0.00473039297676773));
#5359=CARTESIAN_POINT('',(0.0155982114706534,-0.00106710463165412,-0.00416638100473034));
#5360=CARTESIAN_POINT('',(0.0160425341702817,-0.00109195428956539,-0.00428535570450252));
#5361=CARTESIAN_POINT('',(0.0160437871672806,-0.0010731947503488,-0.00474549481354659));
#5362=CARTESIAN_POINT('',(0.0155289231574321,-0.00181532048603233,-0.00419689475014326));
#5363=CARTESIAN_POINT('',(0.0159715464519352,-0.0018614448853617,-0.00431586639200551));
#5364=CARTESIAN_POINT('',(0.0159737168598194,-0.00184261317793425,-0.00477600124051989));
#5365=CARTESIAN_POINT('',(0.0154804962151644,-0.00219063436561295,-0.00421234664994389));
#5366=CARTESIAN_POINT('',(0.0159218789168932,-0.00224744011090109,-0.00433131706228998));
#5367=CARTESIAN_POINT('',(0.0159245136971772,-0.00222860548725275,-0.00479145021025956));
#5368=CARTESIAN_POINT('',(0.01535645285579,-0.00293665737574131,-0.00424335726991364));
#5369=CARTESIAN_POINT('',(0.0157945786015269,-0.00301471488206596,-0.00436232589699569));
#5370=CARTESIAN_POINT('',(0.0157981376359781,-0.00299594161226309,-0.00482245655765706));
#5371=CARTESIAN_POINT('',(0.0152812706716228,-0.0033052775711207,-0.00425882823021133));
#5372=CARTESIAN_POINT('',(0.0157173916559657,-0.0033938456441985,-0.00437779629376449));
#5373=CARTESIAN_POINT('',(0.0157214079263341,-0.00337513653725282,-0.00483792618283812));
#5374=CARTESIAN_POINT('',(0.0150172719277701,-0.00439830531060886,-0.00430514065073242));
#5375=CARTESIAN_POINT('',(0.0154462759642069,-0.0045180684651008,-0.00442410803734313));
#5376=CARTESIAN_POINT('',(0.0154516392330368,-0.00449964724587028,-0.00488423696936569));
#5377=CARTESIAN_POINT('',(0.0147901956184896,-0.00510994357966188,-0.00433588212800027));
#5378=CARTESIAN_POINT('',(0.0152129908088834,-0.00525005454603961,-0.00445485033648926));
#5379=CARTESIAN_POINT('',(0.0152192186026866,-0.00523195434045397,-0.00491498051936326));
#5380=CARTESIAN_POINT('',(0.0143734051277883,-0.00615197999752588,-0.00438179535874671));
#5381=CARTESIAN_POINT('',(0.0147846905176025,-0.00632194219012301,-0.00450076682463044));
#5382=CARTESIAN_POINT('',(0.0147921269485418,-0.00630449755035731,-0.0049609014805855));
#5383=CARTESIAN_POINT('',(0.0142217305553803,-0.00649507264844645,-0.00439706648466533));
#5384=CARTESIAN_POINT('',(0.0146288121821948,-0.00667487235197548,-0.00451603934370513));
#5385=CARTESIAN_POINT('',(0.014636636509276,-0.00665767594135566,-0.00497617595354988));
#5386=CARTESIAN_POINT('',(0.0138923642953378,-0.00717257848203614,-0.00442754087786968));
#5387=CARTESIAN_POINT('',(0.0142902866646711,-0.00737182247974218,-0.00454651716920114));
#5388=CARTESIAN_POINT('',(0.0142988505913657,-0.00735517838060879,-0.00500665856101753));
#5389=CARTESIAN_POINT('',(0.0137143504955658,-0.00750742445381375,-0.00444275443123964));
#5390=CARTESIAN_POINT('',(0.0141072716386075,-0.0077163438253354,-0.0045617371480472));
#5391=CARTESIAN_POINT('',(0.0141160753211145,-0.00770019884989578,-0.00502188741156396));
#5392=CARTESIAN_POINT('',(0.0133353989368337,-0.00816160894227642,-0.00447285102815463));
#5393=CARTESIAN_POINT('',(0.0137178010358821,-0.0083892204310559,-0.00459182914053304));
#5394=CARTESIAN_POINT('',(0.0137274985541318,-0.00837331644246313,-0.00505197298918473));
#5395=CARTESIAN_POINT('',(0.0131343997628004,-0.00848127271520258,-0.00448801868932391));
#5396=CARTESIAN_POINT('',(0.0135112113230349,-0.00871802818324428,-0.00460699479003492));
#5397=CARTESIAN_POINT('',(0.013521346225463,-0.00870227703007016,-0.00506713584746252));
#5398=CARTESIAN_POINT('',(0.0127094125678006,-0.0091057782741345,-0.0045185920698716));
#5399=CARTESIAN_POINT('',(0.0130743805050309,-0.00936041816846049,-0.00463756477747609));
#5400=CARTESIAN_POINT('',(0.0130853644561161,-0.00934503431280712,-0.00509770110743729));
#5401=CARTESIAN_POINT('',(0.0124847746597327,-0.00941142070460137,-0.00453404004596032));
#5402=CARTESIAN_POINT('',(0.0128434714374432,-0.00967482378917312,-0.00465301135942673));
#5403=CARTESIAN_POINT('',(0.0128548680107268,-0.00965965533773103,-0.00511314575960925));
#5404=CARTESIAN_POINT('',(0.0117807768924525,-0.010299802877311,-0.00458042902271402));
#5405=CARTESIAN_POINT('',(0.0121197857646773,-0.010588708262466,-0.00469939719260049));
#5406=CARTESIAN_POINT('',(0.0121323638377412,-0.0105742689570732,-0.00515952714818767));
#5407=CARTESIAN_POINT('',(0.0112739844604452,-0.0108515663428552,-0.00461126700315692));
#5408=CARTESIAN_POINT('',(0.0115987784349472,-0.0111563510000857,-0.00473023434414016));
#5409=CARTESIAN_POINT('',(0.0116120637565366,-0.0111425076102494,-0.00519036325239185));
#5410=CARTESIAN_POINT('',(0.0101881071601398,-0.0118769404445897,-0.00467277276949118));
#5411=CARTESIAN_POINT('',(0.0104823531027293,-0.0122113103131964,-0.00479174115709875));
#5412=CARTESIAN_POINT('',(0.01049685810361,-0.0121988307014654,-0.00525187152362736));
#5413=CARTESIAN_POINT('',(0.00960901921675668,-0.0123505477637771,-0.00470344054833965));
#5414=CARTESIAN_POINT('',(0.00988693362993213,-0.012698622042373,-0.00482241072288878));
#5415=CARTESIAN_POINT('',(0.00990194953706173,-0.0126869119218396,-0.00528254368398267));
#5416=CARTESIAN_POINT('',(0.00868469134673474,-0.0130007616800766,-0.00474931145678347));
#5417=CARTESIAN_POINT('',(0.00893646911081262,-0.0133677079112207,-0.00486828634547081));
#5418=CARTESIAN_POINT('',(0.00895207868198175,-0.0133572486204445,-0.00532842577999129));
#5419=CARTESIAN_POINT('',(0.00836657477530962,-0.0132077585142764,-0.00476460957547146));
#5420=CARTESIAN_POINT('',(0.00860934726904149,-0.0135807227030777,-0.00488358634471323));
#5421=CARTESIAN_POINT('',(0.00862512527061607,-0.0135706978771185,-0.00534372841124336));
#5422=CARTESIAN_POINT('',(0.00771886563837114,-0.0135964580665798,-0.00479480336589901));
#5423=CARTESIAN_POINT('',(0.00794328132590407,-0.0139807425505573,-0.00491378448520364));
#5424=CARTESIAN_POINT('',(0.00795933061758188,-0.0139716027328962,-0.00537393261232365));
#5425=CARTESIAN_POINT('',(0.00738816882183832,-0.0137789498597303,-0.00480982023391901));
#5426=CARTESIAN_POINT('',(0.00760328335235258,-0.0141685194871151,-0.00492879784058602));
#5427=CARTESIAN_POINT('',(0.00761970803268021,-0.0141596783355325,-0.00538894099312899));
#5428=CARTESIAN_POINT('',(0.00637685564184837,-0.0142901401335436,-0.00485551557222781));
#5429=CARTESIAN_POINT('',(0.00656344282189283,-0.0146945827882161,-0.00497448766558732));
#5430=CARTESIAN_POINT('',(0.00658073637255299,-0.0146868239613305,-0.00543462302480235));
#5431=CARTESIAN_POINT('',(0.00567536414119828,-0.0145826317054618,-0.00488655008688209));
#5432=CARTESIAN_POINT('',(0.00584212658505858,-0.0149956390325502,-0.00500551966827321));
#5433=CARTESIAN_POINT('',(0.00585989314572834,-0.0149886902502109,-0.00546565163099379));
#5434=CARTESIAN_POINT('',(0.00425461319550367,-0.0150585895864609,-0.00494816421583168));
#5435=CARTESIAN_POINT('',(0.00438114201611303,-0.0154856460456795,-0.00506713154862942));
#5436=CARTESIAN_POINT('',(0.00439959987033939,-0.0154803974134074,-0.00552726037846566));
#5437=CARTESIAN_POINT('',(0.00353133408862875,-0.0152443781394418,-0.00497892855022245));
#5438=CARTESIAN_POINT('',(0.0036373429021184,-0.0156769855767116,-0.00509789602933429));
#5439=CARTESIAN_POINT('',(0.00365602117022612,-0.0156726320678283,-0.00555802516953153));
#5440=CARTESIAN_POINT('',(0.00242713537864237,-0.0154450835226482,-0.00502501121282646));
#5441=CARTESIAN_POINT('',(0.00250175574621461,-0.0158838044112768,-0.00514398095343797));
#5442=CARTESIAN_POINT('',(0.00252057099822389,-0.0158808190051892,-0.00560411319898853));
#5443=CARTESIAN_POINT('',(0.00205584345025306,-0.0154989397724207,-0.00504036142634812));
#5444=CARTESIAN_POINT('',(0.00211989989125491,-0.0159393281302517,-0.00515933223494237));
#5445=CARTESIAN_POINT('',(0.00213872788776301,-0.0159368031150011,-0.00561946598173469));
#5446=CARTESIAN_POINT('',(0.00130666663706989,-0.0155799972113267,-0.0050710401207473));
#5447=CARTESIAN_POINT('',(0.00134938774015979,-0.0160229617641575,-0.00519001372584975));
#5448=CARTESIAN_POINT('',(0.00136817464771923,-0.0160213591382735,-0.00565015136886478));
#5449=CARTESIAN_POINT('',(0.000928089795069238,-0.0156071478975709,-0.00508639560098299));
#5450=CARTESIAN_POINT('',(0.000960019969932621,-0.0160510199833664,-0.00520537092929214));
#5451=CARTESIAN_POINT('',(0.000978752423283445,-0.0160498801448494,-0.00566551098541811));
#5452=CARTESIAN_POINT('',(0.000173192456286691,-0.0156337619857606,-0.0051167216451067));
#5453=CARTESIAN_POINT('',(0.000183585623416637,-0.0160786556884398,-0.00523570102115603));
#5454=CARTESIAN_POINT('',(0.000202143719955234,-0.0160784248882345,-0.00569584671672491));
#5455=CARTESIAN_POINT('',(-0.000204296622895286,-0.0156333879097468,-0.00513167108013094));
#5456=CARTESIAN_POINT('',(-0.000204645361646552,-0.0160784016020827,-0.00525065030833427));
#5457=CARTESIAN_POINT('',(-0.000186076822308632,-0.0160786140191429,-0.00571079571708559));
#5458=CARTESIAN_POINT('',(-0.000959270039374581,-0.0156052639546443,-0.00516201458874534));
#5459=CARTESIAN_POINT('',(-0.000981055755860353,-0.0160497481525392,-0.00528098980152988));
#5460=CARTESIAN_POINT('',(-0.000962313688760436,-0.0160508693136791,-0.00574112961587202));
#5461=CARTESIAN_POINT('',(-0.0013377068471528,-0.0155773856558472,-0.00517737154575888));
#5462=CARTESIAN_POINT('',(-0.00137024773100248,-0.0160212139783099,-0.00529634504224492));
#5463=CARTESIAN_POINT('',(-0.00135145185939386,-0.0160227976382061,-0.00575648247742991));
#5464=CARTESIAN_POINT('',(-0.00321494337286496,-0.0153703775086586,-0.00525428285587289));
#5465=CARTESIAN_POINT('',(-0.00330088975441611,-0.0158089996211974,-0.00537324960987113));
#5466=CARTESIAN_POINT('',(-0.00328198877639708,-0.0158128945864505,-0.00583337722912363));
#5467=CARTESIAN_POINT('',(-0.00466057355609115,-0.014995092757787,-0.00531581401485652));
#5468=CARTESIAN_POINT('',(-0.00478779264489122,-0.0154235744036661,-0.00543478011773204));
#5469=CARTESIAN_POINT('',(-0.00476935712288995,-0.0154292976579906,-0.00589490768219773));
#5470=CARTESIAN_POINT('',(-0.00639790011888502,-0.014265713823018,-0.00539273037825115));
#5471=CARTESIAN_POINT('',(-0.0065749129393571,-0.0146740153695667,-0.00551170282051324));
#5472=CARTESIAN_POINT('',(-0.00655764374853178,-0.0146817303647723,-0.00597183884017078));
#5473=CARTESIAN_POINT('',(-0.00674248774477281,-0.0141061061103216,-0.0054081456226028));
#5474=CARTESIAN_POINT('',(-0.00692938543336096,-0.0145099767444032,-0.00552711963011327));
#5475=CARTESIAN_POINT('',(-0.00691238112861287,-0.0145180754019057,-0.0059872578428013));
#5476=CARTESIAN_POINT('',(-0.007413565164337,-0.0137652645454918,-0.00543848661253921));
#5477=CARTESIAN_POINT('',(-0.0076197313191647,-0.0141596431625048,-0.0055574643455881));
#5478=CARTESIAN_POINT('',(-0.00760330428985651,-0.0141684611062201,-0.00601760774890936));
#5479=CARTESIAN_POINT('',(-0.00774133633073997,-0.0135835774229998,-0.00545337815654596));
#5480=CARTESIAN_POINT('',(-0.00795693620772026,-0.0139728719252456,-0.005572359152376));
#5481=CARTESIAN_POINT('',(-0.00794086705417308,-0.0139819951401702,-0.00603250702166428));
#5482=CARTESIAN_POINT('',(-0.00870286637372795,-0.013004680682968,-0.005498252892685));
#5483=CARTESIAN_POINT('',(-0.00894595555953452,-0.0133778896536959,-0.0056172275127224));
#5484=CARTESIAN_POINT('',(-0.00893028760749956,-0.0133883277123962,-0.00607736637211083));
#5485=CARTESIAN_POINT('',(-0.0093136727840622,-0.0125745494225915,-0.00552857711247793));
#5486=CARTESIAN_POINT('',(-0.00957426311358651,-0.0129357640850967,-0.00564754858738593));
#5487=CARTESIAN_POINT('',(-0.00955898906902504,-0.0129470357347739,-0.00610768316015835));
#5488=CARTESIAN_POINT('',(-0.0104744833765208,-0.011625356247982,-0.00559004554996181));
#5489=CARTESIAN_POINT('',(-0.0107684130042236,-0.01196000825109,-0.00570901338006589));
#5490=CARTESIAN_POINT('',(-0.0107541516485233,-0.0119728120614923,-0.00616914287446857));
#5491=CARTESIAN_POINT('',(-0.0110271223756369,-0.0111028894071585,-0.00562136572197532));
#5492=CARTESIAN_POINT('',(-0.0113369647373512,-0.011422878175403,-0.00574033298085901));
#5493=CARTESIAN_POINT('',(-0.0113233287097924,-0.0114363821918192,-0.00620046178743129));
#5494=CARTESIAN_POINT('',(-0.0117911996957232,-0.0102670211246384,-0.00566797602718855));
#5495=CARTESIAN_POINT('',(-0.0121231018291855,-0.0105634806109194,-0.00578694453795195));
#5496=CARTESIAN_POINT('',(-0.0121105291436993,-0.0105778757454628,-0.00624707506329856));
#5497=CARTESIAN_POINT('',(-0.0120356177482368,-0.00997939626080687,-0.00568347579834536));
#5498=CARTESIAN_POINT('',(-0.0123745865863064,-0.0102677488288034,-0.00580244505030634));
#5499=CARTESIAN_POINT('',(-0.0123623897442776,-0.0102824149415308,-0.00626257662185718));
#5500=CARTESIAN_POINT('',(-0.0125038377466511,-0.00938608200874413,-0.00571440113565386));
#5501=CARTESIAN_POINT('',(-0.012856363665371,-0.00965768957977156,-0.00583337253799415));
#5502=CARTESIAN_POINT('',(-0.0128449550859651,-0.0096728416744396,-0.00629350710561136));
#5503=CARTESIAN_POINT('',(-0.0127278574402483,-0.00907992021582894,-0.00572984680835494));
#5504=CARTESIAN_POINT('',(-0.0130868799801745,-0.00934287651569027,-0.00584881961334392));
#5505=CARTESIAN_POINT('',(-0.0130758846306654,-0.0093582434384994,-0.00630895614759594));
#5506=CARTESIAN_POINT('',(-0.0137833394813414,-0.00752242960644189,-0.00580597032762045));
#5507=CARTESIAN_POINT('',(-0.0141730168186735,-0.00774132643821179,-0.00592495145100897));
#5508=CARTESIAN_POINT('',(-0.0141641410939148,-0.00775760260200978,-0.00638510009036202));
#5509=CARTESIAN_POINT('',(-0.0144367594044483,-0.00617828952936391,-0.00586498055303285));
#5510=CARTESIAN_POINT('',(-0.0148454345241843,-0.00635930868293029,-0.00598395043736648));
#5511=CARTESIAN_POINT('',(-0.0148378725377815,-0.0063768836327195,-0.00644408272792308));
#5512=CARTESIAN_POINT('',(-0.0151245362851691,-0.00401527053033243,-0.00595839215002365));
#5513=CARTESIAN_POINT('',(-0.0155535561083115,-0.00413501184247937,-0.00607735943474265));
#5514=CARTESIAN_POINT('',(-0.0155486009318567,-0.00415355322465473,-0.00653748820817039));
#5515=CARTESIAN_POINT('',(-0.015300854180612,-0.00327975790567146,-0.00598954239767163));
#5516=CARTESIAN_POINT('',(-0.0157351606143664,-0.00337862320809804,-0.00610851013097807));
#5517=CARTESIAN_POINT('',(-0.0157311189464076,-0.00339735846523805,-0.00656863963915776));
#5518=CARTESIAN_POINT('',(-0.0154846649286502,-0.00216093735091756,-0.0060360268891034));
#5519=CARTESIAN_POINT('',(-0.0159246088320781,-0.00222798453491823,-0.00615499737450816));
#5520=CARTESIAN_POINT('',(-0.015921953225302,-0.00224681134124163,-0.00661513066122791));
#5521=CARTESIAN_POINT('',(-0.0155324923077665,-0.00178463637875638,-0.00605151218613245));
#5522=CARTESIAN_POINT('',(-0.0159739334958318,-0.00184097229685761,-0.00617048391044018));
#5523=CARTESIAN_POINT('',(-0.0159717435526886,-0.00185979559224045,-0.006630618935921));
#5524=CARTESIAN_POINT('',(-0.0156003725126385,-0.00103522613210127,-0.00608205971688504));
#5525=CARTESIAN_POINT('',(-0.0160440136166057,-0.00107021070976688,-0.00620103453813084));
#5526=CARTESIAN_POINT('',(-0.0160427427811231,-0.00108896088841181,-0.00666117387852826));
#5527=CARTESIAN_POINT('',(-0.0156206459564496,-0.000661015336953445,-0.0060971681388372));
#5528=CARTESIAN_POINT('',(-0.016064996396961,-0.000685328805294778,-0.00621614481008573));
#5529=CARTESIAN_POINT('',(-0.0160641803558509,-0.000704009304690142,-0.00667628673897015));
#5530=CARTESIAN_POINT('',(-0.0156412619189092,0.000460164546547717,-0.00614200705447273));
#5531=CARTESIAN_POINT('',(-0.0160865880788855,0.000467849786395734,-0.0062609900943992));
#5532=CARTESIAN_POINT('',(-0.0160871121033199,0.000449474805525656,-0.00672114102316018));
#5533=CARTESIAN_POINT('',(-0.0156015452916901,0.00120662487931823,-0.00617189751947839));
#5534=CARTESIAN_POINT('',(-0.0160460128262235,0.0012354307127689,-0.00629087130685953));
#5535=CARTESIAN_POINT('',(-0.0160474331665906,0.00121661757009403,-0.00675100907532794));
#5536=CARTESIAN_POINT('',(-0.0154143477677767,0.00269479642145911,-0.00623311500115533));
#5537=CARTESIAN_POINT('',(-0.0158540322088596,0.00276595229890092,-0.00635208383266864));
#5538=CARTESIAN_POINT('',(-0.0158572893855616,0.00274711537628261,-0.0068122146961236));
#5539=CARTESIAN_POINT('',(-0.0152654080534924,0.00344077270533174,-0.00626438936225071));
#5540=CARTESIAN_POINT('',(-0.015701128531987,0.00353319600866096,-0.00638335693797223));
#5541=CARTESIAN_POINT('',(-0.015705316499207,0.0035144827132548,-0.00684348615820331));
#5542=CARTESIAN_POINT('',(-0.0149633856049092,0.00453223905459289,-0.00631104528707298));
#5543=CARTESIAN_POINT('',(-0.0153909025250372,0.0046558394198883,-0.00643001309073601));
#5544=CARTESIAN_POINT('',(-0.0153964251043235,0.00463750488166469,-0.00689014262392268));
#5545=CARTESIAN_POINT('',(-0.014849616842694,0.00489217246066325,-0.00632658220770368));
#5546=CARTESIAN_POINT('',(-0.0152740235485393,0.00502606371847392,-0.00644555041562906));
#5547=CARTESIAN_POINT('',(-0.0152799815257923,0.0050078877184479,-0.00690568052578477));
#5548=CARTESIAN_POINT('',(-0.0145957898311169,0.00560423279301225,-0.00635762584785529));
#5549=CARTESIAN_POINT('',(-0.0150132196692154,0.00575850188271129,-0.00647659554122674));
#5550=CARTESIAN_POINT('',(-0.0150200227730417,0.00574070472385102,-0.0069367277210202));
#5551=CARTESIAN_POINT('',(-0.0144555123354632,0.00595662228434329,-0.00637314535480602));
#5552=CARTESIAN_POINT('',(-0.014869069457653,0.0061209856511827,-0.00649211612169373));
#5553=CARTESIAN_POINT('',(-0.0148762823954692,0.00610340946718154,-0.00695224981006446));
#5554=CARTESIAN_POINT('',(-0.0140005602796719,0.0069894314865141,-0.00641909848857181));
#5555=CARTESIAN_POINT('',(-0.0144015092152316,0.00718340670489366,-0.00653807338470228));
#5556=CARTESIAN_POINT('',(-0.0144098887190002,0.0071665732565391,-0.00699821291066669));
#5557=CARTESIAN_POINT('',(-0.0136506438498796,0.00764984422036118,-0.00644875907547207));
#5558=CARTESIAN_POINT('',(-0.0140418095655955,0.00786282188911015,-0.00656774054337557));
#5559=CARTESIAN_POINT('',(-0.0140508088272733,0.00784668724187133,-0.00702788895388351));
#5560=CARTESIAN_POINT('',(-0.0128586737947869,0.00891709131834736,-0.00650874701516259));
#5561=CARTESIAN_POINT('',(-0.013227814006419,0.00916631556958335,-0.00662772046592612));
#5562=CARTESIAN_POINT('',(-0.0132385442599637,0.00915077457100262,-0.00708785770671698));
#5563=CARTESIAN_POINT('',(-0.01241700674255,0.00952326294375308,-0.00653927233712273));
#5564=CARTESIAN_POINT('',(-0.0127738212206811,0.00978986472744071,-0.00665824291273833));
#5565=CARTESIAN_POINT('',(-0.0127853752381626,0.00977474602085346,-0.00711837624392156));
#5566=CARTESIAN_POINT('',(-0.0114386908963424,0.0106785239500283,-0.00660142763933809));
#5567=CARTESIAN_POINT('',(-0.0117681070831447,0.0109783251686618,-0.0067203951625875));
#5568=CARTESIAN_POINT('',(-0.0117811718882437,0.0109642814945836,-0.00718052424073945));
#5569=CARTESIAN_POINT('',(-0.0109122079065229,0.0112153172539445,-0.0066324032616766));
#5570=CARTESIAN_POINT('',(-0.0112268372328666,0.0115305853055137,-0.00675137055955141));
#5571=CARTESIAN_POINT('',(-0.0112405712141957,0.0115171848920459,-0.00721149943196913));
#5572=CARTESIAN_POINT('',(-0.00979287792724419,0.0122048849265724,-0.00669384069936704));
#5573=CARTESIAN_POINT('',(-0.0100759795470301,0.0125487410587384,-0.00681281023885661));
#5574=CARTESIAN_POINT('',(-0.0100908416940831,0.0125367820019305,-0.00727294223456408));
#5575=CARTESIAN_POINT('',(-0.00919917975622754,0.0126586474272062,-0.00672435609766625));
#5576=CARTESIAN_POINT('',(-0.00946551845664859,0.0130156518931396,-0.00684332801414539));
#5577=CARTESIAN_POINT('',(-0.0094808392835867,0.0130044933763141,-0.00730346342315579));
#5578=CARTESIAN_POINT('',(-0.00794250763591392,0.0134826927689559,-0.00678497357102385));
#5579=CARTESIAN_POINT('',(-0.00817327555397431,0.0138636496526225,-0.00690395281981199));
#5580=CARTESIAN_POINT('',(-0.00818927458095369,0.0138542030926915,-0.007364098444375));
#5581=CARTESIAN_POINT('',(-0.00727749116713785,0.0138531632858728,-0.00681501582446792));
#5582=CARTESIAN_POINT('',(-0.00748949441200753,0.0142448764100793,-0.00693399244976417));
#5583=CARTESIAN_POINT('',(-0.00750605307018496,0.0142361371687878,-0.00739413414496279));
#5584=CARTESIAN_POINT('',(-0.00590816715301305,0.0144901838017232,-0.00687629995485369));
#5585=CARTESIAN_POINT('',(-0.00608151105531179,0.0149004788514835,-0.00699527028883367));
#5586=CARTESIAN_POINT('',(-0.00609912993283394,0.0148932551258408,-0.0074554032185818));
#5587=CARTESIAN_POINT('',(-0.00519649870924013,0.0147601279703085,-0.00690749916694543));
#5588=CARTESIAN_POINT('',(-0.00534971239497666,0.0151783544986998,-0.00702646757776167));
#5589=CARTESIAN_POINT('',(-0.00536775133727321,0.0151719710998649,-0.00748659793373118));
#5590=CARTESIAN_POINT('',(-0.00375825459604026,0.0151901439958692,-0.00696931980985415));
#5591=CARTESIAN_POINT('',(-0.00387070356903609,0.0156211243066243,-0.00708828716535858));
#5592=CARTESIAN_POINT('',(-0.00388932229282272,0.0156164859548006,-0.00754841605106712));
#5593=CARTESIAN_POINT('',(-0.00302900246713629,0.0153520431351928,-0.00700006723021336));
#5594=CARTESIAN_POINT('',(-0.00312074388962158,0.0157878978519824,-0.00711903533893054));
#5595=CARTESIAN_POINT('',(-0.00313952367323167,0.0157841675460599,-0.00757916537979469));
#5596=CARTESIAN_POINT('',(-0.00192012509322965,0.0155162629804634,-0.0070459472048323));
#5597=CARTESIAN_POINT('',(-0.00198031829889684,0.0159571932461197,-0.00716491846166384));
#5598=CARTESIAN_POINT('',(-0.0019991453392674,0.0159548354791488,-0.00762505282561083));
#5599=CARTESIAN_POINT('',(-0.00154798965713991,0.0155578476699745,-0.00706120018843576));
#5600=CARTESIAN_POINT('',(-0.00159758610267384,0.0160000955872286,-0.00718017280148137));
#5601=CARTESIAN_POINT('',(-0.0016163957691849,0.0159981971840011,-0.00764030906774912));
#5602=CARTESIAN_POINT('',(-0.000798612593502843,0.0156142624333594,-0.00709162418976552));
#5603=CARTESIAN_POINT('',(-0.000826850548693151,0.0160583825880781,-0.00721060015759393));
#5604=CARTESIAN_POINT('',(-0.0008455593582509,0.0160573994716609,-0.0076707410978611));
#5605=CARTESIAN_POINT('',(-0.000420271325105392,0.015629080919487,-0.00710683884605095));
#5606=CARTESIAN_POINT('',(-0.000437716415825366,0.0160737557382738,-0.00722581680911164));
#5607=CARTESIAN_POINT('',(-0.000456341090919291,0.0160732298149355,-0.00768596054112965));
#5608=CARTESIAN_POINT('',(0.000714049941837012,0.0156321459695376,-0.00715201366516412));
#5609=CARTESIAN_POINT('',(0.00072899078467675,0.0160772981432028,-0.00727099844875318));
#5610=CARTESIAN_POINT('',(0.000710717599073429,0.0160781174580341,-0.00773115182011927));
#5611=CARTESIAN_POINT('',(0.00146794026400139,0.0155794935263507,-0.00718253157828682));
#5612=CARTESIAN_POINT('',(0.00150417468594331,0.0160234288422454,-0.00730150424155672));
#5613=CARTESIAN_POINT('',(0.00148533122034704,0.0160251700732061,-0.00776164045424125));
#5614=CARTESIAN_POINT('',(0.00371735365583885,0.0152570597426951,-0.00727548470767898));
#5615=CARTESIAN_POINT('',(0.00381763245822066,0.0156926422055493,-0.00739445090292042));
#5616=CARTESIAN_POINT('',(0.0037988460703764,0.0156971663803012,-0.00785457783413353));
#5617=CARTESIAN_POINT('',(0.00515113337463122,0.014833311316462,-0.00733706130588667));
#5618=CARTESIAN_POINT('',(0.00529238317153688,0.0152573637946145,-0.00745602810818802));
#5619=CARTESIAN_POINT('',(0.00527418356366355,0.015263683138448,-0.00791615673551084));
#5620=CARTESIAN_POINT('',(0.00685903038901342,0.0140497932065747,-0.00741338407441772));
#5621=CARTESIAN_POINT('',(0.00704927261074785,0.0144520980350767,-0.00753235866596425));
#5622=CARTESIAN_POINT('',(0.00703236229963812,0.0144603239460606,-0.00799249768566021));
#5623=CARTESIAN_POINT('',(0.00719735941229227,0.0138795808458153,-0.00742866338604476));
#5624=CARTESIAN_POINT('',(0.00739731509265478,0.0142771472162837,-0.00754763981820439));
#5625=CARTESIAN_POINT('',(0.00738069314856895,0.0142857378957835,-0.00800778141455275));
#5626=CARTESIAN_POINT('',(0.00786003321727431,0.0135153514046738,-0.00745891944360659));
#5627=CARTESIAN_POINT('',(0.00807903204405343,0.0139027492075496,-0.00757790016269064));
#5628=CARTESIAN_POINT('',(0.00806303592654709,0.0139120232255257,-0.00803804773168764));
#5629=CARTESIAN_POINT('',(0.00818428508539337,0.0133214821550093,-0.0074739170309815));
#5630=CARTESIAN_POINT('',(0.00841254498116755,0.0137034975727861,-0.00759289499005402));
#5631=CARTESIAN_POINT('',(0.0083966513228582,0.0137132265902002,-0.00805303863293167));
#5632=CARTESIAN_POINT('',(0.00913486303392034,0.0127053645801877,-0.00751955721047496));
#5633=CARTESIAN_POINT('',(0.00939032699767778,0.0130702292457857,-0.00763852955470318));
#5634=CARTESIAN_POINT('',(0.00937492539669894,0.0130812555442379,-0.00809866526089531));
#5635=CARTESIAN_POINT('',(0.00974172492021124,0.0122459628179152,-0.00755061935700323));
#5636=CARTESIAN_POINT('',(0.010014596694757,0.0125979956300674,-0.00766958911017031));
#5637=CARTESIAN_POINT('',(0.00999965394266614,0.0126098416488884,-0.00812972130911637));
#5638=CARTESIAN_POINT('',(0.0108701310865445,0.0112563317595859,-0.00761232209422803));
#5639=CARTESIAN_POINT('',(0.0111754500024442,0.011580628837549,-0.00773128945019507));
#5640=CARTESIAN_POINT('',(0.0111616243153014,0.0115939349673521,-0.00819141830923198));
#5641=CARTESIAN_POINT('',(0.0113948374297213,0.0107246408960422,-0.00764309737521896));
#5642=CARTESIAN_POINT('',(0.0117152840594632,0.011033995205343,-0.00776206480833517));
#5643=CARTESIAN_POINT('',(0.0117021187678344,0.0110479449637962,-0.00822219388144921));
#5644=CARTESIAN_POINT('',(0.0121233625471335,0.0098724557569261,-0.00768914749000596));
#5645=CARTESIAN_POINT('',(0.01246486995435,0.0101577920515237,-0.00780811707503728));
#5646=CARTESIAN_POINT('',(0.0124528135284691,0.0101725523773569,-0.00826824910307995));
#5647=CARTESIAN_POINT('',(0.0123564111216939,0.00957925077337288,-0.00770447866112561));
#5648=CARTESIAN_POINT('',(0.0127046655138758,0.00985631324660537,-0.00782344927715736));
#5649=CARTESIAN_POINT('',(0.0126929988478447,0.00987131746768776,-0.00828358275481278));
#5650=CARTESIAN_POINT('',(0.0128025823964114,0.00897423466500533,-0.00773510268086872));
#5651=CARTESIAN_POINT('',(0.0131637733960233,0.00923420277846637,-0.00785407601560025));
#5652=CARTESIAN_POINT('',(0.0131529206539221,0.009249638185945,-0.00831421328108388));
#5653=CARTESIAN_POINT('',(0.0130162996579176,0.00866144572534335,-0.00775044133774111));
#5654=CARTESIAN_POINT('',(0.0133836974626301,0.00891256584012157,-0.00786941635589964));
#5655=CARTESIAN_POINT('',(0.0133732703581715,0.00892818871886423,-0.00832955597933296));
#5656=CARTESIAN_POINT('',(0.0136216193299438,0.00770228060868316,-0.00779601950817947));
#5657=CARTESIAN_POINT('',(0.0140066258707018,0.00792623706444251,-0.00791500045067883));
#5658=CARTESIAN_POINT('',(0.0139975086159513,0.00794232541740675,-0.00837514844813452));
#5659=CARTESIAN_POINT('',(0.0139774931620787,0.00703601524845861,-0.00782595091182485));
#5660=CARTESIAN_POINT('',(0.0143728217066742,0.00724120883005694,-0.00794492615025195));
#5661=CARTESIAN_POINT('',(0.0143643399000285,0.0072579799193869,-0.00840506592453878));
#5662=CARTESIAN_POINT('',(0.0145924922628798,0.00565109404539563,-0.00788762105296701));
#5663=CARTESIAN_POINT('',(0.015005787767201,0.00581716918590091,-0.00800659059388652));
#5664=CARTESIAN_POINT('',(0.0149988629412836,0.0058349501919351,-0.00846672242991795));
#5665=CARTESIAN_POINT('',(0.0148461535156901,0.00494483001741641,-0.00791843164168137));
#5666=CARTESIAN_POINT('',(0.0152669175331403,0.0050909181930156,-0.00803739960780299));
#5667=CARTESIAN_POINT('',(0.0152608354489828,0.00510908375120113,-0.00849752935687549));
#5668=CARTESIAN_POINT('',(0.0152500618502688,0.00350645427673501,-0.00797997926089515));
#5669=CARTESIAN_POINT('',(0.0156828390336193,0.00361175580332808,-0.00809894678949489));
#5670=CARTESIAN_POINT('',(0.0156785121016426,0.00363043987092008,-0.00855907592899971));
#5671=CARTESIAN_POINT('',(0.015400341330529,0.00277423895212304,-0.00801072076010416));
#5672=CARTESIAN_POINT('',(0.0158376635486106,0.0028587400158882,-0.00812968933644222));
#5673=CARTESIAN_POINT('',(0.0158342499643006,0.00287755602636691,-0.00858982004196289));
#5674=CARTESIAN_POINT('',(0.0155467275716212,0.00165598481477625,-0.00805678381639427));
#5675=CARTESIAN_POINT('',(0.0159886200507936,0.00170865710446527,-0.00817575601544737));
#5676=CARTESIAN_POINT('',(0.0159865881847327,0.00172747420124619,-0.00863589169541586));
#5677=CARTESIAN_POINT('',(0.0155823596656305,0.00127834982464093,-0.00807219221631421));
#5678=CARTESIAN_POINT('',(0.0160254017318437,0.00132026408450395,-0.00819116594141268));
#5679=CARTESIAN_POINT('',(0.0160238343264907,0.00133904759178324,-0.00865130376015838));
#5680=CARTESIAN_POINT('',(0.0156258958886537,0.000524950671197963,-0.00810263901159128));
#5681=CARTESIAN_POINT('',(0.0160704433103676,0.000545382533114769,-0.00822161640307478));
#5682=CARTESIAN_POINT('',(0.0160697909740353,0.000564032824130524,-0.00868175933005763));
#5683=CARTESIAN_POINT('',(0.0156339322813067,0.000149607621624879,-0.00811758197578704));
#5684=CARTESIAN_POINT('',(0.0160788362358286,0.000159298741693551,-0.00823656336150275));
#5685=CARTESIAN_POINT('',(0.0160786295085848,0.000177755802043685,-0.00869671177327903));
#5686=CARTESIAN_POINT('',(0.0156177556573065,-0.000974017757715583,-0.00816246819795969));
#5687=CARTESIAN_POINT('',(0.0160625988067063,-0.000996214379409404,-0.00828144310519307));
#5688=CARTESIAN_POINT('',(0.0160637305470456,-0.00097743639685211,-0.0087415823619586));
#5689=CARTESIAN_POINT('',(0.0155534518047011,-0.00171822315025034,-0.00819276917455915));
#5690=CARTESIAN_POINT('',(0.015996737615787,-0.00176157603986529,-0.00831174087194094));
#5691=CARTESIAN_POINT('',(0.0159987875213376,-0.00174271551948278,-0.00877187575204397));
#5692=CARTESIAN_POINT('',(0.0153768840631919,-0.00282722031058793,-0.00823878435822877));
#5693=CARTESIAN_POINT('',(0.0158155512006593,-0.00290215872594144,-0.00835775319556684));
#5694=CARTESIAN_POINT('',(0.015818974528837,-0.00288337102879511,-0.00881788414824282));
#5695=CARTESIAN_POINT('',(0.0153046255919378,-0.00319566308716766,-0.0082542170678032));
#5696=CARTESIAN_POINT('',(0.0157413712369554,-0.00328110496690308,-0.00837318527404401));
#5697=CARTESIAN_POINT('',(0.0157452517964058,-0.0032623744196491,-0.00883331536060348));
#5698=CARTESIAN_POINT('',(0.0151326976099652,-0.00393004791039129,-0.00828527539605498));
#5699=CARTESIAN_POINT('',(0.0155648170239819,-0.0040364452737681,-0.00840424301499483));
#5700=CARTESIAN_POINT('',(0.0155696036864377,-0.00401789522430167,-0.00886437228318528));
#5701=CARTESIAN_POINT('',(0.0150328319394055,-0.00429630281574543,-0.00830091555741865));
#5702=CARTESIAN_POINT('',(0.0154622411855918,-0.00441316093500425,-0.00841988321147815));
#5703=CARTESIAN_POINT('',(0.0154674770050051,-0.00439473487732991,-0.00888001254239093));
#5704=CARTESIAN_POINT('',(0.0148077665114322,-0.00501740194586016,-0.00833201206418216));
#5705=CARTESIAN_POINT('',(0.015231025964728,-0.00515487520876818,-0.00845098047052629));
#5706=CARTESIAN_POINT('',(0.0152371337244531,-0.00513675923180329,-0.00891111084962294));
#5707=CARTESIAN_POINT('',(0.0146823454702739,-0.00537335463088802,-0.0083475148804407));
#5708=CARTESIAN_POINT('',(0.0151021595041624,-0.00552101361643844,-0.00846648399077614));
#5709=CARTESIAN_POINT('',(0.0151086913327207,-0.00550308417889192,-0.00892661536421146));
#5710=CARTESIAN_POINT('',(0.0144057479281415,-0.00607607463247675,-0.00837842974006391));
#5711=CARTESIAN_POINT('',(0.014817928557966,-0.00624386114312723,-0.00849740092493869));
#5712=CARTESIAN_POINT('',(0.0148252783085222,-0.00622636429565929,-0.0089575351887896));
#5713=CARTESIAN_POINT('',(0.0142540478169529,-0.00642387430618204,-0.00839388845097465));
#5714=CARTESIAN_POINT('',(0.0146620260139775,-0.00660163201503545,-0.0085128610012355));
#5715=CARTESIAN_POINT('',(0.0146697705996269,-0.00658438235603513,-0.00897299718007632));
#5716=CARTESIAN_POINT('',(0.0137642573407185,-0.00744421751156513,-0.00843971714756382));
#5717=CARTESIAN_POINT('',(0.0141586213377273,-0.00765125416284357,-0.00855869468409145));
#5718=CARTESIAN_POINT('',(0.0141674848169837,-0.00763482421442108,-0.00901883791174998));
#5719=CARTESIAN_POINT('',(0.0133920926636012,-0.00809393008287582,-0.00846922781180516));
#5720=CARTESIAN_POINT('',(0.0137760811717535,-0.00831959754493696,-0.00858820615644591));
#5721=CARTESIAN_POINT('',(0.013785689121488,-0.0083036302630019,-0.00904835023640567));
#5722=CARTESIAN_POINT('',(0.01255915806241,-0.00933419730855698,-0.00852962340517871));
#5723=CARTESIAN_POINT('',(0.0129199414706054,-0.00959537627778,-0.00864859483067281));
#5724=CARTESIAN_POINT('',(0.0129312374190308,-0.0095801147650542,-0.00910872927054067));
#5725=CARTESIAN_POINT('',(0.0120985787164517,-0.00992447131358398,-0.00856023668063845));
#5726=CARTESIAN_POINT('',(0.0124464886068517,-0.0102025905962104,-0.00867920581899918));
#5727=CARTESIAN_POINT('',(0.0124585773818498,-0.0101878038425425,-0.00913933717239633));
#5728=CARTESIAN_POINT('',(0.0113395589843147,-0.0107637482152035,-0.00860679840505775));
#5729=CARTESIAN_POINT('',(0.0116661829194716,-0.0110660134663512,-0.00872576614404357));
#5730=CARTESIAN_POINT('',(0.0116793461762893,-0.0110521023349774,-0.00918589557603409));
#5731=CARTESIAN_POINT('',(0.0110748949856595,-0.0110358936418499,-0.00862243685746382));
#5732=CARTESIAN_POINT('',(0.0113940859552104,-0.0113459988370159,-0.00874140446090419));
#5733=CARTESIAN_POINT('',(0.0114075881237514,-0.0113324074464444,-0.00920153371781255));
#5734=CARTESIAN_POINT('',(0.0105289247987644,-0.0115579409732121,-0.00865355072014771));
#5735=CARTESIAN_POINT('',(0.0108327601277147,-0.0118831052978772,-0.00877251873745412));
#5736=CARTESIAN_POINT('',(0.0108468877648124,-0.0118701959188104,-0.00923264857102631));
#5737=CARTESIAN_POINT('',(0.010246875532763,-0.0118087152709553,-0.00866907319229659));
#5738=CARTESIAN_POINT('',(0.0105427675862723,-0.0121411236629682,-0.00878804174534807));
#5739=CARTESIAN_POINT('',(0.010557182715106,-0.0121285775727583,-0.00924817233896534));
#5740=CARTESIAN_POINT('',(0.00966465864593048,-0.0122897773763902,-0.00870004927782458));
#5741=CARTESIAN_POINT('',(0.00994413185548886,-0.0126361018589512,-0.00881901957384885));
#5742=CARTESIAN_POINT('',(0.00995906743501601,-0.0126243208388948,-0.00927915259592516));
#5743=CARTESIAN_POINT('',(0.00936353004197692,-0.0125207139260788,-0.00871554978719858));
#5744=CARTESIAN_POINT('',(0.00963450072744564,-0.0128737291211992,-0.00883452128472906));
#5745=CARTESIAN_POINT('',(0.00964966959497677,-0.0128623513534742,-0.00929465599370899));
#5746=CARTESIAN_POINT('',(0.00874864228692219,-0.0129578277553722,-0.00874619758719058));
#5747=CARTESIAN_POINT('',(0.00900222956783702,-0.013323526644858,-0.00886517211887945));
#5748=CARTESIAN_POINT('',(0.00901780245599226,-0.0133129803010873,-0.00932531105532194));
#5749=CARTESIAN_POINT('',(0.0084349255995333,-0.0131641132657623,-0.00876134679312385));
#5750=CARTESIAN_POINT('',(0.00867963352410338,-0.0135358080728796,-0.00888032314498728));
#5751=CARTESIAN_POINT('',(0.00869537716059036,-0.0135256899041655,-0.00934046462840047));
#5752=CARTESIAN_POINT('',(0.00747539778738114,-0.013747020771886,-0.00880628267831414));
#5753=CARTESIAN_POINT('',(0.00769291732465311,-0.0141356865709984,-0.00892526531149121));
#5754=CARTESIAN_POINT('',(0.00770907721194998,-0.0141268800141586,-0.00938541567162475));
#5755=CARTESIAN_POINT('',(0.0068105027100187,-0.0140882760286394,-0.00883610632224545));
#5756=CARTESIAN_POINT('',(0.00700933350067175,-0.0144868307023786,-0.00895508038363492));
#5757=CARTESIAN_POINT('',(0.0070262919150529,-0.0144785942119098,-0.00941521853140282));
#5758=CARTESIAN_POINT('',(0.00577700373283624,-0.0145281816769144,-0.00888192482264454));
#5759=CARTESIAN_POINT('',(0.0059466307409724,-0.0149396060991289,-0.00900089503599856));
#5760=CARTESIAN_POINT('',(0.00596430092145066,-0.014932546680843,-0.00946102789935762));
#5761=CARTESIAN_POINT('',(0.00542638557528771,-0.0146628205281818,-0.00889731329406325));
#5762=CARTESIAN_POINT('',(0.00558609543042238,-0.0150781985663104,-0.0090162825432905));
#5763=CARTESIAN_POINT('',(0.00560397542975108,-0.0150715495295916,-0.0094764140761434));
#5764=CARTESIAN_POINT('',(0.00471262908742894,-0.0149075505786063,-0.00892832686637944));
#5765=CARTESIAN_POINT('',(0.0048521302230924,-0.0153301457618146,-0.0090472948540286));
#5766=CARTESIAN_POINT('',(0.00487037039133048,-0.0153243478847042,-0.0095074246290435));
#5767=CARTESIAN_POINT('',(0.00434931855030685,-0.0150175787846767,-0.00894395814927203));
#5768=CARTESIAN_POINT('',(0.00447852341467677,-0.0154434356677516,-0.00906292583090292));
#5769=CARTESIAN_POINT('',(0.00449691347379765,-0.0154380789274113,-0.00952305519326895));
#5770=CARTESIAN_POINT('',(0.0036188912257762,-0.0152101240110075,-0.00897507896940216));
#5771=CARTESIAN_POINT('',(0.0037273752613731,-0.0156417246717471,-0.00909404672592773));
#5772=CARTESIAN_POINT('',(0.00374599894909894,-0.015637263303825,-0.00955417619266636));
#5773=CARTESIAN_POINT('',(0.00325069153000562,-0.0152930451086876,-0.0089906159096164));
#5774=CARTESIAN_POINT('',(0.0033487206470613,-0.0157271396552588,-0.00910958403291635));
#5775=CARTESIAN_POINT('',(0.00336742842000161,-0.0157231338743969,-0.00956971402436431));
#5776=CARTESIAN_POINT('',(0.00250832153004174,-0.0154321929645157,-0.00902164287940038));
#5777=CARTESIAN_POINT('',(0.00258525101732523,-0.0158705175073699,-0.009140612411726));
#5778=CARTESIAN_POINT('',(0.002604060752423,-0.0158674314428559,-0.00960074436634995));
#5779=CARTESIAN_POINT('',(0.00213299992873755,-0.0154885189307105,-0.00903717978416093));
#5780=CARTESIAN_POINT('',(0.0021992521805722,-0.0159285827902755,-0.00915615035245346));
#5781=CARTESIAN_POINT('',(0.00221807938681354,-0.0159259623041796,-0.00961628376355287));
#5782=CARTESIAN_POINT('',(0.000259196710517074,-0.0157006549165068,-0.00911401196981375));
#5783=CARTESIAN_POINT('',(0.000272097094648548,-0.0161474300766488,-0.00923298914514212));
#5784=CARTESIAN_POINT('',(0.000290840012820819,-0.0161471192716427,-0.00969313217505607));
#5785=CARTESIAN_POINT('',(-0.00123404174142718,-0.0156543011343746,-0.00917242574004767));
#5786=CARTESIAN_POINT('',(-0.00126358927917661,-0.0161002796456594,-0.00929139819865948));
#5787=CARTESIAN_POINT('',(-0.00124463775129105,-0.0161017293892997,-0.00975153395466516));
#5788=CARTESIAN_POINT('',(-0.003091998790096,-0.015325910994297,-0.00924986476528742));
#5789=CARTESIAN_POINT('',(-0.00317448480508032,-0.0157632243608499,-0.009368833129889));
#5790=CARTESIAN_POINT('',(-0.0031557357469397,-0.0157669759659747,-0.0098289634267016));
#5791=CARTESIAN_POINT('',(-0.00346315322511569,-0.015246337746839,-0.00926548341787784));
#5792=CARTESIAN_POINT('',(-0.0035562248099775,-0.0156815221044424,-0.0093844513064155));
#5793=CARTESIAN_POINT('',(-0.00353754970052479,-0.0156857336750627,-0.00984458095357961));
#5794=CARTESIAN_POINT('',(-0.00419550072346709,-0.0150612752628764,-0.00929660079247693));
#5795=CARTESIAN_POINT('',(-0.0043094791594182,-0.0154914576569596,-0.00941556841683843));
#5796=CARTESIAN_POINT('',(-0.00429101653287424,-0.0154965698115189,-0.0098756976959443));
#5797=CARTESIAN_POINT('',(-0.00455784055466113,-0.0149556118811168,-0.00931214700688072));
#5798=CARTESIAN_POINT('',(-0.00468217265008197,-0.0153829168528171,-0.00943111482854876));
#5799=CARTESIAN_POINT('',(-0.00466384889046327,-0.0153884709871583,-0.00989124439629912));
#5800=CARTESIAN_POINT('',(-0.00527485319234079,-0.0147180224823428,-0.00934321449960489));
#5801=CARTESIAN_POINT('',(-0.00541969288856939,-0.0151388176019319,-0.00946218339441084));
#5802=CARTESIAN_POINT('',(-0.00540170939466756,-0.0151452322996792,-0.00992231445735037));
#5803=CARTESIAN_POINT('',(-0.00563057124741879,-0.0145856269525555,-0.0093587823814002));
#5804=CARTESIAN_POINT('',(-0.00578559459750589,-0.0150027767279768,-0.00947775214520166));
#5805=CARTESIAN_POINT('',(-0.00576781354061404,-0.0150096110856746,-0.00993788443216293));
#5806=CARTESIAN_POINT('',(-0.00632740656818125,-0.0142971265397032,-0.00938959004062113));
#5807=CARTESIAN_POINT('',(-0.00650239797111317,-0.014706298992775,-0.00950856219048099));
#5808=CARTESIAN_POINT('',(-0.00648507731464761,-0.0147139345589662,-0.0099686978019684));
#5809=CARTESIAN_POINT('',(-0.00666879696919667,-0.0141410359042623,-0.00940484053512721));
#5810=CARTESIAN_POINT('',(-0.00685358027901177,-0.0145458770361864,-0.00952381418962119));
#5811=CARTESIAN_POINT('',(-0.00683651770894615,-0.0145538944029657,-0.00998395190919653));
#5812=CARTESIAN_POINT('',(-0.00767237162735398,-0.0136380584215664,-0.00945014260899239));
#5813=CARTESIAN_POINT('',(-0.00788596530181751,-0.0140288988261092,-0.0095691216397783));
#5814=CARTESIAN_POINT('',(-0.00786975319736345,-0.0140379975894793,-0.0100292669581324));
#5815=CARTESIAN_POINT('',(-0.00831446701541316,-0.013256411312246,-0.00947960494983106));
#5816=CARTESIAN_POINT('',(-0.0085464410684049,-0.0136366281797972,-0.0095985818568616));
#5817=CARTESIAN_POINT('',(-0.00853057293947804,-0.0136465384428924,-0.0100587239442002));
#5818=CARTESIAN_POINT('',(-0.00923657894964376,-0.0126145770701777,-0.009525165233209));
#5819=CARTESIAN_POINT('',(-0.0094949682818222,-0.0129768982657748,-0.0096441373244315));
#5820=CARTESIAN_POINT('',(-0.00947967375853089,-0.0129880589665698,-0.0101042727979165));
#5821=CARTESIAN_POINT('',(-0.0095370618974112,-0.0123890504051062,-0.00954048881571062));
#5822=CARTESIAN_POINT('',(-0.00980406933945668,-0.0127450726212098,-0.00965945961473685));
#5823=CARTESIAN_POINT('',(-0.00978899632588845,-0.0127566376541013,-0.01011959330012));
#5824=CARTESIAN_POINT('',(-0.0101239262749602,-0.0119142852019126,-0.00957141609123565));
#5825=CARTESIAN_POINT('',(-0.0104077858805074,-0.0122570244678684,-0.00969038496058027));
#5826=CARTESIAN_POINT('',(-0.0103932145502317,-0.0122693661050253,-0.0101505159572733));
#5827=CARTESIAN_POINT('',(-0.010410113519564,-0.0116650150769644,-0.00958701504832553));
#5828=CARTESIAN_POINT('',(-0.0107022014766199,-0.0120007695147187,-0.00970598327322413));
#5829=CARTESIAN_POINT('',(-0.0106879107480473,-0.0120134829164412,-0.0101661133855716));
#5830=CARTESIAN_POINT('',(-0.0117825387432266,-0.0103796087841765,-0.0096644434088775));
#5831=CARTESIAN_POINT('',(-0.0121141368742341,-0.0106792884300259,-0.009783410166661));
#5832=CARTESIAN_POINT('',(-0.0121013615189073,-0.0106937365526896,-0.0102435381425644));
#5833=CARTESIAN_POINT('',(-0.0127162165070283,-0.00921372577199863,-0.00972560924707882));
#5834=CARTESIAN_POINT('',(-0.0130748506915598,-0.00948052467007669,-0.00984457978201679));
#5835=CARTESIAN_POINT('',(-0.0130636720755908,-0.00949597854523205,-0.0103047138419134));
#5836=CARTESIAN_POINT('',(-0.0138654112130643,-0.0072543546684244,-0.00981617147953109));
#5837=CARTESIAN_POINT('',(-0.0142575341451843,-0.00746560053823392,-0.00993515581326519));
#5838=CARTESIAN_POINT('',(-0.0142490297553393,-0.0074818215655664,-0.0103953085557756));
#5839=CARTESIAN_POINT('',(-0.0141994866532705,-0.00657636064686431,-0.00984660971906994));
#5840=CARTESIAN_POINT('',(-0.0146012834260376,-0.00676858274650359,-0.00996558264548873));
#5841=CARTESIAN_POINT('',(-0.0145933051419997,-0.00678572778484956,-0.0104257192220501));
#5842=CARTESIAN_POINT('',(-0.0146260126240814,-0.00552489346238884,-0.00989300069399229));
#5843=CARTESIAN_POINT('',(-0.015040308639939,-0.00568739016492421,-0.0100119701938627));
#5844=CARTESIAN_POINT('',(-0.0150335432633686,-0.00570521339064756,-0.0104721020656627));
#5845=CARTESIAN_POINT('',(-0.0147556049612017,-0.00516866922535081,-0.00990855848284645));
#5846=CARTESIAN_POINT('',(-0.0151737141023045,-0.00532108537104401,-0.0100275271712188));
#5847=CARTESIAN_POINT('',(-0.0151673701748148,-0.00533910555309045,-0.010487657925892));
#5848=CARTESIAN_POINT('',(-0.014987087244423,-0.00445311280233221,-0.00993950248981678));
#5849=CARTESIAN_POINT('',(-0.0154120389293542,-0.00458525977263941,-0.0100584702394146));
#5850=CARTESIAN_POINT('',(-0.0154065553846745,-0.00460360916084993,-0.0105185996861527));
#5851=CARTESIAN_POINT('',(-0.0150894327152328,-0.00409271496481652,-0.00995493597237372));
#5852=CARTESIAN_POINT('',(-0.0155174270443671,-0.00421464347114675,-0.010073903579473));
#5853=CARTESIAN_POINT('',(-0.0155123837526113,-0.00423312558893817,-0.0105340328411032));
#5854=CARTESIAN_POINT('',(-0.0153570039807134,-0.00300380489987962,-0.0100011228814394));
#5855=CARTESIAN_POINT('',(-0.0157930079456143,-0.00309482952473926,-0.0101200910556119));
#5856=CARTESIAN_POINT('',(-0.0157893047191131,-0.00311361353526662,-0.0105802211190241));
#5857=CARTESIAN_POINT('',(-0.015482965680283,-0.00226761607561536,-0.0100317633228753));
#5858=CARTESIAN_POINT('',(-0.0159228238793189,-0.00233770933546055,-0.0101507331451516));
#5859=CARTESIAN_POINT('',(-0.0159200400103311,-0.00235656481854237,-0.0106108656088543));
#5860=CARTESIAN_POINT('',(-0.0156289655869747,-0.000774519329274361,-0.0100927397393964));
#5861=CARTESIAN_POINT('',(-0.0160735141363316,-0.000802080598343314,-0.0102117154885358));
#5862=CARTESIAN_POINT('',(-0.0160725645737929,-0.000820816481189827,-0.0106718562098385));
#5863=CARTESIAN_POINT('',(-0.0156483871889206,-1.40695567428114E-5,-0.0101228213828479));
#5864=CARTESIAN_POINT('',(-0.0160937485030228,-1.99248647682083E-5,-0.0102418016696419));
#5865=CARTESIAN_POINT('',(-0.016093694799897,-3.84608916892528E-5,-0.0107019484390671));
#5866=CARTESIAN_POINT('',(-0.0155947299285217,0.00111746742836982,-0.0101684222879596));
#5867=CARTESIAN_POINT('',(-0.0160389716607712,0.00114374834892309,-0.010287396760395));
#5868=CARTESIAN_POINT('',(-0.0160402855098509,0.00112498106676231,-0.0107475355449011));
#5869=CARTESIAN_POINT('',(-0.0155632019504052,0.0014938359998999,-0.0101837358768808));
#5870=CARTESIAN_POINT('',(-0.0160066835050822,0.00153081603907313,-0.0103027087278036));
#5871=CARTESIAN_POINT('',(-0.0160084586822683,0.00151200445346883,-0.0107628452653029));
#5872=CARTESIAN_POINT('',(-0.0154727171067858,0.00224494242928511,-0.0102145907785467));
#5873=CARTESIAN_POINT('',(-0.0159138981649147,0.00230329441627449,-0.0103335610364054));
#5874=CARTESIAN_POINT('',(-0.0159165996432856,0.00228446112782926,-0.0107936939610172));
#5875=CARTESIAN_POINT('',(-0.0154137018074675,0.00261931260027898,-0.0102301180829296));
#5876=CARTESIAN_POINT('',(-0.0158533407393265,0.00268832674918631,-0.0103490873622012));
#5877=CARTESIAN_POINT('',(-0.0158565067408023,0.00266951659936688,-0.0108092189367628));
#5878=CARTESIAN_POINT('',(-0.0151980395885727,0.00372648108684652,-0.0102764775623689));
#5879=CARTESIAN_POINT('',(-0.0156319455460166,0.00382705771202623,-0.0103954449470682));
#5880=CARTESIAN_POINT('',(-0.0156364830718609,0.00380841459468679,-0.0108555738429816));
#5881=CARTESIAN_POINT('',(-0.0150025055884303,0.00444795743171863,-0.0103072740438537));
#5882=CARTESIAN_POINT('',(-0.0154311085201847,0.00456913930343696,-0.0104262414365276));
#5883=CARTESIAN_POINT('',(-0.0154365360950893,0.00455073979521192,-0.010886370450372));
#5884=CARTESIAN_POINT('',(-0.0145099917130079,0.00585830197359702,-0.0103686516022435));
#5885=CARTESIAN_POINT('',(-0.0149250688966928,0.00601983850508752,-0.0104876216973052));
#5886=CARTESIAN_POINT('',(-0.0149321760663478,0.00600216604421355,-0.0109477544763541));
#5887=CARTESIAN_POINT('',(-0.0142129069581948,0.00654739834316222,-0.0103992428779963));
#5888=CARTESIAN_POINT('',(-0.0146197594404237,0.00672868883046986,-0.0105182155812856));
#5889=CARTESIAN_POINT('',(-0.0146276556977334,0.00671150210625327,-0.0109783520974021));
#5890=CARTESIAN_POINT('',(-0.0135134093079821,0.00789069697874517,-0.0104601604075763));
#5891=CARTESIAN_POINT('',(-0.0139007660573404,0.00811056731898561,-0.0105791409499631));
#5892=CARTESIAN_POINT('',(-0.0139100858095416,0.00809457129839903,-0.0110392883877906));
#5893=CARTESIAN_POINT('',(-0.0131139999718593,0.00853791791017646,-0.0104902630518958));
#5894=CARTESIAN_POINT('',(-0.0134902546857626,0.00877628506581227,-0.0106092385810665));
#5895=CARTESIAN_POINT('',(-0.0135004710041396,0.00876052818508568,-0.0110693787581842));
#5896=CARTESIAN_POINT('',(-0.011786512604235,0.0103761623660384,-0.0105824861520709));
#5897=CARTESIAN_POINT('',(-0.0121257191889072,0.0106672230753299,-0.0107014531005552));
#5898=CARTESIAN_POINT('',(-0.0121384209383767,0.0106527061249222,-0.0111615809680535));
#5899=CARTESIAN_POINT('',(-0.0107470395136493,0.0114487141355444,-0.0106440141486983));
#5900=CARTESIAN_POINT('',(-0.011057071563886,0.0117706761835289,-0.01076298014999));
#5901=CARTESIAN_POINT('',(-0.0110711445013167,0.0117574551381444,-0.0112231075498702));
#5902=CARTESIAN_POINT('',(-0.00925645986025865,0.0126000611935668,-0.0107209806454503));
#5903=CARTESIAN_POINT('',(-0.00952440546593255,0.0129553767377002,-0.0108399526194195));
#5904=CARTESIAN_POINT('',(-0.00953965132793432,0.0129441425159161,-0.0113000879851783));
#5905=CARTESIAN_POINT('',(-0.00894765722318329,0.0128211897365786,-0.0107364190438918));
#5906=CARTESIAN_POINT('',(-0.00920687393920919,0.0131829209508022,-0.0108553925128412));
#5907=CARTESIAN_POINT('',(-0.00922232636069022,0.013172104763932,-0.01131552997391));
#5908=CARTESIAN_POINT('',(-0.0083199754128805,0.0132371283883302,-0.0107668227884823));
#5909=CARTESIAN_POINT('',(-0.00856142801096378,0.0136109468985953,-0.0108857998495723));
#5910=CARTESIAN_POINT('',(-0.00857722851435407,0.0136009852006255,-0.0113459423154389));
#5911=CARTESIAN_POINT('',(-0.00800028034133781,0.0134327008315005,-0.0107817697988837));
#5912=CARTESIAN_POINT('',(-0.00823263838248923,0.0138122302682855,-0.010900751583064));
#5913=CARTESIAN_POINT('',(-0.00824846382830386,0.0138027699024539,-0.0113609005494802));
#5914=CARTESIAN_POINT('',(-0.0070223378801549,0.0139838695663657,-0.0108265631887231));
#5915=CARTESIAN_POINT('',(-0.00722714409401604,0.0143793835055473,-0.0109455384047843));
#5916=CARTESIAN_POINT('',(-0.00724392371726616,0.014370913130561,-0.0114056780897935));
#5917=CARTESIAN_POINT('',(-0.00634695516226256,0.0143031356738562,-0.0108568440228651));
#5918=CARTESIAN_POINT('',(-0.00653269888111039,0.0147079589798783,-0.0109758159570421));
#5919=CARTESIAN_POINT('',(-0.00655001539446825,0.0147002380900744,-0.0114359511640071));
#5920=CARTESIAN_POINT('',(-0.00494913569146796,0.0148448474314458,-0.0109182463677796));
#5921=CARTESIAN_POINT('',(-0.00509534480208843,0.0152655718355569,-0.0110372143721394));
#5922=CARTESIAN_POINT('',(-0.00511350769131738,0.0152594803536518,-0.0114973441036273));
#5923=CARTESIAN_POINT('',(-0.00422229082287771,0.0150679771945961,-0.0109495505987304));
#5924=CARTESIAN_POINT('',(-0.00434790436050324,0.0154953134807325,-0.0110685178824979));
#5925=CARTESIAN_POINT('',(-0.00436637511413462,0.015490108608554,-0.0115286467177136));
#5926=CARTESIAN_POINT('',(-0.00311825806605219,0.0153205939454521,-0.0109961799508127));
#5927=CARTESIAN_POINT('',(-0.00321252501027295,0.0157555205656649,-0.0111151482641253));
#5928=CARTESIAN_POINT('',(-0.00323125756616707,0.0157516782400042,-0.0115752785128566));
#5929=CARTESIAN_POINT('',(-0.00274752222429819,0.0153914105681464,-0.0110116888067434));
#5930=CARTESIAN_POINT('',(-0.00283125322144135,0.015828487650827,-0.0111306577882607));
#5931=CARTESIAN_POINT('',(-0.00285003986902297,0.015825105482016,-0.0115907889815412));
#5932=CARTESIAN_POINT('',(-0.00200058547331939,0.0155061955891121,-0.0110426378457809));
#5933=CARTESIAN_POINT('',(-0.002063069087556,0.0159468102728712,-0.0111616088334394));
#5934=CARTESIAN_POINT('',(-0.00208189723789677,0.0159443530650444,-0.0116217428218323));
#5935=CARTESIAN_POINT('',(-0.00162366569820596,0.0155501485958035,-0.0110581064732834));
#5936=CARTESIAN_POINT('',(-0.00167541761666754,0.015992150217554,-0.0111770787927889));
#5937=CARTESIAN_POINT('',(-0.00169423263391559,0.015990158686484,-0.0116372146493287));
#5938=CARTESIAN_POINT('',(0.000252536238048574,0.0157004926102348,-0.0111343754903086));
#5939=CARTESIAN_POINT('',(0.000254247529667879,0.0161474413955311,-0.0112533557976023));
#5940=CARTESIAN_POINT('',(0.000235668259514527,0.0161477450456606,-0.011713503279156));
#5941=CARTESIAN_POINT('',(0.00174396161490457,0.0156060151281166,-0.0111932326601848));
#5942=CARTESIAN_POINT('',(0.00178800823333235,0.0160508079217273,-0.0113122030005969));
#5943=CARTESIAN_POINT('',(0.00176901159641976,0.0160528918114698,-0.0117723359025925));
#5944=CARTESIAN_POINT('',(0.00396382942154014,0.0151380813126948,-0.0112865622669014));
#5945=CARTESIAN_POINT('',(0.00407118173848787,0.0155703670191276,-0.0114055295601431));
#5946=CARTESIAN_POINT('',(0.00405260771976311,0.0155751973921512,-0.0118656583394502));
#5947=CARTESIAN_POINT('',(0.00469117542570879,0.0149286856398735,-0.0113177402033842));
#5948=CARTESIAN_POINT('',(0.00481930912959243,0.0153552745223264,-0.0114367077961632));
#5949=CARTESIAN_POINT('',(0.00480100990267499,0.0153609980769163,-0.0118968371026349));
#5950=CARTESIAN_POINT('',(0.0057550142002959,0.0145369962528679,-0.0113642532699832));
#5951=CARTESIAN_POINT('',(0.00591360166612555,0.0149528041847019,-0.0114832233951018));
#5952=CARTESIAN_POINT('',(0.00589589618225181,0.0149597833025503,-0.0119433561783605));
#5953=CARTESIAN_POINT('',(0.00610608641292385,0.0143930211773112,-0.011379759801427));
#5954=CARTESIAN_POINT('',(0.00627473312362302,0.0148048497730837,-0.0114987310939269));
#5955=CARTESIAN_POINT('',(0.00625725713733219,0.0148122342526168,-0.0119588655164472));
#5956=CARTESIAN_POINT('',(0.00679180986447381,0.0140824265264527,-0.011410360963883));
#5957=CARTESIAN_POINT('',(0.00698012288891431,0.01448563878065,-0.0115293352159005));
#5958=CARTESIAN_POINT('',(0.00696315782148493,0.0144937912083134,-0.0119894737618806));
#5959=CARTESIAN_POINT('',(0.00712745813085798,0.0139154913100759,-0.0114254986378918));
#5960=CARTESIAN_POINT('',(0.00732540651254903,0.0143140580798156,-0.0115444746732714));
#5961=CARTESIAN_POINT('',(0.00730872352735866,0.0143225741608383,-0.012004615715057));
#5962=CARTESIAN_POINT('',(0.00811319817149223,0.0133804718362191,-0.0114704327947151));
#5963=CARTESIAN_POINT('',(0.00833946858266092,0.0137641083242972,-0.0115894150077103));
#5964=CARTESIAN_POINT('',(0.00832370421253531,0.0137736470824013,-0.0120495647796794));
#5965=CARTESIAN_POINT('',(0.00874290362302521,0.0129778860516738,-0.0115001998078573));
#5966=CARTESIAN_POINT('',(0.00898713900802555,0.0133503500510007,-0.0116191741598199));
#5967=CARTESIAN_POINT('',(0.0089714959987082,0.0133608464022098,-0.0120793127093875));
#5968=CARTESIAN_POINT('',(0.0099449704449135,0.0120814457874005,-0.0115613329749702));
#5969=CARTESIAN_POINT('',(0.0102236785557941,0.012428874618109,-0.0116803020916703));
#5970=CARTESIAN_POINT('',(0.0102089075349341,0.0124409872591144,-0.0121404333469776));
#5971=CARTESIAN_POINT('',(0.0105204009904248,0.0115841638816913,-0.0115925832464917));
#5972=CARTESIAN_POINT('',(0.0108156517909657,0.0119176623433566,-0.0117115509594882));
#5973=CARTESIAN_POINT('',(0.0108014411364847,0.0119305281338716,-0.0121716803647842));
#5974=CARTESIAN_POINT('',(0.0113211018612683,0.0107831707760555,-0.0116392442335144));
#5975=CARTESIAN_POINT('',(0.011639430841104,0.0110941603218466,-0.0117582119514157));
#5976=CARTESIAN_POINT('',(0.0116262000699432,0.0111080083150925,-0.0122183413635637));
#5977=CARTESIAN_POINT('',(0.0115781310181146,0.0105067267919125,-0.0116547855879718));
#5978=CARTESIAN_POINT('',(0.01190387837502,0.0108099373812748,-0.0117737536365626));
#5979=CARTESIAN_POINT('',(0.0118909977962759,0.01082408877302,-0.0122338835232211));
#5980=CARTESIAN_POINT('',(0.0120723853728762,0.00993488641236781,-0.0116858436223176));
#5981=CARTESIAN_POINT('',(0.0124124177532392,0.0102219836276264,-0.0118048130102414));
#5982=CARTESIAN_POINT('',(0.0124002789594066,0.0102366893127688,-0.0122649447629654));
#5983=CARTESIAN_POINT('',(0.012309879205995,0.00963899193649898,-0.0117013826391546));
#5984=CARTESIAN_POINT('',(0.0126567859146333,0.00991774082727483,-0.0118203530284452));
#5985=CARTESIAN_POINT('',(0.0126450395867089,0.00993269733426036,-0.0122804861893492));
#5986=CARTESIAN_POINT('',(0.012984343712368,0.00873356188170161,-0.0117474093483262));
#5987=CARTESIAN_POINT('',(0.0133508017495067,0.00898673323756522,-0.0118663836598402));
#5988=CARTESIAN_POINT('',(0.0133402720543928,0.00900234838520595,-0.0123265223658178));
#5989=CARTESIAN_POINT('',(0.0133863416978832,0.00810345801372736,-0.0117771695588329));
#5990=CARTESIAN_POINT('',(0.0137645175748874,0.0083387286801694,-0.0118961518357524));
#5991=CARTESIAN_POINT('',(0.0137549399844827,0.00835447798008851,-0.0123563013685326));
#5992=CARTESIAN_POINT('',(0.0140982611065467,0.00678962582478849,-0.0118370435780725));
#5993=CARTESIAN_POINT('',(0.0144971061851759,0.0069878661669493,-0.0119560175778236));
#5994=CARTESIAN_POINT('',(0.0144888888751317,0.00700483943146377,-0.012416155578662));
#5995=CARTESIAN_POINT('',(0.0144077372062342,0.00610664866996253,-0.0118675223037618));
#5996=CARTESIAN_POINT('',(0.0148156187101121,0.00628560358598745,-0.011986493290221));
#5997=CARTESIAN_POINT('',(0.0148081707308886,0.00630309123717092,-0.0124466271879596));
#5998=CARTESIAN_POINT('',(0.0149301673892741,0.00468658447773073,-0.0119296044110908));
#5999=CARTESIAN_POINT('',(0.0153534136036586,0.00482535693340437,-0.0120485720554807));
#6000=CARTESIAN_POINT('',(0.0153476386809883,0.00484364185887806,-0.0125087012965499));
#6001=CARTESIAN_POINT('',(0.0151378500208693,0.00396298439084615,-0.0119606148717597));
#6002=CARTESIAN_POINT('',(0.0155672687713064,0.00408124313115824,-0.0120795821419647));
#6003=CARTESIAN_POINT('',(0.0155623823527546,0.00409980051186807,-0.0125397109700003));
#6004=CARTESIAN_POINT('',(0.0154468257901403,0.00250107308371222,-0.0120220873067735));
#6005=CARTESIAN_POINT('',(0.0158855693145985,0.00257780624467707,-0.0121410565303715));
#6006=CARTESIAN_POINT('',(0.0158824911187934,0.00259664872323731,-0.0126011880801155));
#6007=CARTESIAN_POINT('',(0.0155487983753043,0.0017608948265618,-0.0120526308248494));
#6008=CARTESIAN_POINT('',(0.0159907138377537,0.00181656548219204,-0.0121716022838585));
#6009=CARTESIAN_POINT('',(0.0159885580959242,0.00183541951316856,-0.012631737050218));
#6010=CARTESIAN_POINT('',(0.0156460063615729,0.000261780735630256,-0.0121133266438379));
#6011=CARTESIAN_POINT('',(0.0160912197705606,0.000274713133530795,-0.0122323051634554));
#6012=CARTESIAN_POINT('',(0.0160908891517328,0.000293327603046347,-0.0126924497668668));
#6013=CARTESIAN_POINT('',(0.0156404162907986,-0.000499410263214843,-0.0121433398781283));
#6014=CARTESIAN_POINT('',(0.0160857340425671,-0.000508126635132638,-0.0122623171744144));
#6015=CARTESIAN_POINT('',(0.0160862944436287,-0.000489445855994029,-0.012722459799049));
#6016=CARTESIAN_POINT('',(0.0155194270437124,-0.00200481052165434,-0.0122045366390266));
#6017=CARTESIAN_POINT('',(0.0159618484162573,-0.00205631817800236,-0.0123235073675582));
#6018=CARTESIAN_POINT('',(0.0159642485984395,-0.00203744763375498,-0.0127836408416291));
#6019=CARTESIAN_POINT('',(0.0154033651025469,-0.00275711801013171,-0.012235712197892));
#6020=CARTESIAN_POINT('',(0.0158427611813027,-0.00283004909148354,-0.0123546808566654));
#6021=CARTESIAN_POINT('',(0.0158460999886487,-0.00281121994826322,-0.0128148115521468));
#6022=CARTESIAN_POINT('',(0.0150681621121865,-0.00422087854878208,-0.0122975372109281));
#6023=CARTESIAN_POINT('',(0.0154985507381904,-0.00433557241907753,-0.0124165045223569));
#6024=CARTESIAN_POINT('',(0.0155036969286903,-0.00431708512668979,-0.0128766333406865));
#6025=CARTESIAN_POINT('',(0.0148493656705518,-0.0049352099775285,-0.0123282975308569));
#6026=CARTESIAN_POINT('',(0.0152737834160089,-0.0050703224321969,-0.0124472654500981));
#6027=CARTESIAN_POINT('',(0.0152798014790139,-0.00505213596185457,-0.0129073952212857));
#6028=CARTESIAN_POINT('',(0.0143108453094616,-0.00632927754615991,-0.0123895181471553));
#6029=CARTESIAN_POINT('',(0.0147204121948268,-0.00650431274316425,-0.0125084899450084));
#6030=CARTESIAN_POINT('',(0.014728059572782,-0.00648696171067211,-0.0129686251201913));
#6031=CARTESIAN_POINT('',(0.0139899004527234,-0.00701117430346747,-0.0124200774482351));
#6032=CARTESIAN_POINT('',(0.0143905542928226,-0.00720577385032085,-0.0125390524464667));
#6033=CARTESIAN_POINT('',(0.0143989604599498,-0.00718896160305348,-0.0129991921800652));
#6034=CARTESIAN_POINT('',(0.0132475439053183,-0.00832926561749453,-0.0124804490516283));
#6035=CARTESIAN_POINT('',(0.0136274572834597,-0.00856175301017001,-0.0125994329644474));
#6036=CARTESIAN_POINT('',(0.013637204295427,-0.0085462208175404,-0.0130595851180054));
#6037=CARTESIAN_POINT('',(0.0128300423591293,-0.00895908682647638,-0.0125108044890794));
#6038=CARTESIAN_POINT('',(0.0131983860928986,-0.00920951374201247,-0.0126297776705837));
#6039=CARTESIAN_POINT('',(0.0132091772162192,-0.00919400006464939,-0.013089914599579));
#6040=CARTESIAN_POINT('',(0.0119038193910626,-0.0101574701525064,-0.0125726981088125));
#6041=CARTESIAN_POINT('',(0.0122462754010716,-0.0104422837392527,-0.0126916666173643));
#6042=CARTESIAN_POINT('',(0.0122586678301941,-0.0104277065046549,-0.0131517970355173));
#6043=CARTESIAN_POINT('',(0.0114018744959735,-0.0107171353081252,-0.0126036250171202));
#6044=CARTESIAN_POINT('',(0.0117302585423514,-0.0110180487629421,-0.0127225924748744));
#6045=CARTESIAN_POINT('',(0.0117433746354516,-0.0110040525110478,-0.0131827215370433));
#6046=CARTESIAN_POINT('',(0.0103277170970904,-0.0117557647546531,-0.012665175426289));
#6047=CARTESIAN_POINT('',(0.0106258964797105,-0.0120866325517544,-0.0127841434986993));
#6048=CARTESIAN_POINT('',(0.010640264722161,-0.0120739714318364,-0.0132442734172984));
#6049=CARTESIAN_POINT('',(0.00975483049225976,-0.0122355823378654,-0.0126958434229237));
#6050=CARTESIAN_POINT('',(0.010036859986946,-0.0125803276193184,-0.0128148130686102));
#6051=CARTESIAN_POINT('',(0.010051756381252,-0.0125684229885882,-0.0132749452839724));
#6052=CARTESIAN_POINT('',(0.00853619633761599,-0.0131148648028952,-0.0127569616558996));
#6053=CARTESIAN_POINT('',(0.00878378206565582,-0.0134851162061347,-0.0128759371003647));
#6054=CARTESIAN_POINT('',(0.00879950643477604,-0.0134748561874495,-0.0133360773948586));
#6055=CARTESIAN_POINT('',(0.00788880111865965,-0.013514400415723,-0.0127870770789133));
#6056=CARTESIAN_POINT('',(0.00811802887016965,-0.0138962842044026,-0.0129060577426746));
#6057=CARTESIAN_POINT('',(0.00813400167138232,-0.0138869173416938,-0.013366205034829));
#6058=CARTESIAN_POINT('',(0.00654916806719209,-0.0142119815344498,-0.0128478250686966));
#6059=CARTESIAN_POINT('',(0.00674062112170253,-0.0146141422770326,-0.0129667979145695));
#6060=CARTESIAN_POINT('',(0.00675778508639196,-0.0146061903715933,-0.0134269343145777));
#6061=CARTESIAN_POINT('',(0.00585018766747366,-0.0145134588452658,-0.0128788554203307));
#6062=CARTESIAN_POINT('',(0.0060218935383757,-0.0149244370582144,-0.0129978255312806));
#6063=CARTESIAN_POINT('',(0.00603955084614848,-0.0149172847017644,-0.0134579582228241));
#6064=CARTESIAN_POINT('',(0.00443235705776928,-0.0150073092987659,-0.0129405440314022));
#6065=CARTESIAN_POINT('',(0.00456392487895071,-0.01543284225006,-0.013059511455159));
#6066=CARTESIAN_POINT('',(0.00458231524730189,-0.015427376454571,-0.0135196404027483));
#6067=CARTESIAN_POINT('',(0.00371098609920808,-0.0152016016824716,-0.0129713230636731));
#6068=CARTESIAN_POINT('',(0.0038220944112365,-0.0156329263236979,-0.0130902904188472));
#6069=CARTESIAN_POINT('',(0.00384072609813327,-0.0156283506410032,-0.0135504193775603));
#6070=CARTESIAN_POINT('',(0.00261049574724218,-0.0154151410958566,-0.0130173949372323));
#6071=CARTESIAN_POINT('',(0.00269033070665477,-0.0158529432181898,-0.0131363642270079));
#6072=CARTESIAN_POINT('',(0.00270913149489064,-0.0158497304542742,-0.013596495842218));
#6073=CARTESIAN_POINT('',(0.00224058131837573,-0.0154732877098796,-0.0130327360601245));
#6074=CARTESIAN_POINT('',(0.00230989474674313,-0.0159128791146249,-0.013151706309555));
#6075=CARTESIAN_POINT('',(0.00232871915042693,-0.0159101254149228,-0.0136118392750232));
#6076=CARTESIAN_POINT('',(0.00149447897675184,-0.0155630790394753,-0.0130633854932095));
#6077=CARTESIAN_POINT('',(0.00154255106201345,-0.0160054948787407,-0.0131823583203943));
#6078=CARTESIAN_POINT('',(0.0015613565535237,-0.0160036617470161,-0.0136424948773267));
#6079=CARTESIAN_POINT('',(0.00111720900428575,-0.0155947616226586,-0.0130787372694455));
#6080=CARTESIAN_POINT('',(0.00115453068540897,-0.0160382140785209,-0.0131977117097367));
#6081=CARTESIAN_POINT('',(0.00117329311579252,-0.0160368437536679,-0.0136578505267979));
#6082=CARTESIAN_POINT('',(-1.59605134780355E-5,-0.0156484379144604,-0.0131244057257741));
#6083=CARTESIAN_POINT('',(-1.09570200606799E-5,-0.016093816720845,-0.0132433858927559));
#6084=CARTESIAN_POINT('',(7.57538958737311E-6,-0.0160938175978842,-0.0137035328047278));
#6085=CARTESIAN_POINT('',(-0.000770972061777658,-0.0156294970728748,-0.0131542629196709));
#6086=CARTESIAN_POINT('',(-0.000787399681113017,-0.0160746019474725,-0.0132732387801706));
#6087=CARTESIAN_POINT('',(-0.000768658394434371,-0.016075490800042,-0.0137333794156516));
#6088=CARTESIAN_POINT('',(-0.00227872919795229,-0.0154816934524187,-0.0132158395307644));
#6089=CARTESIAN_POINT('',(-0.00233803419457636,-0.0159231415735786,-0.0133348094143797));
#6090=CARTESIAN_POINT('',(-0.0023191672888979,-0.0159258815541142,-0.0137949417223815));
#6091=CARTESIAN_POINT('',(-0.00301903260797703,-0.0153539954365469,-0.0132466615344925));
#6092=CARTESIAN_POINT('',(-0.00309942886718777,-0.0157920826231293,-0.0133656296962973));
#6093=CARTESIAN_POINT('',(-0.00308063566586315,-0.0157957469739715,-0.0138257597121257));
#6094=CARTESIAN_POINT('',(-0.00446968402691859,-0.0149960542041037,-0.0133082074551838));
#6095=CARTESIAN_POINT('',(-0.0045914870628232,-0.0154244799361273,-0.0134271748896307));
#6096=CARTESIAN_POINT('',(-0.00457309418314392,-0.0154299302708605,-0.0138873038920527));
#6097=CARTESIAN_POINT('',(-0.00518070086672447,-0.0147657326927276,-0.0133389588228904));
#6098=CARTESIAN_POINT('',(-0.00532283628076444,-0.0151878564649375,-0.0134579271600355));
#6099=CARTESIAN_POINT('',(-0.00530477218460109,-0.0151941689439348,-0.013918057526571));
#6100=CARTESIAN_POINT('',(-0.00622537572003138,-0.0143418134865942,-0.0133850530949516));
#6101=CARTESIAN_POINT('',(-0.0063974418533611,-0.0147522241028798,-0.0135040248396226));
#6102=CARTESIAN_POINT('',(-0.00638004838770996,-0.0147597440959292,-0.0139641598850835));
#6103=CARTESIAN_POINT('',(-0.00657126985681185,-0.0141867066684918,-0.0134004723176332));
#6104=CARTESIAN_POINT('',(-0.00675325519091482,-0.0145928162107449,-0.0135194455170812));
#6105=CARTESIAN_POINT('',(-0.00673611670602786,-0.014600725519175,-0.0139795826021838));
#6106=CARTESIAN_POINT('',(-0.00724849678011144,-0.0138529278307035,-0.0134309826826087));
#6107=CARTESIAN_POINT('',(-0.00744992112055083,-0.0142497511763947,-0.0135499594146991));
#6108=CARTESIAN_POINT('',(-0.00743334418363439,-0.0142583957095861,-0.0140101014217258));
#6109=CARTESIAN_POINT('',(-0.00757902588323422,-0.0136748190889327,-0.0134459918664219));
#6110=CARTESIAN_POINT('',(-0.00778998985432126,-0.0140666442940019,-0.0135649740487271));
#6111=CARTESIAN_POINT('',(-0.00777386698444894,-0.0140755457343611,-0.0140251235691116));
#6112=CARTESIAN_POINT('',(-0.00854881097366583,-0.0131065301112069,-0.0134907979944639));
#6113=CARTESIAN_POINT('',(-0.00878749023663838,-0.0134825752463217,-0.0136097735066672));
#6114=CARTESIAN_POINT('',(-0.00877173774328711,-0.0134928026892481,-0.0140699136015343));
#6115=CARTESIAN_POINT('',(-0.0091645423073167,-0.0126835768630586,-0.0135210565317613));
#6116=CARTESIAN_POINT('',(-0.00942085716469428,-0.0130478347526951,-0.0136400286980013));
#6117=CARTESIAN_POINT('',(-0.00940547901593231,-0.0130589046591666,-0.0141001642256976));
#6118=CARTESIAN_POINT('',(-0.0100420997186879,-0.0119832351876315,-0.013567023674509));
#6119=CARTESIAN_POINT('',(-0.0103236080122737,-0.0123279052020736,-0.013685992766496));
#6120=CARTESIAN_POINT('',(-0.0103089611535761,-0.0123401395975955,-0.0141461240725608));
#6121=CARTESIAN_POINT('',(-0.0103269166246384,-0.0117387609158004,-0.0135824429838894));
#6122=CARTESIAN_POINT('',(-0.0106166118142898,-0.0120765826056339,-0.0137014113727142));
#6123=CARTESIAN_POINT('',(-0.0106022371182132,-0.0120891886504236,-0.0141615417121713));
#6124=CARTESIAN_POINT('',(-0.010880808703751,-0.0112272748185369,-0.0136134797190717));
#6125=CARTESIAN_POINT('',(-0.0111864453626368,-0.0115507461020301,-0.0137324473744325));
#6126=CARTESIAN_POINT('',(-0.0111726686642759,-0.0115640559084888,-0.0141925766918764));
#6127=CARTESIAN_POINT('',(-0.011150224529722,-0.0109597803927407,-0.0136291211287278));
#6128=CARTESIAN_POINT('',(-0.0114636254417163,-0.0112757361356815,-0.0137480887449579));
#6129=CARTESIAN_POINT('',(-0.0114501754682591,-0.011289378199199,-0.0142082180216565));
#6130=CARTESIAN_POINT('',(-0.0116666587035973,-0.0104083323339712,-0.0136602310892783));
#6131=CARTESIAN_POINT('',(-0.0119949626660451,-0.010708772247628,-0.0137791993111251));
#6132=CARTESIAN_POINT('',(-0.0119822076564538,-0.0107230256017643,-0.0142393294316572));
#6133=CARTESIAN_POINT('',(-0.0119144897619634,-0.0101236906742335,-0.0136757433596068));
#6134=CARTESIAN_POINT('',(-0.0122499556909167,-0.010416111247211,-0.0137947122126492));
#6135=CARTESIAN_POINT('',(-0.0122375698704946,-0.0104306444914522,-0.0142548432261433));
#6136=CARTESIAN_POINT('',(-0.0123894114376954,-0.00953659833908608,-0.01370668263037));
#6137=CARTESIAN_POINT('',(-0.0127386216395359,-0.00981245650433244,-0.0138256534142033));
#6138=CARTESIAN_POINT('',(-0.012727011419061,-0.009827494145579,-0.0142857871178379));
#6139=CARTESIAN_POINT('',(-0.0126171296844912,-0.00923321187070949,-0.0137221551778754));
#6140=CARTESIAN_POINT('',(-0.0129729402763599,-0.00950050072620114,-0.0138411272555802));
#6141=CARTESIAN_POINT('',(-0.01296173789834,-0.00951576317683409,-0.0143012627747141));
#6142=CARTESIAN_POINT('',(-0.0132635911451936,-0.00830354280235958,-0.0137680723988925));
#6143=CARTESIAN_POINT('',(-0.0136381681909617,-0.00854454095400901,-0.0138870492607717));
#6144=CARTESIAN_POINT('',(-0.0136282266490472,-0.00856038294316469,-0.0143471915432499));
#6145=CARTESIAN_POINT('',(-0.0136453240033283,-0.00765931026823597,-0.0137976054763388));
#6146=CARTESIAN_POINT('',(-0.0140310033859843,-0.00788207404787882,-0.0139165845416374));
#6147=CARTESIAN_POINT('',(-0.0140218682144056,-0.0078982741133203,-0.0143767296205116));
#6148=CARTESIAN_POINT('',(-0.0143135887999914,-0.00632304602007714,-0.0138579069406541));
#6149=CARTESIAN_POINT('',(-0.0147187169766352,-0.00650811311506158,-0.0139768788191316));
#6150=CARTESIAN_POINT('',(-0.0147110192948536,-0.00652544508043324,-0.0144370138850214));
#6151=CARTESIAN_POINT('',(-0.0145999160331248,-0.00563140543664615,-0.0138884837204404));
#6152=CARTESIAN_POINT('',(-0.0150134305079952,-0.00579692480324524,-0.0140074531712211));
#6153=CARTESIAN_POINT('',(-0.0150065330310972,-0.00581471861464738,-0.0144675849539741));
#6154=CARTESIAN_POINT('',(-0.0149556461939214,-0.00455767542025086,-0.0139350061320085));
#6155=CARTESIAN_POINT('',(-0.0153796655767518,-0.00469278590220671,-0.0140539739632646));
#6156=CARTESIAN_POINT('',(-0.0153740551225025,-0.004711092695489,-0.0145141035223353));
#6157=CARTESIAN_POINT('',(-0.015061919948458,-0.00419319144197679,-0.0139506440982851));
#6158=CARTESIAN_POINT('',(-0.0154890950025714,-0.00431796953756915,-0.014069611719805));
#6159=CARTESIAN_POINT('',(-0.0154839287657094,-0.00433641707691032,-0.0145297410003933));
#6160=CARTESIAN_POINT('',(-0.0152468983557927,-0.00346069121490517,-0.0139817667637292));
#6161=CARTESIAN_POINT('',(-0.0156796030733069,-0.00356468397425594,-0.0141007346521619));
#6162=CARTESIAN_POINT('',(-0.0156753370180326,-0.00358334654444403,-0.0145608643046628));
#6163=CARTESIAN_POINT('',(-0.0153259873859553,-0.00309164942365213,-0.0139972963729249));
#6164=CARTESIAN_POINT('',(-0.0157610773289075,-0.00318516049757294,-0.0141162647239865));
#6165=CARTESIAN_POINT('',(-0.0157572685163855,-0.00320389767035429,-0.0145763950346985));
#6166=CARTESIAN_POINT('',(-0.0154573985647424,-0.00234798891758912,-0.0140282922391854));
#6167=CARTESIAN_POINT('',(-0.0158964986637641,-0.00242035800427738,-0.0141472621884682));
#6168=CARTESIAN_POINT('',(-0.0158936113574051,-0.002439178017148,-0.0146073947259613));
#6169=CARTESIAN_POINT('',(-0.0155098162666494,-0.00197223075414455,-0.0140438048609497));
#6170=CARTESIAN_POINT('',(-0.0159505443997037,-0.00203390735076413,-0.0141627759396069));
#6171=CARTESIAN_POINT('',(-0.0159481227838121,-0.00205273519005478,-0.0146229100636343));
#6172=CARTESIAN_POINT('',(-0.0155869281887717,-0.00122140540926708,-0.0140745071070748));
#6173=CARTESIAN_POINT('',(-0.0160301204279949,-0.00126169679543664,-0.0141934810821706));
#6174=CARTESIAN_POINT('',(-0.0160286222062862,-0.00128047345001212,-0.0146536192417955));
#6175=CARTESIAN_POINT('',(-0.0156116981346884,-0.000846629703027825,-0.0140896859386903));
#6176=CARTESIAN_POINT('',(-0.0160557285167241,-0.000876237013219742,-0.0142086616672272));
#6177=CARTESIAN_POINT('',(-0.0160546876279827,-0.000894954669283426,-0.0146688022810117));
#6178=CARTESIAN_POINT('',(-0.0156456484927712,0.00027583391973086,-0.0141347180762117));
#6179=CARTESIAN_POINT('',(-0.0160910369127029,0.000278252785665459,-0.0142536998948614));
#6180=CARTESIAN_POINT('',(-0.0160913448466673,0.00025980914979799,-0.0147138491154628));
#6181=CARTESIAN_POINT('',(-0.0156146349051811,0.00102246975295836,-0.0141644295924037));
#6182=CARTESIAN_POINT('',(-0.0160594079763184,0.00104604225487925,-0.0142834042272982));
#6183=CARTESIAN_POINT('',(-0.0160606030989947,0.00102725641815357,-0.0147435431686466));
#6184=CARTESIAN_POINT('',(-0.0154877215336252,0.00213828704546172,-0.0142101864552012));
#6185=CARTESIAN_POINT('',(-0.0159292905215065,0.00219360272539335,-0.0143291570321835));
#6186=CARTESIAN_POINT('',(-0.0159318599961201,0.00217476728112457,-0.0147892904008192));
#6187=CARTESIAN_POINT('',(-0.0154319732536753,0.00250959282257719,-0.0142255569617206));
#6188=CARTESIAN_POINT('',(-0.0158720919581339,0.00257548140232059,-0.0143445265036071));
#6189=CARTESIAN_POINT('',(-0.0158751219125668,0.00255666213531469,-0.0148046584427504));
#6190=CARTESIAN_POINT('',(-0.0152929856684102,0.00325090934425307,-0.0142565397185279));
#6191=CARTESIAN_POINT('',(-0.0157294200501527,0.00333792680948346,-0.0143755078541423));
#6192=CARTESIAN_POINT('',(-0.0157333685113324,0.00331920657682277,-0.0148356378338521));
#6193=CARTESIAN_POINT('',(-0.0152095540898867,0.00362129101889819,-0.014272168780949));
#6194=CARTESIAN_POINT('',(-0.0156437491159843,0.00371887485257021,-0.0143911365365038));
#6195=CARTESIAN_POINT('',(-0.0156481560078405,0.00370023809836192,-0.0148512660003543));
#6196=CARTESIAN_POINT('',(-0.0150168655073596,0.00435178502801919,-0.0143032937531455));
#6197=CARTESIAN_POINT('',(-0.0154458400426122,0.00447022841734736,-0.0144222614365523));
#6198=CARTESIAN_POINT('',(-0.0154511430599,0.00445182283708485,-0.0148823907999031));
#6199=CARTESIAN_POINT('',(-0.0149074405571271,0.00471300450447624,-0.0143188355123028));
#6200=CARTESIAN_POINT('',(-0.0153334296573629,0.00484177233235822,-0.0144378034891485));
#6201=CARTESIAN_POINT('',(-0.0153391716772178,0.00482351477658367,-0.0148979332750544));
#6202=CARTESIAN_POINT('',(-0.0146624550934629,0.00542739672159297,-0.0143498776277799));
#6203=CARTESIAN_POINT('',(-0.0150817215170869,0.00557660271366129,-0.0144688468680918));
#6204=CARTESIAN_POINT('',(-0.0150883167274004,0.00555870316501356,-0.0149289784143673));
#6205=CARTESIAN_POINT('',(-0.0145264200920166,0.00578162169687351,-0.0143654249186465));
#6206=CARTESIAN_POINT('',(-0.0149419362249658,0.00594097133091964,-0.0144843951222606));
#6207=CARTESIAN_POINT('',(-0.014948946699659,0.00592328280926741,-0.0149445280238833));
#6208=CARTESIAN_POINT('',(-0.0137866537565978,0.00751718089035264,-0.0144423817599228));
#6209=CARTESIAN_POINT('',(-0.0141816941020597,0.00772627314575868,-0.0145613582306215));
#6210=CARTESIAN_POINT('',(-0.0141906828760489,0.00770978152714625,-0.0150215002568319));
#6211=CARTESIAN_POINT('',(-0.0130098799734908,0.00879324345174764,-0.0145007339632114));
#6212=CARTESIAN_POINT('',(-0.0133832816767186,0.00903888268265449,-0.0146197069935033));
#6213=CARTESIAN_POINT('',(-0.0133938717591368,0.00902313331035223,-0.0150798435228147));
#6214=CARTESIAN_POINT('',(-0.0118085300786666,0.0102470730986142,-0.0145780844623389));
#6215=CARTESIAN_POINT('',(-0.0121483067814569,0.0105344725064146,-0.014697053030373));
#6216=CARTESIAN_POINT('',(-0.0121608089392967,0.0105200187901071,-0.0151571836091801));
#6217=CARTESIAN_POINT('',(-0.011556246200849,0.010530786238805,-0.0145936991606859));
#6218=CARTESIAN_POINT('',(-0.0118889505561209,0.0108263457947774,-0.0147126671788482));
#6219=CARTESIAN_POINT('',(-0.0119018187804343,0.0108121803588874,-0.0151727970051108));
#6220=CARTESIAN_POINT('',(-0.01103405812163,0.0110767250104775,-0.0146248160384465));
#6221=CARTESIAN_POINT('',(-0.0113521013726823,0.0113880070194831,-0.014743783645505));
#6222=CARTESIAN_POINT('',(-0.0113656533576073,0.0113744651808389,-0.0152039128989894));
#6223=CARTESIAN_POINT('',(-0.0107634565140524,0.0113398506499811,-0.0146403647534298));
#6224=CARTESIAN_POINT('',(-0.0110738917094847,0.0116587205808837,-0.0147593324843376));
#6225=CARTESIAN_POINT('',(-0.0110877624051975,0.0116455149811757,-0.0152194619241334));
#6226=CARTESIAN_POINT('',(-0.0102032519339231,0.011846429007471,-0.0146714427540063));
#6227=CARTESIAN_POINT('',(-0.0104979146148772,0.0121799273390543,-0.0147904114118802));
#6228=CARTESIAN_POINT('',(-0.0105123718299089,0.0121674373982624,-0.0152505421432038));
#6229=CARTESIAN_POINT('',(-0.00991271891059937,0.0120905737173133,-0.0146870192941953));
#6230=CARTESIAN_POINT('',(-0.0101991910797035,0.0124311324100131,-0.0148059887479572));
#6231=CARTESIAN_POINT('',(-0.0102139165626726,0.0124190233250577,-0.0152661206015366));
#6232=CARTESIAN_POINT('',(-0.00931784714274757,0.0125547499135053,-0.0147178722189037));
#6233=CARTESIAN_POINT('',(-0.0095875271648521,0.0129087516776529,-0.0148368439177795));
#6234=CARTESIAN_POINT('',(-0.00960272915798781,0.0128974348075846,-0.0152969788995242));
#6235=CARTESIAN_POINT('',(-0.00901360301529618,0.0127748488469498,-0.0147331478112123));
#6236=CARTESIAN_POINT('',(-0.00927468438981905,0.013135235046031,-0.014852120946055));
#6237=CARTESIAN_POINT('',(-0.00929009459403708,0.0131243294789822,-0.0153122579403559));
#6238=CARTESIAN_POINT('',(-0.00808092798182925,0.0134000287272644,-0.0147785326968103));
#6239=CARTESIAN_POINT('',(-0.00831561901353029,0.0137785777339472,-0.0148975110100741));
#6240=CARTESIAN_POINT('',(-0.00833156079938862,0.0137689413900361,-0.0153576553237055));
#6241=CARTESIAN_POINT('',(-0.00743234026510147,0.0137703636430514,-0.0148079708400163));
#6242=CARTESIAN_POINT('',(-0.00764870841284324,0.0141596717409436,-0.0149269484219752));
#6243=CARTESIAN_POINT('',(-0.0076651245888228,0.0141507703964979,-0.0153870914444401));
#6244=CARTESIAN_POINT('',(-0.00641945522219392,0.0142559635055121,-0.0148534559870388));
#6245=CARTESIAN_POINT('',(-0.00660723723308315,0.0146594224702327,-0.0149724285487898));
#6246=CARTESIAN_POINT('',(-0.0066244669731863,0.0146516301316716,-0.0154325646765475));
#6247=CARTESIAN_POINT('',(-0.00607518711042935,0.0144061136383214,-0.0148687570681146));
#6248=CARTESIAN_POINT('',(-0.00625324341127578,0.0148139619889111,-0.0149877282681783));
#6249=CARTESIAN_POINT('',(-0.00627071869200282,0.0148065596818095,-0.0154478625108896));
#6250=CARTESIAN_POINT('',(-0.00537306653393421,0.0146824424686143,-0.0148996443531127));
#6251=CARTESIAN_POINT('',(-0.00553126753345365,0.0150983974893593,-0.015018613481052));
#6252=CARTESIAN_POINT('',(-0.00554917735515952,0.0150918107994437,-0.0154787448366192));
#6253=CARTESIAN_POINT('',(-0.00501492083933831,0.0148085692510071,-0.0149152416734173));
#6254=CARTESIAN_POINT('',(-0.00516298408191779,0.0152282400724844,-0.0150342100832184));
#6255=CARTESIAN_POINT('',(-0.00518108245600524,0.0152220795228981,-0.0154943404516968));
#6256=CARTESIAN_POINT('',(-0.0032192040106313,0.0153688963813563,-0.01499267745192));
#6257=CARTESIAN_POINT('',(-0.00331638563225485,0.0158051556770906,-0.0151116440390719));
#6258=CARTESIAN_POINT('',(-0.00333526362133582,0.0158011635094992,-0.0155717717533184));
#6259=CARTESIAN_POINT('',(-0.00174455754026091,0.0156060605010539,-0.0150538913560451));
#6260=CARTESIAN_POINT('',(-0.00179980763633745,0.016049620779318,-0.0151728614303938));
#6261=CARTESIAN_POINT('',(-0.00181878769784499,0.0160475128271899,-0.0156329948286323));
#6262=CARTESIAN_POINT('',(0.000525575984326586,0.0156396441003752,-0.0151445929636643));
#6263=CARTESIAN_POINT('',(0.000535130038982034,0.0160849463895669,-0.0152635764363224));
#6264=CARTESIAN_POINT('',(0.000516779592435579,0.0160855469835504,-0.0157237279742289));
#6265=CARTESIAN_POINT('',(0.00128065393695013,0.0155959511592851,-0.0151749031172771));
#6266=CARTESIAN_POINT('',(0.00131156378492312,0.0160402864606803,-0.0152938765717951));
#6267=CARTESIAN_POINT('',(0.00129274045684518,0.016041797520229,-0.0157540138784443));
#6268=CARTESIAN_POINT('',(0.00240553887912036,0.0154485609864607,-0.0152212392691804));
#6269=CARTESIAN_POINT('',(0.00246846389829081,0.0158891134538374,-0.0153402090823054));
#6270=CARTESIAN_POINT('',(0.00244963766220148,0.0158920138895648,-0.0158003413891422));
#6271=CARTESIAN_POINT('',(0.00277954125925108,0.0153856193871112,-0.0152367938241363));
#6272=CARTESIAN_POINT('',(0.00285312081546462,0.0158245178268497,-0.0153557627525664));
#6273=CARTESIAN_POINT('',(0.00283432737267687,0.0158278825420126,-0.0158158938402211));
#6274=CARTESIAN_POINT('',(0.003516479815428,0.0152340893479434,-0.0152677361685263));
#6275=CARTESIAN_POINT('',(0.00361107294748528,0.0156689443572013,-0.0153867040126566));
#6276=CARTESIAN_POINT('',(0.00359241020543889,0.0156732213132817,-0.0158468335896242));
#6277=CARTESIAN_POINT('',(0.00388057811466431,0.0151453773425748,-0.0152831715217047));
#6278=CARTESIAN_POINT('',(0.00398556305957605,0.015577839899396,-0.0154021391506281));
#6279=CARTESIAN_POINT('',(0.00396699843004489,0.015582566214706,-0.0158622684411907));
#6280=CARTESIAN_POINT('',(0.00496000303083311,0.0148411240213569,-0.0153293720672006));
#6281=CARTESIAN_POINT('',(0.00509582478776699,0.0152653145672307,-0.0154483400480959));
#6282=CARTESIAN_POINT('',(0.00507764797104259,0.0152713588655649,-0.0159084698363375));
#6283=CARTESIAN_POINT('',(0.0056625245275722,0.0145876594728691,-0.0153600322569651));
#6284=CARTESIAN_POINT('',(0.00581845309511298,0.0150048818761897,-0.0154790017427374));
#6285=CARTESIAN_POINT('',(0.00580066087877796,0.0150117642067986,-0.0159391337321067));
#6286=CARTESIAN_POINT('',(0.00703307599428968,0.013978553758192,-0.015421070046401));
#6287=CARTESIAN_POINT('',(0.00722830429818594,0.0143788900467143,-0.0155400451814711));
#6288=CARTESIAN_POINT('',(0.00721150820682702,0.0143873166578751,-0.0160001850417447));
#6289=CARTESIAN_POINT('',(0.00770404946597491,0.0136205698632934,-0.0154512142329394));
#6290=CARTESIAN_POINT('',(0.00791857511918657,0.0140109017871366,-0.0155701952979186));
#6291=CARTESIAN_POINT('',(0.00790245760424148,0.0140199753462286,-0.0160303431464269));
#6292=CARTESIAN_POINT('',(0.0086620463750858,0.0130158870962015,-0.0154967373528699));
#6293=CARTESIAN_POINT('',(0.00890397598207915,0.0133893987529481,-0.0156157124019358));
#6294=CARTESIAN_POINT('',(0.00888832132075486,0.0133997798143454,-0.0160758519885653));
#6295=CARTESIAN_POINT('',(0.00897391044181368,0.012802878451124,-0.015512027726714));
#6296=CARTESIAN_POINT('',(0.00922477161467101,0.0131704537239215,-0.0156310010857118));
#6297=CARTESIAN_POINT('',(0.00920930252286063,0.0131812594285284,-0.0160911383296988));
#6298=CARTESIAN_POINT('',(0.00958263182066159,0.0123538605155462,-0.015542841494763));
#6299=CARTESIAN_POINT('',(0.00985094683464161,0.0127088990390326,-0.0156618121202035));
#6300=CARTESIAN_POINT('',(0.00983590905099964,0.0127205246047559,-0.0161219455555678));
#6301=CARTESIAN_POINT('',(0.00987938920228443,0.0121177879694111,-0.0155583638211611));
#6302=CARTESIAN_POINT('',(0.0101562234600925,0.0124662243975368,-0.0156773333952764));
#6303=CARTESIAN_POINT('',(0.0101414318637908,0.0124782448598766,-0.0161374653791642));
#6304=CARTESIAN_POINT('',(0.0107365619367293,0.0113839245671623,-0.0156047138739538));
#6305=CARTESIAN_POINT('',(0.0110380342140068,0.0117118036527394,-0.0157236813380159));
#6306=CARTESIAN_POINT('',(0.0110240556986907,0.0117249418367836,-0.0161838103386038));
#6307=CARTESIAN_POINT('',(0.0112678576385814,0.0108579379854122,-0.0156355148950645));
#6308=CARTESIAN_POINT('',(0.0115846409849676,0.0111710413946273,-0.0157544822216699));
#6309=CARTESIAN_POINT('',(0.0115713082531882,0.0111848389323177,-0.0162146111376708));
#6310=CARTESIAN_POINT('',(0.0122518520979124,0.00973404381081439,-0.0156969229726641));
#6311=CARTESIAN_POINT('',(0.0125970678807811,0.0100154853699726,-0.0158158927153271));
#6312=CARTESIAN_POINT('',(0.0125851870682105,0.0100303969557709,-0.0162760249975997));
#6313=CARTESIAN_POINT('',(0.0127045591504977,0.00913614386966054,-0.0157275300479747));
#6314=CARTESIAN_POINT('',(0.0130628952348446,0.00940070127074942,-0.0158465022562649));
#6315=CARTESIAN_POINT('',(0.0130518220559737,0.00941606591925594,-0.0163066380776279));
#6316=CARTESIAN_POINT('',(0.0135281265379503,0.00786542528005866,-0.0157885428480641));
#6317=CARTESIAN_POINT('',(0.0139104072113029,0.00809400815019004,-0.0159075226263798));
#6318=CARTESIAN_POINT('',(0.0139010663175013,0.00811003770724916,-0.0163676689944144));
#6319=CARTESIAN_POINT('',(0.0138919546484498,0.00720330850233374,-0.0158183814988001));
#6320=CARTESIAN_POINT('',(0.0142848134574914,0.00741318052564696,-0.0159373594066871));
#6321=CARTESIAN_POINT('',(0.0142762119411665,0.0074296771970093,-0.0163975060799575));
#6322=CARTESIAN_POINT('',(0.0142073053386268,0.00651568832477105,-0.0158491076146099));
#6323=CARTESIAN_POINT('',(0.0146093484774804,0.00670618508617899,-0.0159680806923607));
#6324=CARTESIAN_POINT('',(0.0146014531555705,0.00672333181879941,-0.0164282175723084));
#6325=CARTESIAN_POINT('',(0.0146014531555701,0.00672333181880034,-0.0164282175723084));
#6326=CARTESIAN_POINT('',(0.0144412148688045,0.00707133068320161,-0.0164130867810659));
#6327=CARTESIAN_POINT('',(0.0141813142623385,0.00758606869399952,-0.0163904544526961));
#6328=CARTESIAN_POINT('',(0.0138496427443834,0.00816458044188279,-0.0163644846587824));
#6329=CARTESIAN_POINT('',(0.013672272438623,0.00845507312136456,-0.0163512855723015));
#6330=CARTESIAN_POINT('',(0.0135748487215734,0.00861035443701574,-0.0163441893551659));
#6331=CARTESIAN_POINT('',(0.0134834545707478,0.00875252928784249,-0.0163376605453941));
#6332=CARTESIAN_POINT('',(0.0134568960338547,0.00879307725036183,-0.0163357822710126));
#6333=CARTESIAN_POINT('',(0.0133901233572631,0.00889482513333643,-0.0163310452812003));
#6334=CARTESIAN_POINT('',(0.0132657478001399,0.00908052581450358,-0.0163222880199267));
#6335=CARTESIAN_POINT('',(0.0130274970978457,0.00942363402196227,-0.0163058005068888));
#6336=CARTESIAN_POINT('',(0.0126373914593852,0.00994263272896709,-0.0162800034050127));
#6337=CARTESIAN_POINT('',(0.0122368702983677,0.0104322015021413,-0.0162547700770825));
#6338=CARTESIAN_POINT('',(0.011808411007258,0.010910584092171,-0.0162291079110208));
#6339=CARTESIAN_POINT('',(0.0114094458529416,0.0113299676585835,-0.0162059911559069));
#6340=CARTESIAN_POINT('',(0.0107307096652793,0.0119886278228863,-0.0161682444669403));
#6341=CARTESIAN_POINT('',(0.0100495348368688,0.0125559069128876,-0.0161329350798464));
#6342=CARTESIAN_POINT('',(0.00949039851797104,0.0129774326938191,-0.0161050747391893));
#6343=CARTESIAN_POINT('',(0.00914014277355497,0.0132254639576816,-0.0160880351999674));
#6344=CARTESIAN_POINT('',(0.00890422060647804,0.0133840896041047,-0.0160767863945819));
#6345=CARTESIAN_POINT('',(0.008780549094148,0.0134652099619773,-0.0160709548105791));
#6346=CARTESIAN_POINT('',(0.00870644844421108,0.0135130639104944,-0.0160674897360576));
#6347=CARTESIAN_POINT('',(0.00869247008303304,0.0135222458356789,-0.0160668325922135));
#6348=CARTESIAN_POINT('',(0.00854287559770433,0.0136174385632558,-0.0160598931931503));
#6349=CARTESIAN_POINT('',(0.00838955801344137,0.01371254230905,-0.0160528339086551));
#6350=CARTESIAN_POINT('',(0.00809710507813025,0.0138892480017009,-0.0160394697083788));
#6351=CARTESIAN_POINT('',(0.00768316749457166,0.0141237334051513,-0.0160208802373426));
#6352=CARTESIAN_POINT('',(0.00726107031959204,0.0143440198054552,-0.0160022943315833));
#6353=CARTESIAN_POINT('',(0.00695431659416954,0.0144933155189615,-0.0159889866479377));
#6354=CARTESIAN_POINT('',(0.00679040647646808,0.0145707086422746,-0.015981917633332));
#6355=CARTESIAN_POINT('',(0.00663157202004009,0.014643510924609,-0.0159751079386961));
#6356=CARTESIAN_POINT('',(0.00660741014526306,0.0146542702264707,-0.015974071077622));
#6357=CARTESIAN_POINT('',(0.00651124510063956,0.0146974616347001,-0.0159699306225257));
#6358=CARTESIAN_POINT('',(0.00633075185986461,0.0147767355623712,-0.0159621392210069));
#6359=CARTESIAN_POINT('',(0.00595876305493404,0.0149335047675466,-0.0159461003542788));
#6360=CARTESIAN_POINT('',(0.00544477227558892,0.0151282425234793,-0.0159241641618591));
#6361=CARTESIAN_POINT('',(0.00495391566235051,0.0152947407268837,-0.0159034396272701));
#6362=CARTESIAN_POINT('',(0.00436760976588513,0.0154751828716332,-0.0158788794790302));
#6363=CARTESIAN_POINT('',(0.00377444850228441,0.0156309416248438,-0.0158543461259074));
#6364=CARTESIAN_POINT('',(0.00282675546138519,0.0158370386714961,-0.0158156324532794));
#6365=CARTESIAN_POINT('',(0.00179164248967076,0.0159881439963809,-0.015774062385286));
#6366=CARTESIAN_POINT('',(0.000761130261743838,0.0160656996455919,-0.0157332675088574));
#6367=CARTESIAN_POINT('',(0.000228170137805332,0.016075,-0.0157124624003722));
#6368=CARTESIAN_POINT('',(-3.37250505120694E-17,0.016075,-0.0157036300479387));
#6369=CARTESIAN_POINT('',(3.51644268488883E-19,0.016075,-0.0157036300479387));
#6370=CARTESIAN_POINT('',(0.0142073053386268,0.00651568832477105,-0.0158491076146099));
#6371=CARTESIAN_POINT('',(0.0135804205063464,0.00788260672105596,-0.0157880272473997));
#6372=CARTESIAN_POINT('',(0.0123422802656267,0.00978987105505476,-0.0156982917790389));
#6373=CARTESIAN_POINT('',(0.0102358286548799,0.0118827290157545,-0.0155755056678763));
#6374=CARTESIAN_POINT('',(0.00841819213427277,0.0132349123031276,-0.0154833616930045));
#6375=CARTESIAN_POINT('',(0.00642563315127758,0.0143061900293565,-0.0153936530332078));
#6376=CARTESIAN_POINT('',(0.00364352160120642,0.0153275689327772,-0.0152713797206595));
#6377=CARTESIAN_POINT('',(-0.000139336435120395,0.0158459175516949,-0.0151182075896987));
#6378=CARTESIAN_POINT('',(-0.00383175948612202,0.0152831259036032,-0.0149677503684132));
#6379=CARTESIAN_POINT('',(-0.00665079470749433,0.0142034193346085,-0.0148434573213602));
#6380=CARTESIAN_POINT('',(-0.00923856625201012,0.012761320209959,-0.0147263620130533));
#6381=CARTESIAN_POINT('',(-0.0121014461528399,0.0102305593747304,-0.0145682815801201));
#6382=CARTESIAN_POINT('',(-0.0144821250259765,0.0064311713238965,-0.0143918319910813));
#6383=CARTESIAN_POINT('',(-0.0157173565000901,0.00202228573759727,-0.0142028043694471));
#6384=CARTESIAN_POINT('',(-0.0156622400891836,-0.00171654480147287,-0.0140558543661288));
#6385=CARTESIAN_POINT('',(-0.0149756813245115,-0.00466222756138131,-0.0139310460517802));
#6386=CARTESIAN_POINT('',(-0.0141571012197552,-0.00674711286185475,-0.0138392298253906));
#6387=CARTESIAN_POINT('',(-0.0130580654674647,-0.0086878322693936,-0.0137509583430713));
#6388=CARTESIAN_POINT('',(-0.01120582373921,-0.0110777693470356,-0.0136270705249948));
#6389=CARTESIAN_POINT('',(-0.00831955054721216,-0.0134839870857526,-0.0134748684233881));
#6390=CARTESIAN_POINT('',(-0.00416967969298863,-0.0152872906982576,-0.0132933454476162));
#6391=CARTESIAN_POINT('',(-0.000422120360530731,-0.0157517181231947,-0.0131407228155492));
#6392=CARTESIAN_POINT('',(0.00257806972278396,-0.0154696402364809,-0.0130195062826198));
#6393=CARTESIAN_POINT('',(0.00545881939354669,-0.0147789339557217,-0.0128967675713694));
#6394=CARTESIAN_POINT('',(0.00890099065856753,-0.0131100865250477,-0.0127457185437823));
#6395=CARTESIAN_POINT('',(0.0122140041707141,-0.0100953365209905,-0.0125614343580327));
#6396=CARTESIAN_POINT('',(0.014198725553393,-0.00682754705341094,-0.0124105524778183));
#6397=CARTESIAN_POINT('',(0.0151580227890895,-0.00402313115556796,-0.012288755294178));
#6398=CARTESIAN_POINT('',(0.015580703599469,-0.00180647285001104,-0.0121957876629118));
#6399=CARTESIAN_POINT('',(0.015676864271169,0.000459025757317447,-0.0121055754566461));
#6400=CARTESIAN_POINT('',(0.0153786451295071,0.00342025443032544,-0.0119848419719693));
#6401=CARTESIAN_POINT('',(0.0142069472912948,0.00701629119365162,-0.0118297778649682));
#6402=CARTESIAN_POINT('',(0.0120840691482611,0.0101121556871609,-0.0116814989629412));
#6403=CARTESIAN_POINT('',(0.00987963248341945,0.0121812215714925,-0.0115563146082383));
#6404=CARTESIAN_POINT('',(0.00804956024628777,0.0134593485639612,-0.0114665003280329));
#6405=CARTESIAN_POINT('',(0.00605231468537827,0.0144697900447529,-0.0113770220021012));
#6406=CARTESIAN_POINT('',(0.0031834017326772,0.0154312329545726,-0.0112518712922656));
#6407=CARTESIAN_POINT('',(-0.000533548471976859,0.0158377901127654,-0.0111035885470606));
#6408=CARTESIAN_POINT('',(-0.00503672616383987,0.0150250910449166,-0.0109162419899583));
#6409=CARTESIAN_POINT('',(-0.00837877077193385,0.0133422921984041,-0.0107679413708518));
#6410=CARTESIAN_POINT('',(-0.0107172773664538,0.0114512609178985,-0.0106450368883358));
#6411=CARTESIAN_POINT('',(-0.0127337090921434,0.00927752969073025,-0.0105226302271662));
#6412=CARTESIAN_POINT('',(-0.0142908459805029,0.00663288762560811,-0.0104019556803727));
#6413=CARTESIAN_POINT('',(-0.0152110802624423,0.00381746733884615,-0.0102799691509554));
#6414=CARTESIAN_POINT('',(-0.015603745997534,0.00159484990529297,-0.010187173949582));
#6415=CARTESIAN_POINT('',(-0.0156696142759295,-0.000669013818517567,-0.0100971186362607));
#6416=CARTESIAN_POINT('',(-0.0154138261704869,-0.0028925559107271,-0.0100062528519142));
#6417=CARTESIAN_POINT('',(-0.0148486165755724,-0.00505094551364105,-0.00991410002350511));
#6418=CARTESIAN_POINT('',(-0.0136692123334584,-0.00783817147568618,-0.00979137660769569));
#6419=CARTESIAN_POINT('',(-0.0115014124878051,-0.0108990635007306,-0.00964143640387214));
#6420=CARTESIAN_POINT('',(-0.00853350956793029,-0.0132432757267803,-0.00948748837334779));
#6421=CARTESIAN_POINT('',(-0.0058563683950177,-0.0145492915043536,-0.00936837699984162));
#6422=CARTESIAN_POINT('',(-0.00369918833883871,-0.0152424371450897,-0.00927482661970285));
#6423=CARTESIAN_POINT('',(-0.00147368883710124,-0.015614147040287,-0.00918253392773654));
#6424=CARTESIAN_POINT('',(0.00148984679529552,-0.0156847082304587,-0.00906467319930473));
#6425=CARTESIAN_POINT('',(0.00524327026585426,-0.0149535080704276,-0.00890697990840793));
#6426=CARTESIAN_POINT('',(0.00921930474564044,-0.0128880528975815,-0.00873041539392071));
#6427=CARTESIAN_POINT('',(0.0119745308427365,-0.0102387591112915,-0.00857268932695314));
#6428=CARTESIAN_POINT('',(0.0136208547679774,-0.00777340101475969,-0.00845380284594658));
#6429=CARTESIAN_POINT('',(0.0145978885932738,-0.00573809889849607,-0.00836308239689143));
#6430=CARTESIAN_POINT('',(0.0152707539423397,-0.00357447887338907,-0.0082695893782817));
#6431=CARTESIAN_POINT('',(0.0157418537587229,-0.000636425503165511,-0.00814786845178077));
#6432=CARTESIAN_POINT('',(0.0155715064812705,0.00239152773062442,-0.00802817914068116));
#6433=CARTESIAN_POINT('',(0.0147782309889321,0.00525054448876048,-0.00790539169448737));
#6434=CARTESIAN_POINT('',(0.0138710740020533,0.00732281106492841,-0.00781373625385144));
#6435=CARTESIAN_POINT('',(0.0126700236260236,0.00924301085945214,-0.00772363145293615));
#6436=CARTESIAN_POINT('',(0.0107560040765054,0.0115117189058031,-0.00760111194055649));
#6437=CARTESIAN_POINT('',(0.00773604239303311,0.0138287993805859,-0.00744897781748199));
#6438=CARTESIAN_POINT('',(0.00354290046461572,0.0154467295631662,-0.0072661600741294));
#6439=CARTESIAN_POINT('',(-0.0010201816830284,0.0158127233116408,-0.00708413077116498));
#6440=CARTESIAN_POINT('',(-0.00540881091356157,0.0148945584309245,-0.0069001029284761));
#6441=CARTESIAN_POINT('',(-0.00877369275898526,0.0130854275617418,-0.00674915070451438));
#6442=CARTESIAN_POINT('',(-0.0110226388228389,0.0111566199981198,-0.00662750049976473));
#6443=CARTESIAN_POINT('',(-0.0130111027095518,0.00888660888757024,-0.00650330474393195));
#6444=CARTESIAN_POINT('',(-0.0148185954307612,0.00561408471267435,-0.00635632706780335));
#6445=CARTESIAN_POINT('',(-0.0156409656563097,0.00188949890522649,-0.00619843897291377));
#6446=CARTESIAN_POINT('',(-0.0156461435770078,-0.00107556596309697,-0.00608101777111107));
#6447=CARTESIAN_POINT('',(-0.0153306021074776,-0.00331682659307851,-0.00598839877793521));
#6448=CARTESIAN_POINT('',(-0.0146916289612682,-0.00548850752220274,-0.00589501439368706));
#6449=CARTESIAN_POINT('',(-0.0134604818413203,-0.00818869974572017,-0.00577610596156088));
#6450=CARTESIAN_POINT('',(-0.0111740445090081,-0.0112353052844192,-0.00562155855717989));
#6451=CARTESIAN_POINT('',(-0.00817284024778227,-0.0134708817613002,-0.00547096476773696));
#6452=CARTESIAN_POINT('',(-0.00542477186810809,-0.0147154228444232,-0.00534943577658289));
#6453=CARTESIAN_POINT('',(-0.00257911515398794,-0.015543064854482,-0.00522664952535017));
#6454=CARTESIAN_POINT('',(0.0012306287084078,-0.0157981546188484,-0.00507607342499039));
#6455=CARTESIAN_POINT('',(0.00560881979702747,-0.014820101014685,-0.0048913034722558));
#6456=CARTESIAN_POINT('',(0.00961137900401297,-0.0125992298786971,-0.00471079140841563));
#6457=CARTESIAN_POINT('',(0.0127600358076457,-0.00939546785306783,-0.00452547313320222));
#6458=CARTESIAN_POINT('',(0.0145529393541692,-0.00603452267164213,-0.00437553166748566));
#6459=CARTESIAN_POINT('',(0.0153579313105334,-0.00317891173581788,-0.00425291665628685));
#6460=CARTESIAN_POINT('',(0.0155575820526669,-0.00167871000348998,-0.00419115272301871));
#6461=CARTESIAN_POINT('',(0.015602151845051,-0.000935271761935205,-0.00416109279962826));
#6462=CARTESIAN_POINT('',(0.,-0.016075,-0.00570363004793868));
#6463=CARTESIAN_POINT('',(0.000423527591947819,-0.016075,-0.00568723550571963));
#6464=CARTESIAN_POINT('',(0.0011198657735307,-0.0160505993296113,-0.00566002081410497));
#6465=CARTESIAN_POINT('',(0.00204471987730564,-0.0159483849855621,-0.00562320350622728));
#6466=CARTESIAN_POINT('',(0.00259047510123718,-0.0158670439634213,-0.00560126228886263));
#6467=CARTESIAN_POINT('',(0.00304452879008508,-0.015785860987951,-0.00558285649209544));
#6468=CARTESIAN_POINT('',(0.00339317234090088,-0.0157141280996798,-0.00556863106292647));
#6469=CARTESIAN_POINT('',(0.00389179178751292,-0.015600544252071,-0.0055481956865399));
#6470=CARTESIAN_POINT('',(0.00437611348906266,-0.0154714146283947,-0.00552816061210172));
#6471=CARTESIAN_POINT('',(0.00485865231529377,-0.0153247366253805,-0.00550798989407223));
#6472=CARTESIAN_POINT('',(0.00521842291897252,-0.0152059233583083,-0.00549283264350856));
#6473=CARTESIAN_POINT('',(0.00551265037832428,-0.0151011957638582,-0.00548033558141425));
#6474=CARTESIAN_POINT('',(0.00572368876973062,-0.0150216670714235,-0.0054713086065418));
#6475=CARTESIAN_POINT('',(0.00583381805231785,-0.0149792028896,-0.00546658400061898));
#6476=CARTESIAN_POINT('',(0.00594457607462,-0.0149355152649829,-0.00546181703308305));
#6477=CARTESIAN_POINT('',(0.00594671083399326,-0.0149345885227759,-0.0054617257918365));
#6478=CARTESIAN_POINT('',(0.00599423327284629,-0.0149156398566275,-0.00545968744212385));
#6479=CARTESIAN_POINT('',(0.00607316712187955,-0.0148837754991131,-0.00545631332314028));
#6480=CARTESIAN_POINT('',(0.00623551550435671,-0.0148170077846233,-0.0054493824050128));
#6481=CARTESIAN_POINT('',(0.00648915922282348,-0.014708108072763,-0.0054385251634801));
#6482=CARTESIAN_POINT('',(0.00680545250145602,-0.0145650106242478,-0.0054248982060863));
#6483=CARTESIAN_POINT('',(0.00718053160831498,-0.0143845120073,-0.00540858277989507));
#6484=CARTESIAN_POINT('',(0.00761386519530308,-0.0141605970676985,-0.00538948347273315));
#6485=CARTESIAN_POINT('',(0.00801537833222355,-0.0139367511059558,-0.00537149781731377));
#6486=CARTESIAN_POINT('',(0.00832624909985277,-0.0137511749551023,-0.00535733737628281));
#6487=CARTESIAN_POINT('',(0.00849694847936404,-0.0136462259001264,-0.0053495011697891));
#6488=CARTESIAN_POINT('',(0.00866389881395714,-0.0135406270878955,-0.00534177747634122));
#6489=CARTESIAN_POINT('',(0.00869572304302268,-0.0135199798171557,-0.00534029298315471));
#6490=CARTESIAN_POINT('',(0.00878709354014984,-0.01346100936458,-0.00533603389972402));
#6491=CARTESIAN_POINT('',(0.00892855522446888,-0.0133679617593786,-0.00532938942269378));
#6492=CARTESIAN_POINT('',(0.00915256632389003,-0.0132164284954672,-0.00531874563654731));
#6493=CARTESIAN_POINT('',(0.00943193791632394,-0.013018688056117,-0.0053052246898782));
#6494=CARTESIAN_POINT('',(0.00982619107352593,-0.0127263396504455,-0.00528577405924122));
#6495=CARTESIAN_POINT('',(0.0102439298184568,-0.0123943642845002,-0.00526454980316542));
#6496=CARTESIAN_POINT('',(0.0106923852646795,-0.0120057048921181,-0.00524085846784387));
#6497=CARTESIAN_POINT('',(0.0110148103916805,-0.0117120031277462,-0.00522340984765793));
#6498=CARTESIAN_POINT('',(0.0114334786420713,-0.0113042066929342,-0.00520001192062673));
#6499=CARTESIAN_POINT('',(0.0118816513020107,-0.0108349264008953,-0.00517405875293715));
#6500=CARTESIAN_POINT('',(0.0123532325552153,-0.010295778019283,-0.00514544414739156));
#6501=CARTESIAN_POINT('',(0.0126987730117694,-0.0098590926386829,-0.00512325113973378));
#6502=CARTESIAN_POINT('',(0.0128791017746919,-0.00962019219910162,-0.00511135075067783));
#6503=CARTESIAN_POINT('',(0.0129757817448133,-0.00948872768358118,-0.00510487833663553));
#6504=CARTESIAN_POINT('',(0.0130150802364629,-0.00943512632247179,-0.00510224472584395));
#6505=CARTESIAN_POINT('',(0.0131454199935133,-0.00925308293853492,-0.00509339282191346));
#6506=CARTESIAN_POINT('',(0.0132843395779206,-0.0090529611001452,-0.00508377658737973));
#6507=CARTESIAN_POINT('',(0.0135360323879451,-0.0086775792935308,-0.00506597043452797));
#6508=CARTESIAN_POINT('',(0.0138020500746077,-0.0082474590527151,-0.00504613373690196));
#6509=CARTESIAN_POINT('',(0.0140545395591929,-0.00780543800439885,-0.005026242469172));
#6510=CARTESIAN_POINT('',(0.0142361522737335,-0.0074689280631174,-0.00501134212137129));
#6511=CARTESIAN_POINT('',(0.0143793905705049,-0.0071881220660153,-0.00499909177244276));
#6512=CARTESIAN_POINT('',(0.0144790186842775,-0.00698349646994064,-0.00499026594423982));
#6513=CARTESIAN_POINT('',(0.0145303608285517,-0.00687594648635383,-0.00498564815206136));
#6514=CARTESIAN_POINT('',(0.0145812259482821,-0.00676723628342872,-0.00498100276267502));
#6515=CARTESIAN_POINT('',(0.0145823804680449,-0.00676457559780688,-0.00498088810118839));
#6516=CARTESIAN_POINT('',(0.0146041939137501,-0.00671749223043789,-0.0049788657098926));
#6517=CARTESIAN_POINT('',(0.0146400088782416,-0.00663930457343972,-0.00497548934707081));
#6518=CARTESIAN_POINT('',(0.0147121781045692,-0.00647896360430439,-0.0049685464187196));
#6519=CARTESIAN_POINT('',(0.0148210901087327,-0.00622680122715591,-0.00495764124030746));
#6520=CARTESIAN_POINT('',(0.0149949712933806,-0.0058016213339433,-0.00493934829632614));
#6521=CARTESIAN_POINT('',(0.0152018156043803,-0.00524695669081328,-0.00491571797419084));
#6522=CARTESIAN_POINT('',(0.0153956874080369,-0.00463024497765816,-0.00488985790416481));
#6523=CARTESIAN_POINT('',(0.0155026957775419,-0.00425556966003192,-0.00487426012196061));
#6524=CARTESIAN_POINT('',(0.0155909216631077,-0.00391880370191374,-0.00486031691729504));
#6525=CARTESIAN_POINT('',(0.0156419205087402,-0.00370816181851399,-0.00485163836640452));
#6526=CARTESIAN_POINT('',(0.0157142593623603,-0.00339331863612448,-0.00483871268885027));
#6527=CARTESIAN_POINT('',(0.0158189295885375,-0.00288318419181356,-0.00481790328297392));
#6528=CARTESIAN_POINT('',(0.0159727059853261,-0.00193719172692638,-0.00477971881263595));
#6529=CARTESIAN_POINT('',(0.0160271687540812,-0.00129012729488825,-0.00475406354894075));
#6530=CARTESIAN_POINT('',(0.0160479799388879,-0.000931646328308887,-0.00473997229418302));
#6531=CARTESIAN_POINT('',(4.29049435179775E-17,-0.016075,-0.00570363004793868));
#6532=CARTESIAN_POINT('',(-2.23779626218155E-14,0.016075,-0.00770363004793782));
#6533=CARTESIAN_POINT('',(-0.00210421257945711,0.0160749999999971,-0.00762029671460452));
#6534=CARTESIAN_POINT('',(-0.00631165680058121,0.0152380048356733,-0.00745363004793793));
#6535=CARTESIAN_POINT('',(-0.0116626993805016,0.0116626639858163,-0.00720363004793803));
#6536=CARTESIAN_POINT('',(-0.0152379947229263,0.00631178826643261,-0.00695363004793814));
#6537=CARTESIAN_POINT('',(-0.0164935026385391,-1.15125414668715E-14,-0.00670363004793825));
#6538=CARTESIAN_POINT('',(-0.0152379947229175,-0.00631178826645387,-0.00645363004793836));
#6539=CARTESIAN_POINT('',(-0.0116626993804853,-0.0116626639858326,-0.00620363004793846));
#6540=CARTESIAN_POINT('',(-0.00631165680055996,-0.0152380048356821,-0.00595363004793857));
#6541=CARTESIAN_POINT('',(-0.00210421257943467,-0.016075,-0.00578696338127198));
#6542=CARTESIAN_POINT('',(6.74501010241388E-17,-0.016075,-0.00570363004793868));
#6543=CARTESIAN_POINT('',(-2.23834696366695E-14,0.016075,-0.00770363004793782));
#6544=CARTESIAN_POINT('',(0.,-0.016075,-0.00970363004793868));
#6545=CARTESIAN_POINT('',(0.0021042125794366,-0.016075,-0.00962029671460531));
#6546=CARTESIAN_POINT('',(0.00631165680056558,-0.0152380048356806,-0.00945363004793858));
#6547=CARTESIAN_POINT('',(0.011662699380494,-0.011662663985825,-0.00920363004793846));
#6548=CARTESIAN_POINT('',(0.0152379947229248,-0.00631178826643822,-0.00895363004793836));
#6549=CARTESIAN_POINT('',(0.0164935026385398,1.14801196288671E-14,-0.00870363004793825));
#6550=CARTESIAN_POINT('',(0.015237994722916,0.00631178826645944,-0.00845363004793814));
#6551=CARTESIAN_POINT('',(0.0116626993804777,0.0116626639858412,-0.00820363004793804));
#6552=CARTESIAN_POINT('',(0.00631165680054437,0.0152380048356894,-0.00795363004793793));
#6553=CARTESIAN_POINT('',(0.00210421257941422,0.0160750000000029,-0.00778696338127119));
#6554=CARTESIAN_POINT('',(-2.23779626218155E-14,0.016075,-0.00770363004793782));
#6555=CARTESIAN_POINT('',(-8.03784180701535E-18,-0.016075,-0.00970363004793868));
#6556=CARTESIAN_POINT('',(-3.37250505120694E-17,0.016075,-0.0117036300479387));
#6557=CARTESIAN_POINT('',(-0.0021042125794357,0.016075,-0.0116202967146054));
#6558=CARTESIAN_POINT('',(-0.00631165680056282,0.0152380048356814,-0.0114536300479387));
#6559=CARTESIAN_POINT('',(-0.0116626993804897,0.0116626639858287,-0.0112036300479387));
#6560=CARTESIAN_POINT('',(-0.0152379947229211,0.00631178826644599,-0.0109536300479387));
#6561=CARTESIAN_POINT('',(-0.0164935026385394,-5.50822624160647E-17,-0.0107036300479387));
#6562=CARTESIAN_POINT('',(-0.0152379947229211,-0.00631178826644609,-0.0104536300479387));
#6563=CARTESIAN_POINT('',(-0.0116626993804896,-0.0116626639858288,-0.0102036300479387));
#6564=CARTESIAN_POINT('',(-0.00631165680056274,-0.0152380048356814,-0.00995363004793868));
#6565=CARTESIAN_POINT('',(-0.0021042125794356,-0.016075,-0.00978696338127201));
#6566=CARTESIAN_POINT('',(6.74501010241388E-17,-0.016075,-0.00970363004793868));
#6567=CARTESIAN_POINT('',(1.73530873246733E-18,0.016075,-0.0117036300479387));
#6568=CARTESIAN_POINT('',(0.,-0.016075,-0.0137036300479387));
#6569=CARTESIAN_POINT('',(0.00210421257943567,-0.016075,-0.0136202967146054));
#6570=CARTESIAN_POINT('',(0.00631165680056279,-0.0152380048356814,-0.0134536300479387));
#6571=CARTESIAN_POINT('',(0.0116626993804897,-0.0116626639858288,-0.0132036300479387));
#6572=CARTESIAN_POINT('',(0.0152379947229211,-0.00631178826644602,-0.0129536300479387));
#6573=CARTESIAN_POINT('',(0.0164935026385394,1.70824737872606E-17,-0.0127036300479387));
#6574=CARTESIAN_POINT('',(0.0152379947229211,0.00631178826644605,-0.0124536300479387));
#6575=CARTESIAN_POINT('',(0.0116626993804896,0.0116626639858288,-0.0122036300479387));
#6576=CARTESIAN_POINT('',(0.00631165680056277,0.0152380048356814,-0.0119536300479387));
#6577=CARTESIAN_POINT('',(0.00210421257943563,0.016075,-0.011786963381272));
#6578=CARTESIAN_POINT('',(-3.37250505120694E-17,0.016075,-0.0117036300479387));
#6579=CARTESIAN_POINT('',(-1.09714017532912E-17,-0.016075,-0.0137036300479387));
#6580=CARTESIAN_POINT('',(-3.37250505120694E-17,0.016075,-0.0157036300479387));
#6581=CARTESIAN_POINT('',(-0.0021042125794357,0.016075,-0.0156202967146054));
#6582=CARTESIAN_POINT('',(-0.00631165680056282,0.0152380048356814,-0.0154536300479387));
#6583=CARTESIAN_POINT('',(-0.0116626993804897,0.0116626639858287,-0.0152036300479387));
#6584=CARTESIAN_POINT('',(-0.0152379947229211,0.00631178826644599,-0.0149536300479387));
#6585=CARTESIAN_POINT('',(-0.0164935026385394,-5.50822624160647E-17,-0.0147036300479387));
#6586=CARTESIAN_POINT('',(-0.0152379947229211,-0.00631178826644609,-0.0144536300479387));
#6587=CARTESIAN_POINT('',(-0.0116626993804896,-0.0116626639858288,-0.0142036300479387));
#6588=CARTESIAN_POINT('',(-0.00631165680056274,-0.0152380048356814,-0.0139536300479387));
#6589=CARTESIAN_POINT('',(-0.0021042125794356,-0.016075,-0.013786963381272));
#6590=CARTESIAN_POINT('',(6.74501010241388E-17,-0.016075,-0.0137036300479387));
#6591=CARTESIAN_POINT('',(0.015458769122002,8.49597218399351E-7,-0.00216508444894222));
#6592=CARTESIAN_POINT('',(0.0154587691475086,3.85494031556733E-7,-0.00216510312318167));
#6593=CARTESIAN_POINT('',(0.0154587691451487,-7.8609155980792E-8,-0.00216512179712071));
#6594=CARTESIAN_POINT('',(0.0154587480818888,-0.00414224331757772,-0.00233178846378738));
#6595=CARTESIAN_POINT('',(0.0133876474863598,-0.00772945265010037,-0.00249845513045404));
#6596=CARTESIAN_POINT('',(0.0113165468908308,-0.011316661982623,-0.00266512179712071));
#6597=CARTESIAN_POINT('',(0.00772931649504828,-0.0133877260955158,-0.00283178846378737));
#6598=CARTESIAN_POINT('',(0.00414208609926576,-0.0154587902084085,-0.00299845513045404));
#6599=CARTESIAN_POINT('',(-7.86091559935755E-8,-0.0154587691451487,-0.00316512179712071));
#6600=CARTESIAN_POINT('',(-0.00414224331757772,-0.0154587480818888,-0.00333178846378738));
#6601=CARTESIAN_POINT('',(-0.00772945265010037,-0.0133876474863598,-0.00349845513045404));
#6602=CARTESIAN_POINT('',(-0.011316661982623,-0.0113165468908308,-0.00366512179712071));
#6603=CARTESIAN_POINT('',(-0.0133877260955158,-0.00772931649504828,-0.00383178846378737));
#6604=CARTESIAN_POINT('',(-0.0154587902084085,-0.00414208609926576,-0.00399845513045404));
#6605=CARTESIAN_POINT('',(-0.0154587691451487,7.8609155992629E-8,-0.00416512179712071));
#6606=CARTESIAN_POINT('',(-0.0154587480818888,0.00414224331757772,-0.00433178846378738));
#6607=CARTESIAN_POINT('',(-0.0133876474863598,0.00772945265010037,-0.00449845513045404));
#6608=CARTESIAN_POINT('',(-0.0113165468908308,0.011316661982623,-0.00466512179712071));
#6609=CARTESIAN_POINT('',(-0.00772931649504828,0.0133877260955158,-0.00483178846378738));
#6610=CARTESIAN_POINT('',(-0.00414208609926577,0.0154587902084085,-0.00499845513045404));
#6611=CARTESIAN_POINT('',(7.86091559954687E-8,0.0154587691451487,-0.00516512179712071));
#6612=CARTESIAN_POINT('',(0.00414224331757772,0.0154587480818888,-0.00533178846378738));
#6613=CARTESIAN_POINT('',(0.00772945265010037,0.0133876474863598,-0.00549845513045404));
#6614=CARTESIAN_POINT('',(0.011316661982623,0.0113165468908308,-0.00566512179712071));
#6615=CARTESIAN_POINT('',(0.0133877260955158,0.00772931649504826,-0.00583178846378738));
#6616=CARTESIAN_POINT('',(0.0154587902084085,0.00414208609926575,-0.00599845513045404));
#6617=CARTESIAN_POINT('',(0.0154587691451487,-7.8609155980792E-8,-0.00616512179712071));
#6618=CARTESIAN_POINT('',(0.0154587480818888,-0.00414224331757772,-0.00633178846378738));
#6619=CARTESIAN_POINT('',(0.0133876474863598,-0.00772945265010037,-0.00649845513045404));
#6620=CARTESIAN_POINT('',(0.0113165468908308,-0.011316661982623,-0.00666512179712071));
#6621=CARTESIAN_POINT('',(0.00772931649504828,-0.0133877260955158,-0.00683178846378738));
#6622=CARTESIAN_POINT('',(0.00414208609926576,-0.0154587902084085,-0.00699845513045404));
#6623=CARTESIAN_POINT('',(-7.86091559935755E-8,-0.0154587691451487,-0.00716512179712071));
#6624=CARTESIAN_POINT('',(-0.00414224331757772,-0.0154587480818888,-0.00733178846378738));
#6625=CARTESIAN_POINT('',(-0.00772945265010037,-0.0133876474863598,-0.00749845513045404));
#6626=CARTESIAN_POINT('',(-0.011316661982623,-0.0113165468908308,-0.00766512179712071));
#6627=CARTESIAN_POINT('',(-0.0133877260955158,-0.00772931649504828,-0.00783178846378738));
#6628=CARTESIAN_POINT('',(-0.0154587902084085,-0.00414208609926576,-0.00799845513045405));
#6629=CARTESIAN_POINT('',(-0.0154587691451487,7.8609155992629E-8,-0.00816512179712071));
#6630=CARTESIAN_POINT('',(-0.0154587480818888,0.00414224331757772,-0.00833178846378738));
#6631=CARTESIAN_POINT('',(-0.0133876474863598,0.00772945265010037,-0.00849845513045404));
#6632=CARTESIAN_POINT('',(-0.0113165468908308,0.011316661982623,-0.00866512179712071));
#6633=CARTESIAN_POINT('',(-0.00772931649504828,0.0133877260955158,-0.00883178846378737));
#6634=CARTESIAN_POINT('',(-0.00414208609926577,0.0154587902084085,-0.00899845513045405));
#6635=CARTESIAN_POINT('',(7.86091559954687E-8,0.0154587691451487,-0.00916512179712071));
#6636=CARTESIAN_POINT('',(0.00414224331757772,0.0154587480818888,-0.00933178846378737));
#6637=CARTESIAN_POINT('',(0.00772945265010037,0.0133876474863598,-0.00949845513045404));
#6638=CARTESIAN_POINT('',(0.011316661982623,0.0113165468908308,-0.0096651217971207));
#6639=CARTESIAN_POINT('',(0.0133877260955158,0.00772931649504826,-0.00983178846378737));
#6640=CARTESIAN_POINT('',(0.0154587902084085,0.00414208609926575,-0.00999845513045405));
#6641=CARTESIAN_POINT('',(0.0154587691451487,-7.8609155980792E-8,-0.0101651217971207));
#6642=CARTESIAN_POINT('',(0.0154587480818888,-0.00414224331757772,-0.0103317884637874));
#6643=CARTESIAN_POINT('',(0.0133876474863598,-0.00772945265010037,-0.010498455130454));
#6644=CARTESIAN_POINT('',(0.0113165468908308,-0.011316661982623,-0.0106651217971207));
#6645=CARTESIAN_POINT('',(0.00772931649504828,-0.0133877260955158,-0.0108317884637874));
#6646=CARTESIAN_POINT('',(0.00414208609926576,-0.0154587902084085,-0.010998455130454));
#6647=CARTESIAN_POINT('',(-7.86091559935755E-8,-0.0154587691451487,-0.0111651217971207));
#6648=CARTESIAN_POINT('',(-0.00414224331757772,-0.0154587480818888,-0.0113317884637874));
#6649=CARTESIAN_POINT('',(-0.00772945265010037,-0.0133876474863598,-0.011498455130454));
#6650=CARTESIAN_POINT('',(-0.011316661982623,-0.0113165468908308,-0.0116651217971207));
#6651=CARTESIAN_POINT('',(-0.0133877260955158,-0.00772931649504828,-0.0118317884637874));
#6652=CARTESIAN_POINT('',(-0.0154587902084085,-0.00414208609926576,-0.011998455130454));
#6653=CARTESIAN_POINT('',(-0.0154587691451487,7.8609155992629E-8,-0.0121651217971207));
#6654=CARTESIAN_POINT('',(-0.0154587480818888,0.00414224331757772,-0.0123317884637874));
#6655=CARTESIAN_POINT('',(-0.0133876474863598,0.00772945265010037,-0.012498455130454));
#6656=CARTESIAN_POINT('',(-0.0113165468908308,0.011316661982623,-0.0126651217971207));
#6657=CARTESIAN_POINT('',(-0.00772931649504828,0.0133877260955158,-0.0128317884637874));
#6658=CARTESIAN_POINT('',(-0.00414208609926577,0.0154587902084085,-0.012998455130454));
#6659=CARTESIAN_POINT('',(7.86091559954687E-8,0.0154587691451487,-0.0131651217971207));
#6660=CARTESIAN_POINT('',(0.00414224331757772,0.0154587480818888,-0.0133317884637874));
#6661=CARTESIAN_POINT('',(0.00772945265010037,0.0133876474863598,-0.013498455130454));
#6662=CARTESIAN_POINT('',(0.011316661982623,0.0113165468908308,-0.0136651217971207));
#6663=CARTESIAN_POINT('',(0.0133877260955158,0.00772931649504826,-0.0138317884637874));
#6664=CARTESIAN_POINT('',(0.0154587902084085,0.00414208609926575,-0.013998455130454));
#6665=CARTESIAN_POINT('',(0.0154587691451487,-7.8609155980792E-8,-0.0141651217971207));
#6666=CARTESIAN_POINT('',(0.0154587480818888,-0.00414224331757772,-0.0143317884637874));
#6667=CARTESIAN_POINT('',(0.0133876474863598,-0.00772945265010037,-0.014498455130454));
#6668=CARTESIAN_POINT('',(0.0113165468908308,-0.011316661982623,-0.0146651217971207));
#6669=CARTESIAN_POINT('',(0.00772931649504828,-0.0133877260955158,-0.0148317884637874));
#6670=CARTESIAN_POINT('',(0.00414208609926576,-0.0154587902084085,-0.014998455130454));
#6671=CARTESIAN_POINT('',(-7.86091559935755E-8,-0.0154587691451487,-0.0151651217971207));
#6672=CARTESIAN_POINT('',(-0.00414224331757772,-0.0154587480818888,-0.0153317884637874));
#6673=CARTESIAN_POINT('',(-0.00772945265010037,-0.0133876474863598,-0.015498455130454));
#6674=CARTESIAN_POINT('',(-0.011316661982623,-0.0113165468908308,-0.0156651217971207));
#6675=CARTESIAN_POINT('',(-0.0133877260955158,-0.00772931649504828,-0.0158317884637873));
#6676=CARTESIAN_POINT('',(-0.0154587902084085,-0.00414208609926576,-0.015998455130454));
#6677=CARTESIAN_POINT('',(-0.0154587691451487,7.8609155992629E-8,-0.0161651217971207));
#6678=CARTESIAN_POINT('',(-0.0154587480818888,0.00414224331757772,-0.0163317884637874));
#6679=CARTESIAN_POINT('',(-0.0133876474863598,0.00772945265010037,-0.016498455130454));
#6680=CARTESIAN_POINT('',(-0.0113165468908308,0.011316661982623,-0.0166651217971207));
#6681=CARTESIAN_POINT('',(-0.00772931649504828,0.0133877260955158,-0.0168317884637873));
#6682=CARTESIAN_POINT('',(-0.00440484382471649,0.0153070887464098,-0.0169862471177506));
#6683=CARTESIAN_POINT('',(-0.00056868306846772,0.0154483055076218,-0.017142123913855));
#6684=CARTESIAN_POINT('',(0.0156311839182378,8.5907294897898E-7,-0.00211888604345791));
#6685=CARTESIAN_POINT('',(0.0156311839440289,3.89793524897788E-7,-0.00211890471769735));
#6686=CARTESIAN_POINT('',(0.0156311839416425,-7.94858998860621E-8,-0.00211892339163639));
#6687=CARTESIAN_POINT('',(0.0156311626434599,-0.00418844259980535,-0.00228559005830306));
#6688=CARTESIAN_POINT('',(0.0135369626417399,-0.00781566080762982,-0.00245225672496973));
#6689=CARTESIAN_POINT('',(0.0114427626400199,-0.0114428790154543,-0.0026189233916364));
#6690=CARTESIAN_POINT('',(0.00781552313401273,-0.0135370421276398,-0.00278559005830306));
#6691=CARTESIAN_POINT('',(0.00418828362800558,-0.0156312052398252,-0.00295225672496973));
#6692=CARTESIAN_POINT('',(-7.94858998989882E-8,-0.0156311839416425,-0.00311892339163639));
#6693=CARTESIAN_POINT('',(-0.00418844259980534,-0.0156311626434599,-0.00328559005830306));
#6694=CARTESIAN_POINT('',(-0.00781566080762982,-0.0135369626417399,-0.00345225672496973));
#6695=CARTESIAN_POINT('',(-0.0114428790154543,-0.0114427626400199,-0.00361892339163639));
#6696=CARTESIAN_POINT('',(-0.0135370421276398,-0.00781552313401273,-0.00378559005830306));
#6697=CARTESIAN_POINT('',(-0.0156312052398252,-0.00418828362800558,-0.00395225672496973));
#6698=CARTESIAN_POINT('',(-0.0156311839416425,7.94858998980311E-8,-0.00411892339163639));
#6699=CARTESIAN_POINT('',(-0.0156311626434599,0.00418844259980534,-0.00428559005830306));
#6700=CARTESIAN_POINT('',(-0.0135369626417399,0.00781566080762982,-0.00445225672496973));
#6701=CARTESIAN_POINT('',(-0.0114427626400199,0.0114428790154543,-0.00461892339163639));
#6702=CARTESIAN_POINT('',(-0.00781552313401274,0.0135370421276398,-0.00478559005830306));
#6703=CARTESIAN_POINT('',(-0.00418828362800558,0.0156312052398252,-0.00495225672496972));
#6704=CARTESIAN_POINT('',(7.94858999009024E-8,0.0156311839416425,-0.0051189233916364));
#6705=CARTESIAN_POINT('',(0.00418844259980535,0.0156311626434599,-0.00528559005830307));
#6706=CARTESIAN_POINT('',(0.00781566080762982,0.0135369626417399,-0.00545225672496973));
#6707=CARTESIAN_POINT('',(0.0114428790154543,0.0114427626400199,-0.00561892339163639));
#6708=CARTESIAN_POINT('',(0.0135370421276398,0.00781552313401272,-0.00578559005830306));
#6709=CARTESIAN_POINT('',(0.0156312052398252,0.00418828362800556,-0.00595225672496973));
#6710=CARTESIAN_POINT('',(0.0156311839416425,-7.94858998860621E-8,-0.0061189233916364));
#6711=CARTESIAN_POINT('',(0.0156311626434599,-0.00418844259980535,-0.00628559005830306));
#6712=CARTESIAN_POINT('',(0.0135369626417399,-0.00781566080762982,-0.00645225672496973));
#6713=CARTESIAN_POINT('',(0.0114427626400199,-0.0114428790154543,-0.00661892339163639));
#6714=CARTESIAN_POINT('',(0.00781552313401273,-0.0135370421276398,-0.00678559005830306));
#6715=CARTESIAN_POINT('',(0.00418828362800558,-0.0156312052398252,-0.00695225672496973));
#6716=CARTESIAN_POINT('',(-7.94858998989882E-8,-0.0156311839416425,-0.0071189233916364));
#6717=CARTESIAN_POINT('',(-0.00418844259980534,-0.0156311626434599,-0.00728559005830306));
#6718=CARTESIAN_POINT('',(-0.00781566080762982,-0.0135369626417399,-0.00745225672496973));
#6719=CARTESIAN_POINT('',(-0.0114428790154543,-0.0114427626400199,-0.0076189233916364));
#6720=CARTESIAN_POINT('',(-0.0135370421276398,-0.00781552313401273,-0.00778559005830306));
#6721=CARTESIAN_POINT('',(-0.0156312052398252,-0.00418828362800558,-0.00795225672496973));
#6722=CARTESIAN_POINT('',(-0.0156311839416425,7.94858998980311E-8,-0.0081189233916364));
#6723=CARTESIAN_POINT('',(-0.0156311626434599,0.00418844259980534,-0.00828559005830306));
#6724=CARTESIAN_POINT('',(-0.0135369626417399,0.00781566080762982,-0.00845225672496973));
#6725=CARTESIAN_POINT('',(-0.0114427626400199,0.0114428790154543,-0.0086189233916364));
#6726=CARTESIAN_POINT('',(-0.00781552313401274,0.0135370421276398,-0.00878559005830306));
#6727=CARTESIAN_POINT('',(-0.00418828362800558,0.0156312052398252,-0.00895225672496973));
#6728=CARTESIAN_POINT('',(7.94858999009024E-8,0.0156311839416425,-0.0091189233916364));
#6729=CARTESIAN_POINT('',(0.00418844259980535,0.0156311626434599,-0.00928559005830307));
#6730=CARTESIAN_POINT('',(0.00781566080762982,0.0135369626417399,-0.00945225672496973));
#6731=CARTESIAN_POINT('',(0.0114428790154543,0.0114427626400199,-0.0096189233916364));
#6732=CARTESIAN_POINT('',(0.0135370421276398,0.00781552313401272,-0.00978559005830306));
#6733=CARTESIAN_POINT('',(0.0156312052398252,0.00418828362800556,-0.00995225672496973));
#6734=CARTESIAN_POINT('',(0.0156311839416425,-7.94858998860621E-8,-0.0101189233916364));
#6735=CARTESIAN_POINT('',(0.0156311626434599,-0.00418844259980535,-0.0102855900583031));
#6736=CARTESIAN_POINT('',(0.0135369626417399,-0.00781566080762982,-0.0104522567249697));
#6737=CARTESIAN_POINT('',(0.0114427626400199,-0.0114428790154543,-0.0106189233916364));
#6738=CARTESIAN_POINT('',(0.00781552313401273,-0.0135370421276398,-0.010785590058303));
#6739=CARTESIAN_POINT('',(0.00418828362800558,-0.0156312052398252,-0.0109522567249697));
#6740=CARTESIAN_POINT('',(-7.94858998989882E-8,-0.0156311839416425,-0.0111189233916364));
#6741=CARTESIAN_POINT('',(-0.00418844259980534,-0.0156311626434599,-0.011285590058303));
#6742=CARTESIAN_POINT('',(-0.00781566080762982,-0.0135369626417399,-0.0114522567249697));
#6743=CARTESIAN_POINT('',(-0.0114428790154543,-0.0114427626400199,-0.0116189233916364));
#6744=CARTESIAN_POINT('',(-0.0135370421276398,-0.00781552313401273,-0.0117855900583031));
#6745=CARTESIAN_POINT('',(-0.0156312052398252,-0.00418828362800558,-0.0119522567249697));
#6746=CARTESIAN_POINT('',(-0.0156311839416425,7.94858998980311E-8,-0.0121189233916364));
#6747=CARTESIAN_POINT('',(-0.0156311626434599,0.00418844259980534,-0.0122855900583031));
#6748=CARTESIAN_POINT('',(-0.0135369626417399,0.00781566080762982,-0.0124522567249697));
#6749=CARTESIAN_POINT('',(-0.0114427626400199,0.0114428790154543,-0.0126189233916364));
#6750=CARTESIAN_POINT('',(-0.00781552313401274,0.0135370421276398,-0.012785590058303));
#6751=CARTESIAN_POINT('',(-0.00418828362800558,0.0156312052398252,-0.0129522567249697));
#6752=CARTESIAN_POINT('',(7.94858999009024E-8,0.0156311839416425,-0.0131189233916364));
#6753=CARTESIAN_POINT('',(0.00418844259980535,0.0156311626434599,-0.0132855900583031));
#6754=CARTESIAN_POINT('',(0.00781566080762982,0.0135369626417399,-0.0134522567249697));
#6755=CARTESIAN_POINT('',(0.0114428790154543,0.0114427626400199,-0.0136189233916364));
#6756=CARTESIAN_POINT('',(0.0135370421276398,0.00781552313401272,-0.0137855900583031));
#6757=CARTESIAN_POINT('',(0.0156312052398252,0.00418828362800556,-0.0139522567249697));
#6758=CARTESIAN_POINT('',(0.0156311839416425,-7.94858998860621E-8,-0.0141189233916364));
#6759=CARTESIAN_POINT('',(0.0156311626434599,-0.00418844259980535,-0.0142855900583031));
#6760=CARTESIAN_POINT('',(0.0135369626417399,-0.00781566080762982,-0.0144522567249697));
#6761=CARTESIAN_POINT('',(0.0114427626400199,-0.0114428790154543,-0.0146189233916364));
#6762=CARTESIAN_POINT('',(0.00781552313401273,-0.0135370421276398,-0.0147855900583031));
#6763=CARTESIAN_POINT('',(0.00418828362800558,-0.0156312052398252,-0.0149522567249697));
#6764=CARTESIAN_POINT('',(-7.94858998989882E-8,-0.0156311839416425,-0.0151189233916364));
#6765=CARTESIAN_POINT('',(-0.00418844259980534,-0.0156311626434599,-0.0152855900583031));
#6766=CARTESIAN_POINT('',(-0.00781566080762982,-0.0135369626417399,-0.0154522567249697));
#6767=CARTESIAN_POINT('',(-0.0114428790154543,-0.0114427626400199,-0.0156189233916364));
#6768=CARTESIAN_POINT('',(-0.0135370421276398,-0.00781552313401273,-0.0157855900583031));
#6769=CARTESIAN_POINT('',(-0.0156312052398252,-0.00418828362800558,-0.0159522567249697));
#6770=CARTESIAN_POINT('',(-0.0156311839416425,7.94858998980311E-8,-0.0161189233916364));
#6771=CARTESIAN_POINT('',(-0.0156311626434599,0.00418844259980534,-0.0162855900583031));
#6772=CARTESIAN_POINT('',(-0.0135369626417399,0.00781566080762982,-0.0164522567249697));
#6773=CARTESIAN_POINT('',(-0.0114427626400199,0.0114428790154543,-0.0166189233916364));
#6774=CARTESIAN_POINT('',(-0.00781552313401274,0.0135370421276398,-0.0167855900583031));
#6775=CARTESIAN_POINT('',(-0.00445397194381155,0.0154778118205657,-0.0169400487122663));
#6776=CARTESIAN_POINT('',(-0.000575025706396961,0.0156206036010381,-0.0170959255083707));
#6777=CARTESIAN_POINT('',(0.0154256692097834,-0.00101107513050123,-0.00220615768394354));
#6778=CARTESIAN_POINT('',(0.0151899176474409,-0.00460786582060798,-0.00235342192403779));
#6779=CARTESIAN_POINT('',(0.0133876474863598,-0.00772945265010037,-0.00249845513045404));
#6780=CARTESIAN_POINT('',(0.0113165468908308,-0.011316661982623,-0.00266512179712071));
#6781=CARTESIAN_POINT('',(0.00772931649504828,-0.0133877260955158,-0.00283178846378737));
#6782=CARTESIAN_POINT('',(0.00414208609926576,-0.0154587902084085,-0.00299845513045404));
#6783=CARTESIAN_POINT('',(-7.86091559935755E-8,-0.0154587691451487,-0.00316512179712071));
#6784=CARTESIAN_POINT('',(-0.00414224331757772,-0.0154587480818888,-0.00333178846378738));
#6785=CARTESIAN_POINT('',(-0.00772945265010037,-0.0133876474863598,-0.00349845513045404));
#6786=CARTESIAN_POINT('',(-0.011316661982623,-0.0113165468908308,-0.00366512179712071));
#6787=CARTESIAN_POINT('',(-0.0133877260955158,-0.00772931649504828,-0.00383178846378737));
#6788=CARTESIAN_POINT('',(-0.0154587902084085,-0.00414208609926576,-0.00399845513045404));
#6789=CARTESIAN_POINT('',(-0.0154587691451487,7.8609155992629E-8,-0.00416512179712071));
#6790=CARTESIAN_POINT('',(-0.0154587480818888,0.00414224331757772,-0.00433178846378738));
#6791=CARTESIAN_POINT('',(-0.0133876474863598,0.00772945265010037,-0.00449845513045404));
#6792=CARTESIAN_POINT('',(-0.0113165468908308,0.011316661982623,-0.00466512179712071));
#6793=CARTESIAN_POINT('',(-0.00772931649504828,0.0133877260955158,-0.00483178846378738));
#6794=CARTESIAN_POINT('',(-0.00414208609926577,0.0154587902084085,-0.00499845513045404));
#6795=CARTESIAN_POINT('',(7.86091559954687E-8,0.0154587691451487,-0.00516512179712071));
#6796=CARTESIAN_POINT('',(0.00414224331757772,0.0154587480818888,-0.00533178846378738));
#6797=CARTESIAN_POINT('',(0.00772945265010037,0.0133876474863598,-0.00549845513045404));
#6798=CARTESIAN_POINT('',(0.011316661982623,0.0113165468908308,-0.00566512179712071));
#6799=CARTESIAN_POINT('',(0.0133877260955158,0.00772931649504826,-0.00583178846378738));
#6800=CARTESIAN_POINT('',(0.0154587902084085,0.00414208609926575,-0.00599845513045404));
#6801=CARTESIAN_POINT('',(0.0154587691451487,-7.8609155980792E-8,-0.00616512179712071));
#6802=CARTESIAN_POINT('',(0.0154587480818888,-0.00414224331757772,-0.00633178846378738));
#6803=CARTESIAN_POINT('',(0.0133876474863598,-0.00772945265010037,-0.00649845513045404));
#6804=CARTESIAN_POINT('',(0.0113165468908308,-0.011316661982623,-0.00666512179712071));
#6805=CARTESIAN_POINT('',(0.00772931649504828,-0.0133877260955158,-0.00683178846378738));
#6806=CARTESIAN_POINT('',(0.00414208609926576,-0.0154587902084085,-0.00699845513045404));
#6807=CARTESIAN_POINT('',(-7.86091559935755E-8,-0.0154587691451487,-0.00716512179712071));
#6808=CARTESIAN_POINT('',(-0.00414224331757772,-0.0154587480818888,-0.00733178846378738));
#6809=CARTESIAN_POINT('',(-0.00772945265010037,-0.0133876474863598,-0.00749845513045404));
#6810=CARTESIAN_POINT('',(-0.011316661982623,-0.0113165468908308,-0.00766512179712071));
#6811=CARTESIAN_POINT('',(-0.0133877260955158,-0.00772931649504828,-0.00783178846378738));
#6812=CARTESIAN_POINT('',(-0.0154587902084085,-0.00414208609926576,-0.00799845513045405));
#6813=CARTESIAN_POINT('',(-0.0154587691451487,7.8609155992629E-8,-0.00816512179712071));
#6814=CARTESIAN_POINT('',(-0.0154587480818888,0.00414224331757772,-0.00833178846378738));
#6815=CARTESIAN_POINT('',(-0.0133876474863598,0.00772945265010037,-0.00849845513045404));
#6816=CARTESIAN_POINT('',(-0.0113165468908308,0.011316661982623,-0.00866512179712071));
#6817=CARTESIAN_POINT('',(-0.00772931649504828,0.0133877260955158,-0.00883178846378737));
#6818=CARTESIAN_POINT('',(-0.00414208609926577,0.0154587902084085,-0.00899845513045405));
#6819=CARTESIAN_POINT('',(7.86091559954687E-8,0.0154587691451487,-0.00916512179712071));
#6820=CARTESIAN_POINT('',(0.00414224331757772,0.0154587480818888,-0.00933178846378737));
#6821=CARTESIAN_POINT('',(0.00772945265010037,0.0133876474863598,-0.00949845513045404));
#6822=CARTESIAN_POINT('',(0.011316661982623,0.0113165468908308,-0.0096651217971207));
#6823=CARTESIAN_POINT('',(0.0133877260955158,0.00772931649504826,-0.00983178846378737));
#6824=CARTESIAN_POINT('',(0.0154587902084085,0.00414208609926575,-0.00999845513045405));
#6825=CARTESIAN_POINT('',(0.0154587691451487,-7.8609155980792E-8,-0.0101651217971207));
#6826=CARTESIAN_POINT('',(0.0154587480818888,-0.00414224331757772,-0.0103317884637874));
#6827=CARTESIAN_POINT('',(0.0133876474863598,-0.00772945265010037,-0.010498455130454));
#6828=CARTESIAN_POINT('',(0.0113165468908308,-0.011316661982623,-0.0106651217971207));
#6829=CARTESIAN_POINT('',(0.00772931649504828,-0.0133877260955158,-0.0108317884637874));
#6830=CARTESIAN_POINT('',(0.00414208609926576,-0.0154587902084085,-0.010998455130454));
#6831=CARTESIAN_POINT('',(-7.86091559935755E-8,-0.0154587691451487,-0.0111651217971207));
#6832=CARTESIAN_POINT('',(-0.00414224331757772,-0.0154587480818888,-0.0113317884637874));
#6833=CARTESIAN_POINT('',(-0.00772945265010037,-0.0133876474863598,-0.011498455130454));
#6834=CARTESIAN_POINT('',(-0.011316661982623,-0.0113165468908308,-0.0116651217971207));
#6835=CARTESIAN_POINT('',(-0.0133877260955158,-0.00772931649504828,-0.0118317884637874));
#6836=CARTESIAN_POINT('',(-0.0154587902084085,-0.00414208609926576,-0.011998455130454));
#6837=CARTESIAN_POINT('',(-0.0154587691451487,7.8609155992629E-8,-0.0121651217971207));
#6838=CARTESIAN_POINT('',(-0.0154587480818888,0.00414224331757772,-0.0123317884637874));
#6839=CARTESIAN_POINT('',(-0.0133876474863598,0.00772945265010037,-0.012498455130454));
#6840=CARTESIAN_POINT('',(-0.0113165468908308,0.011316661982623,-0.0126651217971207));
#6841=CARTESIAN_POINT('',(-0.00772931649504828,0.0133877260955158,-0.0128317884637874));
#6842=CARTESIAN_POINT('',(-0.00414208609926577,0.0154587902084085,-0.012998455130454));
#6843=CARTESIAN_POINT('',(7.86091559954687E-8,0.0154587691451487,-0.0131651217971207));
#6844=CARTESIAN_POINT('',(0.00414224331757772,0.0154587480818888,-0.0133317884637874));
#6845=CARTESIAN_POINT('',(0.00772945265010037,0.0133876474863598,-0.013498455130454));
#6846=CARTESIAN_POINT('',(0.011316661982623,0.0113165468908308,-0.0136651217971207));
#6847=CARTESIAN_POINT('',(0.0133877260955158,0.00772931649504826,-0.0138317884637874));
#6848=CARTESIAN_POINT('',(0.0154587902084085,0.00414208609926575,-0.013998455130454));
#6849=CARTESIAN_POINT('',(0.0154587691451487,-7.8609155980792E-8,-0.0141651217971207));
#6850=CARTESIAN_POINT('',(0.0154587480818888,-0.00414224331757772,-0.0143317884637874));
#6851=CARTESIAN_POINT('',(0.0133876474863598,-0.00772945265010037,-0.014498455130454));
#6852=CARTESIAN_POINT('',(0.0113165468908308,-0.011316661982623,-0.0146651217971207));
#6853=CARTESIAN_POINT('',(0.00772931649504828,-0.0133877260955158,-0.0148317884637874));
#6854=CARTESIAN_POINT('',(0.00414208609926576,-0.0154587902084085,-0.014998455130454));
#6855=CARTESIAN_POINT('',(-7.86091559935755E-8,-0.0154587691451487,-0.0151651217971207));
#6856=CARTESIAN_POINT('',(-0.00414224331757772,-0.0154587480818888,-0.0153317884637874));
#6857=CARTESIAN_POINT('',(-0.00772945265010037,-0.0133876474863598,-0.015498455130454));
#6858=CARTESIAN_POINT('',(-0.011316661982623,-0.0113165468908308,-0.0156651217971207));
#6859=CARTESIAN_POINT('',(-0.0133877260955158,-0.00772931649504828,-0.0158317884637873));
#6860=CARTESIAN_POINT('',(-0.0154587902084085,-0.00414208609926576,-0.015998455130454));
#6861=CARTESIAN_POINT('',(-0.0154587691451487,7.8609155992629E-8,-0.0161651217971207));
#6862=CARTESIAN_POINT('',(-0.0154587480818888,0.00414224331757772,-0.0163317884637874));
#6863=CARTESIAN_POINT('',(-0.0133876474863598,0.00772945265010037,-0.016498455130454));
#6864=CARTESIAN_POINT('',(-0.0113165468908308,0.011316661982623,-0.0166651217971207));
#6865=CARTESIAN_POINT('',(-0.00772931649504828,0.0133877260955158,-0.0168317884637873));
#6866=CARTESIAN_POINT('',(-0.00549054636049463,0.0146802654562832,-0.0169358041847172));
#6867=CARTESIAN_POINT('',(-0.00295305033828269,0.0151740909839353,-0.0170432285754132));
#6868=CARTESIAN_POINT('',(0.0156311841860409,8.59072963697151E-7,-0.00412381606223654));
#6869=CARTESIAN_POINT('',(0.015631184211832,3.89793531575973E-7,-0.00412383473647598));
#6870=CARTESIAN_POINT('',(0.0156311842094457,-7.94859012478638E-8,-0.00412385341041503));
#6871=CARTESIAN_POINT('',(0.0156311629112626,-0.00418844267156435,-0.00429052007708169));
#6872=CARTESIAN_POINT('',(0.0135369628736635,-0.00781566094153258,-0.00445718674374836));
#6873=CARTESIAN_POINT('',(0.0114427628360644,-0.0114428792115008,-0.00462385341041502));
#6874=CARTESIAN_POINT('',(0.00781552326791313,-0.0135370423595648,-0.00479052007708169));
#6875=CARTESIAN_POINT('',(0.00418828369976185,-0.0156312055076288,-0.00495718674374836));
#6876=CARTESIAN_POINT('',(-7.948590126079E-8,-0.0156311842094457,-0.00512385341041502));
#6877=CARTESIAN_POINT('',(-0.00418844267156435,-0.0156311629112626,-0.00529052007708169));
#6878=CARTESIAN_POINT('',(-0.00781566094153258,-0.0135369628736635,-0.00545718674374835));
#6879=CARTESIAN_POINT('',(-0.0114428792115008,-0.0114427628360644,-0.00562385341041502));
#6880=CARTESIAN_POINT('',(-0.0135370423595648,-0.00781552326791313,-0.00579052007708169));
#6881=CARTESIAN_POINT('',(-0.0156312055076288,-0.00418828369976185,-0.00595718674374836));
#6882=CARTESIAN_POINT('',(-0.0156311842094457,7.94859012598329E-8,-0.00612385341041502));
#6883=CARTESIAN_POINT('',(-0.0156311629112626,0.00418844267156435,-0.00629052007708169));
#6884=CARTESIAN_POINT('',(-0.0135369628736635,0.00781566094153258,-0.00645718674374835));
#6885=CARTESIAN_POINT('',(-0.0114427628360644,0.0114428792115008,-0.00662385341041503));
#6886=CARTESIAN_POINT('',(-0.00781552326791313,0.0135370423595648,-0.00679052007708169));
#6887=CARTESIAN_POINT('',(-0.00418828369976186,0.0156312055076288,-0.00695718674374836));
#6888=CARTESIAN_POINT('',(7.94859012627042E-8,0.0156311842094457,-0.00712385341041502));
#6889=CARTESIAN_POINT('',(0.00418844267156435,0.0156311629112626,-0.0072905200770817));
#6890=CARTESIAN_POINT('',(0.00781566094153258,0.0135369628736635,-0.00745718674374835));
#6891=CARTESIAN_POINT('',(0.0114428792115008,0.0114427628360644,-0.00762385341041502));
#6892=CARTESIAN_POINT('',(0.0135370423595648,0.00781552326791312,-0.00779052007708169));
#6893=CARTESIAN_POINT('',(0.0156312055076288,0.00418828369976184,-0.00795718674374836));
#6894=CARTESIAN_POINT('',(0.0156311842094457,-7.94859012478638E-8,-0.00812385341041503));
#6895=CARTESIAN_POINT('',(0.0156311629112626,-0.00418844267156435,-0.0082905200770817));
#6896=CARTESIAN_POINT('',(0.0135369628736635,-0.00781566094153258,-0.00845718674374835));
#6897=CARTESIAN_POINT('',(0.0114427628360644,-0.0114428792115008,-0.00862385341041503));
#6898=CARTESIAN_POINT('',(0.00781552326791313,-0.0135370423595648,-0.00879052007708169));
#6899=CARTESIAN_POINT('',(0.00418828369976185,-0.0156312055076288,-0.00895718674374837));
#6900=CARTESIAN_POINT('',(-7.948590126079E-8,-0.0156311842094457,-0.00912385341041502));
#6901=CARTESIAN_POINT('',(-0.00418844267156435,-0.0156311629112626,-0.00929052007708169));
#6902=CARTESIAN_POINT('',(-0.00781566094153258,-0.0135369628736635,-0.00945718674374835));
#6903=CARTESIAN_POINT('',(-0.0114428792115008,-0.0114427628360644,-0.00962385341041502));
#6904=CARTESIAN_POINT('',(-0.0135370423595648,-0.00781552326791313,-0.00979052007708169));
#6905=CARTESIAN_POINT('',(-0.0156312055076288,-0.00418828369976185,-0.00995718674374836));
#6906=CARTESIAN_POINT('',(-0.0156311842094457,7.94859012598329E-8,-0.010123853410415));
#6907=CARTESIAN_POINT('',(-0.0156311629112626,0.00418844267156435,-0.0102905200770817));
#6908=CARTESIAN_POINT('',(-0.0135369628736635,0.00781566094153258,-0.0104571867437483));
#6909=CARTESIAN_POINT('',(-0.0114427628360644,0.0114428792115008,-0.010623853410415));
#6910=CARTESIAN_POINT('',(-0.00781552326791313,0.0135370423595648,-0.0107905200770817));
#6911=CARTESIAN_POINT('',(-0.00418828369976186,0.0156312055076288,-0.0109571867437484));
#6912=CARTESIAN_POINT('',(7.94859012627042E-8,0.0156311842094457,-0.011123853410415));
#6913=CARTESIAN_POINT('',(0.00418844267156435,0.0156311629112626,-0.0112905200770817));
#6914=CARTESIAN_POINT('',(0.00781566094153258,0.0135369628736635,-0.0114571867437483));
#6915=CARTESIAN_POINT('',(0.0114428792115008,0.0114427628360644,-0.011623853410415));
#6916=CARTESIAN_POINT('',(0.0135370423595648,0.00781552326791312,-0.0117905200770817));
#6917=CARTESIAN_POINT('',(0.0156312055076288,0.00418828369976184,-0.0119571867437484));
#6918=CARTESIAN_POINT('',(0.0156311842094457,-7.94859012478638E-8,-0.012123853410415));
#6919=CARTESIAN_POINT('',(0.0156311629112626,-0.00418844267156435,-0.0122905200770817));
#6920=CARTESIAN_POINT('',(0.0135369628736635,-0.00781566094153258,-0.0124571867437483));
#6921=CARTESIAN_POINT('',(0.0114427628360644,-0.0114428792115008,-0.012623853410415));
#6922=CARTESIAN_POINT('',(0.00781552326791313,-0.0135370423595648,-0.0127905200770817));
#6923=CARTESIAN_POINT('',(0.00418828369976185,-0.0156312055076288,-0.0129571867437484));
#6924=CARTESIAN_POINT('',(-7.948590126079E-8,-0.0156311842094457,-0.013123853410415));
#6925=CARTESIAN_POINT('',(-0.00418844267156435,-0.0156311629112626,-0.0132905200770817));
#6926=CARTESIAN_POINT('',(-0.00781566094153258,-0.0135369628736635,-0.0134571867437483));
#6927=CARTESIAN_POINT('',(-0.0114428792115008,-0.0114427628360644,-0.013623853410415));
#6928=CARTESIAN_POINT('',(-0.0135370423595648,-0.00781552326791313,-0.0137905200770817));
#6929=CARTESIAN_POINT('',(-0.0156312055076288,-0.00418828369976185,-0.0139571867437484));
#6930=CARTESIAN_POINT('',(-0.0156311842094457,7.94859012598329E-8,-0.014123853410415));
#6931=CARTESIAN_POINT('',(-0.0156311629112626,0.00418844267156435,-0.0142905200770817));
#6932=CARTESIAN_POINT('',(-0.0135369628736635,0.00781566094153258,-0.0144571867437483));
#6933=CARTESIAN_POINT('',(-0.0114427628360644,0.0114428792115008,-0.014623853410415));
#6934=CARTESIAN_POINT('',(-0.00781552326791313,0.0135370423595648,-0.0147905200770817));
#6935=CARTESIAN_POINT('',(-0.00418828369976186,0.0156312055076288,-0.0149571867437484));
#6936=CARTESIAN_POINT('',(7.94859012627042E-8,0.0156311842094457,-0.015123853410415));
#6937=CARTESIAN_POINT('',(0.00418844267156435,0.0156311629112626,-0.0152905200770817));
#6938=CARTESIAN_POINT('',(0.00781566094153258,0.0135369628736635,-0.0154571867437484));
#6939=CARTESIAN_POINT('',(0.0114428792115008,0.0114427628360644,-0.015623853410415));
#6940=CARTESIAN_POINT('',(0.0135370423595648,0.00781552326791312,-0.0157905200770817));
#6941=CARTESIAN_POINT('',(0.014850637445784,0.00554028311880229,-0.0158950642309468));
#6942=CARTESIAN_POINT('',(0.0153482448554494,0.0029606248754469,-0.0160030217874398));
#6943=CARTESIAN_POINT('',(0.015458769122002,8.4959721839935E-7,-0.00407761758499458));
#6944=CARTESIAN_POINT('',(0.0154587691475086,3.85494031556733E-7,-0.00407763625923403));
#6945=CARTESIAN_POINT('',(0.0154587691451487,-7.86091559807919E-8,-0.00407765493317306));
#6946=CARTESIAN_POINT('',(0.0154587480818888,-0.00414224331757772,-0.00424432159983973));
#6947=CARTESIAN_POINT('',(0.0133876474863598,-0.00772945265010037,-0.0044109882665064));
#6948=CARTESIAN_POINT('',(0.0113165468908308,-0.011316661982623,-0.00457765493317307));
#6949=CARTESIAN_POINT('',(0.00772931649504827,-0.0133877260955157,-0.00474432159983973));
#6950=CARTESIAN_POINT('',(0.00414208609926576,-0.0154587902084085,-0.0049109882665064));
#6951=CARTESIAN_POINT('',(-7.86091559935755E-8,-0.0154587691451487,-0.00507765493317307));
#6952=CARTESIAN_POINT('',(-0.00414224331757772,-0.0154587480818888,-0.00524432159983973));
#6953=CARTESIAN_POINT('',(-0.00772945265010037,-0.0133876474863598,-0.0054109882665064));
#6954=CARTESIAN_POINT('',(-0.011316661982623,-0.0113165468908308,-0.00557765493317307));
#6955=CARTESIAN_POINT('',(-0.0133877260955157,-0.00772931649504827,-0.00574432159983973));
#6956=CARTESIAN_POINT('',(-0.0154587902084085,-0.00414208609926576,-0.0059109882665064));
#6957=CARTESIAN_POINT('',(-0.0154587691451487,7.86091559926289E-8,-0.00607765493317307));
#6958=CARTESIAN_POINT('',(-0.0154587480818888,0.00414224331757772,-0.00624432159983973));
#6959=CARTESIAN_POINT('',(-0.0133876474863598,0.00772945265010037,-0.0064109882665064));
#6960=CARTESIAN_POINT('',(-0.0113165468908308,0.011316661982623,-0.00657765493317307));
#6961=CARTESIAN_POINT('',(-0.00772931649504827,0.0133877260955157,-0.00674432159983973));
#6962=CARTESIAN_POINT('',(-0.00414208609926576,0.0154587902084085,-0.0069109882665064));
#6963=CARTESIAN_POINT('',(7.86091559954686E-8,0.0154587691451487,-0.00707765493317307));
#6964=CARTESIAN_POINT('',(0.00414224331757772,0.0154587480818888,-0.00724432159983974));
#6965=CARTESIAN_POINT('',(0.00772945265010037,0.0133876474863598,-0.0074109882665064));
#6966=CARTESIAN_POINT('',(0.011316661982623,0.0113165468908308,-0.00757765493317307));
#6967=CARTESIAN_POINT('',(0.0133877260955158,0.00772931649504826,-0.00774432159983973));
#6968=CARTESIAN_POINT('',(0.0154587902084085,0.00414208609926575,-0.0079109882665064));
#6969=CARTESIAN_POINT('',(0.0154587691451487,-7.86091559807919E-8,-0.00807765493317307));
#6970=CARTESIAN_POINT('',(0.0154587480818888,-0.00414224331757772,-0.00824432159983974));
#6971=CARTESIAN_POINT('',(0.0133876474863598,-0.00772945265010037,-0.0084109882665064));
#6972=CARTESIAN_POINT('',(0.0113165468908308,-0.011316661982623,-0.00857765493317307));
#6973=CARTESIAN_POINT('',(0.00772931649504827,-0.0133877260955157,-0.00874432159983973));
#6974=CARTESIAN_POINT('',(0.00414208609926576,-0.0154587902084085,-0.00891098826650641));
#6975=CARTESIAN_POINT('',(-7.86091559935755E-8,-0.0154587691451487,-0.00907765493317307));
#6976=CARTESIAN_POINT('',(-0.00414224331757772,-0.0154587480818888,-0.00924432159983973));
#6977=CARTESIAN_POINT('',(-0.00772945265010037,-0.0133876474863598,-0.0094109882665064));
#6978=CARTESIAN_POINT('',(-0.011316661982623,-0.0113165468908308,-0.00957765493317306));
#6979=CARTESIAN_POINT('',(-0.0133877260955157,-0.00772931649504827,-0.00974432159983973));
#6980=CARTESIAN_POINT('',(-0.0154587902084085,-0.00414208609926576,-0.0099109882665064));
#6981=CARTESIAN_POINT('',(-0.0154587691451487,7.86091559926289E-8,-0.0100776549331731));
#6982=CARTESIAN_POINT('',(-0.0154587480818888,0.00414224331757772,-0.0102443215998397));
#6983=CARTESIAN_POINT('',(-0.0133876474863598,0.00772945265010037,-0.0104109882665064));
#6984=CARTESIAN_POINT('',(-0.0113165468908308,0.011316661982623,-0.0105776549331731));
#6985=CARTESIAN_POINT('',(-0.00772931649504827,0.0133877260955157,-0.0107443215998397));
#6986=CARTESIAN_POINT('',(-0.00414208609926576,0.0154587902084085,-0.0109109882665064));
#6987=CARTESIAN_POINT('',(7.86091559954686E-8,0.0154587691451487,-0.0110776549331731));
#6988=CARTESIAN_POINT('',(0.00414224331757772,0.0154587480818888,-0.0112443215998397));
#6989=CARTESIAN_POINT('',(0.00772945265010037,0.0133876474863598,-0.0114109882665064));
#6990=CARTESIAN_POINT('',(0.011316661982623,0.0113165468908308,-0.0115776549331731));
#6991=CARTESIAN_POINT('',(0.0133877260955158,0.00772931649504826,-0.0117443215998397));
#6992=CARTESIAN_POINT('',(0.0154587902084085,0.00414208609926575,-0.0119109882665064));
#6993=CARTESIAN_POINT('',(0.0154587691451487,-7.86091559807919E-8,-0.0120776549331731));
#6994=CARTESIAN_POINT('',(0.0154587480818888,-0.00414224331757772,-0.0122443215998397));
#6995=CARTESIAN_POINT('',(0.0133876474863598,-0.00772945265010037,-0.0124109882665064));
#6996=CARTESIAN_POINT('',(0.0113165468908308,-0.011316661982623,-0.0125776549331731));
#6997=CARTESIAN_POINT('',(0.00772931649504827,-0.0133877260955157,-0.0127443215998397));
#6998=CARTESIAN_POINT('',(0.00414208609926576,-0.0154587902084085,-0.0129109882665064));
#6999=CARTESIAN_POINT('',(-7.86091559935755E-8,-0.0154587691451487,-0.0130776549331731));
#7000=CARTESIAN_POINT('',(-0.00414224331757772,-0.0154587480818888,-0.0132443215998397));
#7001=CARTESIAN_POINT('',(-0.00772945265010037,-0.0133876474863598,-0.0134109882665064));
#7002=CARTESIAN_POINT('',(-0.011316661982623,-0.0113165468908308,-0.0135776549331731));
#7003=CARTESIAN_POINT('',(-0.0133877260955157,-0.00772931649504827,-0.0137443215998397));
#7004=CARTESIAN_POINT('',(-0.0154587902084085,-0.00414208609926576,-0.0139109882665064));
#7005=CARTESIAN_POINT('',(-0.0154587691451487,7.86091559926289E-8,-0.0140776549331731));
#7006=CARTESIAN_POINT('',(-0.0154587480818888,0.00414224331757772,-0.0142443215998397));
#7007=CARTESIAN_POINT('',(-0.0133876474863598,0.00772945265010037,-0.0144109882665064));
#7008=CARTESIAN_POINT('',(-0.0113165468908308,0.011316661982623,-0.0145776549331731));
#7009=CARTESIAN_POINT('',(-0.00772931649504827,0.0133877260955157,-0.0147443215998397));
#7010=CARTESIAN_POINT('',(-0.00414208609926576,0.0154587902084085,-0.0149109882665064));
#7011=CARTESIAN_POINT('',(7.86091559954686E-8,0.0154587691451487,-0.0150776549331731));
#7012=CARTESIAN_POINT('',(0.00414224331757772,0.0154587480818888,-0.0152443215998398));
#7013=CARTESIAN_POINT('',(0.00772945265010037,0.0133876474863598,-0.0154109882665064));
#7014=CARTESIAN_POINT('',(0.011316661982623,0.0113165468908308,-0.015577654933173));
#7015=CARTESIAN_POINT('',(0.0133877260955158,0.00772931649504826,-0.0157443215998397));
#7016=CARTESIAN_POINT('',(0.0146868319672125,0.00547917269637024,-0.0158488657537049));
#7017=CARTESIAN_POINT('',(0.0151789506683845,0.0029279685954479,-0.0159568233101978));
#7018=CARTESIAN_POINT('',(0.0154304949623382,-0.00093454197681718,-0.00411555936032364));
#7019=CARTESIAN_POINT('',(0.0152101431730384,-0.0045728345940565,-0.00426432746124768));
#7020=CARTESIAN_POINT('',(0.013387647486361,-0.00772945265010107,-0.00441098826650677));
#7021=CARTESIAN_POINT('',(0.0113165468908318,-0.011316661982624,-0.00457765493317344));
#7022=CARTESIAN_POINT('',(0.00772931649504897,-0.013387726095517,-0.00474432159984011));
#7023=CARTESIAN_POINT('',(0.00414208609926614,-0.0154587902084099,-0.00491098826650677));
#7024=CARTESIAN_POINT('',(-7.86091559935827E-8,-0.01545876914515,-0.00507765493317344));
#7025=CARTESIAN_POINT('',(-0.00414224331757809,-0.0154587480818902,-0.00524432159984011));
#7026=CARTESIAN_POINT('',(-0.00772945265010107,-0.013387647486361,-0.00541098826650678));
#7027=CARTESIAN_POINT('',(-0.011316661982624,-0.0113165468908318,-0.00557765493317344));
#7028=CARTESIAN_POINT('',(-0.013387726095517,-0.00772931649504897,-0.00574432159984011));
#7029=CARTESIAN_POINT('',(-0.0154587902084099,-0.00414208609926614,-0.00591098826650677));
#7030=CARTESIAN_POINT('',(-0.01545876914515,7.86091559926361E-8,-0.00607765493317345));
#7031=CARTESIAN_POINT('',(-0.0154587480818902,0.00414224331757809,-0.0062443215998401));
#7032=CARTESIAN_POINT('',(-0.013387647486361,0.00772945265010107,-0.00641098826650678));
#7033=CARTESIAN_POINT('',(-0.0113165468908318,0.011316661982624,-0.00657765493317344));
#7034=CARTESIAN_POINT('',(-0.00772931649504897,0.013387726095517,-0.00674432159984011));
#7035=CARTESIAN_POINT('',(-0.00414208609926614,0.0154587902084099,-0.00691098826650678));
#7036=CARTESIAN_POINT('',(7.86091559954758E-8,0.01545876914515,-0.00707765493317345));
#7037=CARTESIAN_POINT('',(0.00414224331757809,0.0154587480818902,-0.0072443215998401));
#7038=CARTESIAN_POINT('',(0.00772945265010107,0.013387647486361,-0.00741098826650678));
#7039=CARTESIAN_POINT('',(0.011316661982624,0.0113165468908318,-0.00757765493317344));
#7040=CARTESIAN_POINT('',(0.013387726095517,0.00772931649504896,-0.00774432159984012));
#7041=CARTESIAN_POINT('',(0.0154587902084099,0.00414208609926612,-0.00791098826650677));
#7042=CARTESIAN_POINT('',(0.01545876914515,-7.86091559807991E-8,-0.00807765493317344));
#7043=CARTESIAN_POINT('',(0.0154587480818902,-0.00414224331757809,-0.00824432159984012));
#7044=CARTESIAN_POINT('',(0.013387647486361,-0.00772945265010107,-0.00841098826650677));
#7045=CARTESIAN_POINT('',(0.0113165468908318,-0.011316661982624,-0.00857765493317344));
#7046=CARTESIAN_POINT('',(0.00772931649504897,-0.013387726095517,-0.00874432159984012));
#7047=CARTESIAN_POINT('',(0.00414208609926614,-0.0154587902084099,-0.00891098826650677));
#7048=CARTESIAN_POINT('',(-7.86091559935827E-8,-0.01545876914515,-0.00907765493317345));
#7049=CARTESIAN_POINT('',(-0.00414224331757809,-0.0154587480818902,-0.00924432159984011));
#7050=CARTESIAN_POINT('',(-0.00772945265010107,-0.013387647486361,-0.00941098826650678));
#7051=CARTESIAN_POINT('',(-0.011316661982624,-0.0113165468908318,-0.00957765493317344));
#7052=CARTESIAN_POINT('',(-0.013387726095517,-0.00772931649504897,-0.00974432159984012));
#7053=CARTESIAN_POINT('',(-0.0154587902084099,-0.00414208609926614,-0.00991098826650677));
#7054=CARTESIAN_POINT('',(-0.01545876914515,7.86091559926361E-8,-0.0100776549331735));
#7055=CARTESIAN_POINT('',(-0.0154587480818902,0.00414224331757809,-0.0102443215998401));
#7056=CARTESIAN_POINT('',(-0.013387647486361,0.00772945265010107,-0.0104109882665068));
#7057=CARTESIAN_POINT('',(-0.0113165468908318,0.011316661982624,-0.0105776549331734));
#7058=CARTESIAN_POINT('',(-0.00772931649504897,0.013387726095517,-0.0107443215998401));
#7059=CARTESIAN_POINT('',(-0.00414208609926614,0.0154587902084099,-0.0109109882665068));
#7060=CARTESIAN_POINT('',(7.86091559954758E-8,0.01545876914515,-0.0110776549331734));
#7061=CARTESIAN_POINT('',(0.00414224331757809,0.0154587480818902,-0.0112443215998401));
#7062=CARTESIAN_POINT('',(0.00772945265010107,0.013387647486361,-0.0114109882665068));
#7063=CARTESIAN_POINT('',(0.011316661982624,0.0113165468908318,-0.0115776549331734));
#7064=CARTESIAN_POINT('',(0.013387726095517,0.00772931649504896,-0.0117443215998401));
#7065=CARTESIAN_POINT('',(0.0154587902084099,0.00414208609926612,-0.0119109882665068));
#7066=CARTESIAN_POINT('',(0.01545876914515,-7.86091559807991E-8,-0.0120776549331734));
#7067=CARTESIAN_POINT('',(0.0154587480818902,-0.00414224331757809,-0.0122443215998401));
#7068=CARTESIAN_POINT('',(0.013387647486361,-0.00772945265010107,-0.0124109882665068));
#7069=CARTESIAN_POINT('',(0.0113165468908318,-0.011316661982624,-0.0125776549331734));
#7070=CARTESIAN_POINT('',(0.00772931649504897,-0.013387726095517,-0.0127443215998401));
#7071=CARTESIAN_POINT('',(0.00414208609926614,-0.0154587902084099,-0.0129109882665068));
#7072=CARTESIAN_POINT('',(-7.86091559935827E-8,-0.01545876914515,-0.0130776549331734));
#7073=CARTESIAN_POINT('',(-0.00414224331757809,-0.0154587480818902,-0.0132443215998401));
#7074=CARTESIAN_POINT('',(-0.00772945265010107,-0.013387647486361,-0.0134109882665068));
#7075=CARTESIAN_POINT('',(-0.011316661982624,-0.0113165468908318,-0.0135776549331734));
#7076=CARTESIAN_POINT('',(-0.013387726095517,-0.00772931649504897,-0.0137443215998401));
#7077=CARTESIAN_POINT('',(-0.0154587902084099,-0.00414208609926614,-0.0139109882665068));
#7078=CARTESIAN_POINT('',(-0.01545876914515,7.86091559926361E-8,-0.0140776549331735));
#7079=CARTESIAN_POINT('',(-0.0154587480818902,0.00414224331757809,-0.0142443215998401));
#7080=CARTESIAN_POINT('',(-0.013387647486361,0.00772945265010107,-0.0144109882665068));
#7081=CARTESIAN_POINT('',(-0.0113165468908318,0.011316661982624,-0.0145776549331734));
#7082=CARTESIAN_POINT('',(-0.00772931649504897,0.013387726095517,-0.0147443215998401));
#7083=CARTESIAN_POINT('',(-0.00414208609926614,0.0154587902084099,-0.0149109882665068));
#7084=CARTESIAN_POINT('',(7.86091559954758E-8,0.01545876914515,-0.0150776549331735));
#7085=CARTESIAN_POINT('',(0.00414224331757809,0.0154587480818902,-0.0152443215998401));
#7086=CARTESIAN_POINT('',(0.00772945265010107,0.013387647486361,-0.0154109882665068));
#7087=CARTESIAN_POINT('',(0.011316661982624,0.0113165468908318,-0.0155776549331734));
#7088=CARTESIAN_POINT('',(0.013387726095517,0.00772931649504896,-0.0157443215998401));
#7089=CARTESIAN_POINT('',(0.0142473082777557,0.00624045899778242,-0.0158134955554641));
#7090=CARTESIAN_POINT('',(0.0147587799629085,0.00459912573166122,-0.0158850515916494));
#7091=CARTESIAN_POINT('',(0.0154587691199276,8.8653967457146E-7,-0.00407761609853098));
#7092=CARTESIAN_POINT('',(0.0154587691476025,4.03965259688996E-7,-0.00407763551601442));
#7093=CARTESIAN_POINT('',(0.0154587691451487,-7.86091559807919E-8,-0.00407765493317306));
#7094=CARTESIAN_POINT('',(0.0154587480818888,-0.00414224331757772,-0.00424432159983973));
#7095=CARTESIAN_POINT('',(0.0133876474863598,-0.00772945265010037,-0.0044109882665064));
#7096=CARTESIAN_POINT('',(0.0113165468908308,-0.011316661982623,-0.00457765493317307));
#7097=CARTESIAN_POINT('',(0.00772931649504827,-0.0133877260955157,-0.00474432159983973));
#7098=CARTESIAN_POINT('',(0.00414208609926576,-0.0154587902084085,-0.0049109882665064));
#7099=CARTESIAN_POINT('',(-7.86091559935755E-8,-0.0154587691451487,-0.00507765493317307));
#7100=CARTESIAN_POINT('',(-0.00414224331757772,-0.0154587480818888,-0.00524432159983973));
#7101=CARTESIAN_POINT('',(-0.00772945265010037,-0.0133876474863598,-0.0054109882665064));
#7102=CARTESIAN_POINT('',(-0.011316661982623,-0.0113165468908308,-0.00557765493317307));
#7103=CARTESIAN_POINT('',(-0.0133877260955157,-0.00772931649504827,-0.00574432159983973));
#7104=CARTESIAN_POINT('',(-0.0154587902084085,-0.00414208609926576,-0.0059109882665064));
#7105=CARTESIAN_POINT('',(-0.0154587691451487,7.86091559926289E-8,-0.00607765493317307));
#7106=CARTESIAN_POINT('',(-0.0154587480818888,0.00414224331757772,-0.00624432159983973));
#7107=CARTESIAN_POINT('',(-0.0133876474863598,0.00772945265010037,-0.0064109882665064));
#7108=CARTESIAN_POINT('',(-0.0113165468908308,0.011316661982623,-0.00657765493317307));
#7109=CARTESIAN_POINT('',(-0.00772931649504827,0.0133877260955157,-0.00674432159983973));
#7110=CARTESIAN_POINT('',(-0.00414208609926576,0.0154587902084085,-0.0069109882665064));
#7111=CARTESIAN_POINT('',(7.86091559954686E-8,0.0154587691451487,-0.00707765493317307));
#7112=CARTESIAN_POINT('',(0.00414224331757772,0.0154587480818888,-0.00724432159983974));
#7113=CARTESIAN_POINT('',(0.00772945265010037,0.0133876474863598,-0.0074109882665064));
#7114=CARTESIAN_POINT('',(0.011316661982623,0.0113165468908308,-0.00757765493317307));
#7115=CARTESIAN_POINT('',(0.0133877260955158,0.00772931649504826,-0.00774432159983973));
#7116=CARTESIAN_POINT('',(0.0154587902084085,0.00414208609926575,-0.0079109882665064));
#7117=CARTESIAN_POINT('',(0.0154587691451487,-7.86091559807919E-8,-0.00807765493317307));
#7118=CARTESIAN_POINT('',(0.0154587480818888,-0.00414224331757772,-0.00824432159983974));
#7119=CARTESIAN_POINT('',(0.0133876474863598,-0.00772945265010037,-0.0084109882665064));
#7120=CARTESIAN_POINT('',(0.0113165468908308,-0.011316661982623,-0.00857765493317307));
#7121=CARTESIAN_POINT('',(0.00772931649504827,-0.0133877260955157,-0.00874432159983973));
#7122=CARTESIAN_POINT('',(0.00414208609926576,-0.0154587902084085,-0.00891098826650641));
#7123=CARTESIAN_POINT('',(-7.86091559935755E-8,-0.0154587691451487,-0.00907765493317307));
#7124=CARTESIAN_POINT('',(-0.00414224331757772,-0.0154587480818888,-0.00924432159983973));
#7125=CARTESIAN_POINT('',(-0.00772945265010037,-0.0133876474863598,-0.0094109882665064));
#7126=CARTESIAN_POINT('',(-0.011316661982623,-0.0113165468908308,-0.00957765493317306));
#7127=CARTESIAN_POINT('',(-0.0133877260955157,-0.00772931649504827,-0.00974432159983973));
#7128=CARTESIAN_POINT('',(-0.0154587902084085,-0.00414208609926576,-0.0099109882665064));
#7129=CARTESIAN_POINT('',(-0.0154587691451487,7.86091559926289E-8,-0.0100776549331731));
#7130=CARTESIAN_POINT('',(-0.0154587480818888,0.00414224331757772,-0.0102443215998397));
#7131=CARTESIAN_POINT('',(-0.0133876474863598,0.00772945265010037,-0.0104109882665064));
#7132=CARTESIAN_POINT('',(-0.0113165468908308,0.011316661982623,-0.0105776549331731));
#7133=CARTESIAN_POINT('',(-0.00772931649504827,0.0133877260955157,-0.0107443215998397));
#7134=CARTESIAN_POINT('',(-0.00414208609926576,0.0154587902084085,-0.0109109882665064));
#7135=CARTESIAN_POINT('',(7.86091559954686E-8,0.0154587691451487,-0.0110776549331731));
#7136=CARTESIAN_POINT('',(0.00414224331757772,0.0154587480818888,-0.0112443215998397));
#7137=CARTESIAN_POINT('',(0.00772945265010037,0.0133876474863598,-0.0114109882665064));
#7138=CARTESIAN_POINT('',(0.011316661982623,0.0113165468908308,-0.0115776549331731));
#7139=CARTESIAN_POINT('',(0.0133877260955158,0.00772931649504826,-0.0117443215998397));
#7140=CARTESIAN_POINT('',(0.0154587902084085,0.00414208609926575,-0.0119109882665064));
#7141=CARTESIAN_POINT('',(0.0154587691451487,-7.86091559807919E-8,-0.0120776549331731));
#7142=CARTESIAN_POINT('',(0.0154587480818888,-0.00414224331757772,-0.0122443215998397));
#7143=CARTESIAN_POINT('',(0.0133876474863598,-0.00772945265010037,-0.0124109882665064));
#7144=CARTESIAN_POINT('',(0.0113165468908308,-0.011316661982623,-0.0125776549331731));
#7145=CARTESIAN_POINT('',(0.00772931649504827,-0.0133877260955157,-0.0127443215998397));
#7146=CARTESIAN_POINT('',(0.00414208609926576,-0.0154587902084085,-0.0129109882665064));
#7147=CARTESIAN_POINT('',(-7.86091559935755E-8,-0.0154587691451487,-0.0130776549331731));
#7148=CARTESIAN_POINT('',(-0.00414224331757772,-0.0154587480818888,-0.0132443215998397));
#7149=CARTESIAN_POINT('',(-0.00772945265010037,-0.0133876474863598,-0.0134109882665064));
#7150=CARTESIAN_POINT('',(-0.011316661982623,-0.0113165468908308,-0.0135776549331731));
#7151=CARTESIAN_POINT('',(-0.0133877260955157,-0.00772931649504827,-0.0137443215998397));
#7152=CARTESIAN_POINT('',(-0.0154587902084085,-0.00414208609926576,-0.0139109882665064));
#7153=CARTESIAN_POINT('',(-0.0154587691451487,7.86091559926289E-8,-0.0140776549331731));
#7154=CARTESIAN_POINT('',(-0.0154587480818888,0.00414224331757772,-0.0142443215998397));
#7155=CARTESIAN_POINT('',(-0.0133876474863598,0.00772945265010037,-0.0144109882665064));
#7156=CARTESIAN_POINT('',(-0.0113165468908308,0.011316661982623,-0.0145776549331731));
#7157=CARTESIAN_POINT('',(-0.00772931649504827,0.0133877260955157,-0.0147443215998397));
#7158=CARTESIAN_POINT('',(-0.00414208609926576,0.0154587902084085,-0.0149109882665064));
#7159=CARTESIAN_POINT('',(7.86091559954686E-8,0.0154587691451487,-0.0150776549331731));
#7160=CARTESIAN_POINT('',(0.00414224331757772,0.0154587480818888,-0.0152443215998398));
#7161=CARTESIAN_POINT('',(0.00772945265010037,0.0133876474863598,-0.0154109882665064));
#7162=CARTESIAN_POINT('',(0.011316661982623,0.0113165468908308,-0.015577654933173));
#7163=CARTESIAN_POINT('',(0.0133877260955158,0.00772931649504826,-0.0157443215998397));
#7164=CARTESIAN_POINT('',(0.0154587902084085,0.00414208609926575,-0.0159109882665064));
#7165=CARTESIAN_POINT('',(0.0154587691451487,-7.86091559807919E-8,-0.016077654933173));
#7166=CARTESIAN_POINT('',(0.0154587480818888,-0.00414224331757772,-0.0162443215998397));
#7167=CARTESIAN_POINT('',(0.0133876474863598,-0.00772945265010037,-0.0164109882665064));
#7168=CARTESIAN_POINT('',(0.0113165468908308,-0.011316661982623,-0.0165776549331731));
#7169=CARTESIAN_POINT('',(0.00772931649504827,-0.0133877260955157,-0.0167443215998398));
#7170=CARTESIAN_POINT('',(0.00414208609926576,-0.0154587902084085,-0.0169109882665064));
#7171=CARTESIAN_POINT('',(-7.86091559935755E-8,-0.0154587691451487,-0.017077654933173));
#7172=CARTESIAN_POINT('',(-0.00414224331757772,-0.0154587480818888,-0.0172443215998397));
#7173=CARTESIAN_POINT('',(-0.00772945265010037,-0.0133876474863598,-0.0174109882665064));
#7174=CARTESIAN_POINT('',(-0.011316661982623,-0.0113165468908308,-0.0175776549331731));
#7175=CARTESIAN_POINT('',(-0.0133877260955157,-0.00772931649504827,-0.0177443215998398));
#7176=CARTESIAN_POINT('',(-0.0154587902084085,-0.00414208609926576,-0.0179109882665064));
#7177=CARTESIAN_POINT('',(-0.0154587691451487,7.86091559926289E-8,-0.018077654933173));
#7178=CARTESIAN_POINT('',(-0.0154587480818888,0.00414224331757772,-0.0182443215998397));
#7179=CARTESIAN_POINT('',(-0.0133876474863598,0.00772945265010037,-0.0184109882665064));
#7180=CARTESIAN_POINT('',(-0.0113165468908308,0.011316661982623,-0.0185776549331731));
#7181=CARTESIAN_POINT('',(-0.00772931649504827,0.0133877260955157,-0.0187443215998398));
#7182=CARTESIAN_POINT('',(-0.00450924577083379,0.01524681296257,-0.0188939296246454));
#7183=CARTESIAN_POINT('',(-0.000795971444036467,0.0154382632750403,-0.0190454034567386));
#7184=CARTESIAN_POINT('',(0.0142415058220229,8.16731257121129E-7,-0.00375145138034502));
#7185=CARTESIAN_POINT('',(0.0142415058475187,3.72155994641234E-7,-0.00375147079782846));
#7186=CARTESIAN_POINT('',(0.014241505845258,-7.24192685639903E-8,-0.00375149021498711));
#7187=CARTESIAN_POINT('',(0.0142414864405735,-0.00381607240950856,-0.00391815688165377));
#7188=CARTESIAN_POINT('',(0.0123334696405037,-0.0071208156395553,-0.00408482354832045));
#7189=CARTESIAN_POINT('',(0.010425452840434,-0.010425558869602,-0.00425149021498711));
#7190=CARTESIAN_POINT('',(0.0071206902057027,-0.0123335420597723,-0.00441815688165378));
#7191=CARTESIAN_POINT('',(0.00381592757097144,-0.0142415252499425,-0.00458482354832044));
#7192=CARTESIAN_POINT('',(-7.24192685757672E-8,-0.014241505845258,-0.00475149021498711));
#7193=CARTESIAN_POINT('',(-0.00381607240950856,-0.0142414864405735,-0.00491815688165377));
#7194=CARTESIAN_POINT('',(-0.0071208156395553,-0.0123334696405037,-0.00508482354832044));
#7195=CARTESIAN_POINT('',(-0.010425558869602,-0.010425452840434,-0.00525149021498711));
#7196=CARTESIAN_POINT('',(-0.0123335420597723,-0.0071206902057027,-0.00541815688165377));
#7197=CARTESIAN_POINT('',(-0.0142415252499425,-0.00381592757097144,-0.00558482354832044));
#7198=CARTESIAN_POINT('',(-0.014241505845258,7.24192685748952E-8,-0.00575149021498711));
#7199=CARTESIAN_POINT('',(-0.0142414864405735,0.00381607240950856,-0.00591815688165377));
#7200=CARTESIAN_POINT('',(-0.0123334696405037,0.0071208156395553,-0.00608482354832044));
#7201=CARTESIAN_POINT('',(-0.010425452840434,0.010425558869602,-0.00625149021498711));
#7202=CARTESIAN_POINT('',(-0.0071206902057027,0.0123335420597723,-0.00641815688165377));
#7203=CARTESIAN_POINT('',(-0.00381592757097144,0.0142415252499425,-0.00658482354832044));
#7204=CARTESIAN_POINT('',(7.24192685775113E-8,0.014241505845258,-0.00675149021498711));
#7205=CARTESIAN_POINT('',(0.00381607240950856,0.0142414864405735,-0.00691815688165377));
#7206=CARTESIAN_POINT('',(0.0071208156395553,0.0123334696405037,-0.00708482354832044));
#7207=CARTESIAN_POINT('',(0.010425558869602,0.010425452840434,-0.0072514902149871));
#7208=CARTESIAN_POINT('',(0.0123335420597723,0.00712069020570268,-0.00741815688165377));
#7209=CARTESIAN_POINT('',(0.0142415252499425,0.00381592757097143,-0.00758482354832044));
#7210=CARTESIAN_POINT('',(0.014241505845258,-7.24192685639903E-8,-0.0077514902149871));
#7211=CARTESIAN_POINT('',(0.0142414864405735,-0.00381607240950856,-0.00791815688165377));
#7212=CARTESIAN_POINT('',(0.0123334696405037,-0.0071208156395553,-0.00808482354832044));
#7213=CARTESIAN_POINT('',(0.010425452840434,-0.010425558869602,-0.0082514902149871));
#7214=CARTESIAN_POINT('',(0.0071206902057027,-0.0123335420597723,-0.00841815688165378));
#7215=CARTESIAN_POINT('',(0.00381592757097144,-0.0142415252499425,-0.00858482354832044));
#7216=CARTESIAN_POINT('',(-7.24192685757672E-8,-0.014241505845258,-0.0087514902149871));
#7217=CARTESIAN_POINT('',(-0.00381607240950856,-0.0142414864405735,-0.00891815688165377));
#7218=CARTESIAN_POINT('',(-0.0071208156395553,-0.0123334696405037,-0.00908482354832045));
#7219=CARTESIAN_POINT('',(-0.010425558869602,-0.010425452840434,-0.0092514902149871));
#7220=CARTESIAN_POINT('',(-0.0123335420597723,-0.0071206902057027,-0.00941815688165379));
#7221=CARTESIAN_POINT('',(-0.0142415252499425,-0.00381592757097144,-0.00958482354832043));
#7222=CARTESIAN_POINT('',(-0.014241505845258,7.24192685748952E-8,-0.00975149021498711));
#7223=CARTESIAN_POINT('',(-0.0142414864405735,0.00381607240950856,-0.00991815688165376));
#7224=CARTESIAN_POINT('',(-0.0123334696405037,0.0071208156395553,-0.0100848235483204));
#7225=CARTESIAN_POINT('',(-0.010425452840434,0.010425558869602,-0.0102514902149871));
#7226=CARTESIAN_POINT('',(-0.0071206902057027,0.0123335420597723,-0.0104181568816538));
#7227=CARTESIAN_POINT('',(-0.00381592757097144,0.0142415252499425,-0.0105848235483204));
#7228=CARTESIAN_POINT('',(7.24192685775113E-8,0.014241505845258,-0.0107514902149871));
#7229=CARTESIAN_POINT('',(0.00381607240950856,0.0142414864405735,-0.0109181568816538));
#7230=CARTESIAN_POINT('',(0.0071208156395553,0.0123334696405037,-0.0110848235483204));
#7231=CARTESIAN_POINT('',(0.010425558869602,0.010425452840434,-0.0112514902149871));
#7232=CARTESIAN_POINT('',(0.0123335420597723,0.00712069020570268,-0.0114181568816538));
#7233=CARTESIAN_POINT('',(0.0142415252499425,0.00381592757097143,-0.0115848235483204));
#7234=CARTESIAN_POINT('',(0.014241505845258,-7.24192685639903E-8,-0.0117514902149871));
#7235=CARTESIAN_POINT('',(0.0142414864405735,-0.00381607240950856,-0.0119181568816538));
#7236=CARTESIAN_POINT('',(0.0123334696405037,-0.0071208156395553,-0.0120848235483204));
#7237=CARTESIAN_POINT('',(0.010425452840434,-0.010425558869602,-0.0122514902149871));
#7238=CARTESIAN_POINT('',(0.0071206902057027,-0.0123335420597723,-0.0124181568816538));
#7239=CARTESIAN_POINT('',(0.00381592757097144,-0.0142415252499425,-0.0125848235483204));
#7240=CARTESIAN_POINT('',(-7.24192685757672E-8,-0.014241505845258,-0.0127514902149871));
#7241=CARTESIAN_POINT('',(-0.00381607240950856,-0.0142414864405735,-0.0129181568816538));
#7242=CARTESIAN_POINT('',(-0.0071208156395553,-0.0123334696405037,-0.0130848235483205));
#7243=CARTESIAN_POINT('',(-0.010425558869602,-0.010425452840434,-0.0132514902149871));
#7244=CARTESIAN_POINT('',(-0.0123335420597723,-0.0071206902057027,-0.0134181568816538));
#7245=CARTESIAN_POINT('',(-0.0142415252499425,-0.00381592757097144,-0.0135848235483204));
#7246=CARTESIAN_POINT('',(-0.014241505845258,7.24192685748952E-8,-0.0137514902149871));
#7247=CARTESIAN_POINT('',(-0.0142414864405735,0.00381607240950856,-0.0139181568816538));
#7248=CARTESIAN_POINT('',(-0.0123334696405037,0.0071208156395553,-0.0140848235483204));
#7249=CARTESIAN_POINT('',(-0.010425452840434,0.010425558869602,-0.0142514902149871));
#7250=CARTESIAN_POINT('',(-0.0071206902057027,0.0123335420597723,-0.0144181568816538));
#7251=CARTESIAN_POINT('',(-0.00381592757097144,0.0142415252499425,-0.0145848235483204));
#7252=CARTESIAN_POINT('',(7.24192685775113E-8,0.014241505845258,-0.0147514902149871));
#7253=CARTESIAN_POINT('',(0.00381607240950856,0.0142414864405735,-0.0149181568816538));
#7254=CARTESIAN_POINT('',(0.0071208156395553,0.0123334696405037,-0.0150848235483204));
#7255=CARTESIAN_POINT('',(0.010425558869602,0.010425452840434,-0.0152514902149871));
#7256=CARTESIAN_POINT('',(0.0123335420597723,0.00712069020570268,-0.0154181568816538));
#7257=CARTESIAN_POINT('',(0.0142415252499425,0.00381592757097143,-0.0155848235483204));
#7258=CARTESIAN_POINT('',(0.014241505845258,-7.24192685639903E-8,-0.0157514902149871));
#7259=CARTESIAN_POINT('',(0.0142414864405735,-0.00381607240950856,-0.0159181568816538));
#7260=CARTESIAN_POINT('',(0.0123334696405037,-0.0071208156395553,-0.0160848235483204));
#7261=CARTESIAN_POINT('',(0.010425452840434,-0.010425558869602,-0.0162514902149871));
#7262=CARTESIAN_POINT('',(0.0071206902057027,-0.0123335420597723,-0.0164181568816538));
#7263=CARTESIAN_POINT('',(0.00381592757097144,-0.0142415252499425,-0.0165848235483204));
#7264=CARTESIAN_POINT('',(-7.24192685757672E-8,-0.014241505845258,-0.0167514902149871));
#7265=CARTESIAN_POINT('',(-0.00381607240950856,-0.0142414864405735,-0.0169181568816538));
#7266=CARTESIAN_POINT('',(-0.0071208156395553,-0.0123334696405037,-0.0170848235483204));
#7267=CARTESIAN_POINT('',(-0.010425558869602,-0.010425452840434,-0.0172514902149871));
#7268=CARTESIAN_POINT('',(-0.0123335420597723,-0.0071206902057027,-0.0174181568816538));
#7269=CARTESIAN_POINT('',(-0.0142415252499425,-0.00381592757097144,-0.0175848235483204));
#7270=CARTESIAN_POINT('',(-0.014241505845258,7.24192685748952E-8,-0.0177514902149871));
#7271=CARTESIAN_POINT('',(-0.0142414864405735,0.00381607240950856,-0.0179181568816538));
#7272=CARTESIAN_POINT('',(-0.0123334696405037,0.0071208156395553,-0.0180848235483204));
#7273=CARTESIAN_POINT('',(-0.010425452840434,0.010425558869602,-0.0182514902149871));
#7274=CARTESIAN_POINT('',(-0.0071206902057027,0.0123335420597723,-0.0184181568816538));
#7275=CARTESIAN_POINT('',(-0.00415417614430109,0.0140462396384346,-0.0185677649064594));
#7276=CARTESIAN_POINT('',(-0.000733294602336518,0.0142226146601793,-0.0187192387385527));
#7277=CARTESIAN_POINT('',(0.0142415058220229,8.16731257121129E-7,-0.00249124768066457));
#7278=CARTESIAN_POINT('',(0.0142415058475187,3.72155994641234E-7,-0.00249126709814801));
#7279=CARTESIAN_POINT('',(0.014241505845258,-7.24192685639903E-8,-0.00249128651530666));
#7280=CARTESIAN_POINT('',(0.0142414864405735,-0.00381607240950856,-0.00265795318197332));
#7281=CARTESIAN_POINT('',(0.0123334696405037,-0.00712081563955531,-0.00282461984863999));
#7282=CARTESIAN_POINT('',(0.010425452840434,-0.010425558869602,-0.00299128651530665));
#7283=CARTESIAN_POINT('',(0.0071206902057027,-0.0123335420597723,-0.00315795318197333));
#7284=CARTESIAN_POINT('',(0.00381592757097144,-0.0142415252499425,-0.00332461984863999));
#7285=CARTESIAN_POINT('',(-7.24192685757672E-8,-0.014241505845258,-0.00349128651530666));
#7286=CARTESIAN_POINT('',(-0.00381607240950856,-0.0142414864405735,-0.00365795318197332));
#7287=CARTESIAN_POINT('',(-0.0071208156395553,-0.0123334696405037,-0.00382461984863999));
#7288=CARTESIAN_POINT('',(-0.010425558869602,-0.010425452840434,-0.00399128651530666));
#7289=CARTESIAN_POINT('',(-0.0123335420597723,-0.0071206902057027,-0.00415795318197332));
#7290=CARTESIAN_POINT('',(-0.0142415252499425,-0.00381592757097144,-0.00432461984863999));
#7291=CARTESIAN_POINT('',(-0.014241505845258,7.24192685748952E-8,-0.00449128651530666));
#7292=CARTESIAN_POINT('',(-0.0142414864405735,0.00381607240950856,-0.00465795318197332));
#7293=CARTESIAN_POINT('',(-0.0123334696405037,0.0071208156395553,-0.00482461984863999));
#7294=CARTESIAN_POINT('',(-0.010425452840434,0.010425558869602,-0.00499128651530665));
#7295=CARTESIAN_POINT('',(-0.0071206902057027,0.0123335420597723,-0.00515795318197332));
#7296=CARTESIAN_POINT('',(-0.00381592757097144,0.0142415252499425,-0.00532461984863999));
#7297=CARTESIAN_POINT('',(7.24192685775114E-8,0.014241505845258,-0.00549128651530665));
#7298=CARTESIAN_POINT('',(0.00381607240950856,0.0142414864405735,-0.00565795318197332));
#7299=CARTESIAN_POINT('',(0.00712081563955531,0.0123334696405037,-0.00582461984864));
#7300=CARTESIAN_POINT('',(0.010425558869602,0.010425452840434,-0.00599128651530665));
#7301=CARTESIAN_POINT('',(0.0123335420597723,0.0071206902057027,-0.00615795318197333));
#7302=CARTESIAN_POINT('',(0.0142415252499425,0.00381592757097143,-0.00632461984863999));
#7303=CARTESIAN_POINT('',(0.014241505845258,-7.24192685639903E-8,-0.00649128651530666));
#7304=CARTESIAN_POINT('',(0.0142414864405735,-0.00381607240950856,-0.00665795318197332));
#7305=CARTESIAN_POINT('',(0.0123334696405037,-0.00712081563955531,-0.00682461984864));
#7306=CARTESIAN_POINT('',(0.010425452840434,-0.010425558869602,-0.00699128651530665));
#7307=CARTESIAN_POINT('',(0.0071206902057027,-0.0123335420597723,-0.00715795318197333));
#7308=CARTESIAN_POINT('',(0.00381592757097144,-0.0142415252499425,-0.00732461984863999));
#7309=CARTESIAN_POINT('',(-7.24192685757672E-8,-0.014241505845258,-0.00749128651530666));
#7310=CARTESIAN_POINT('',(-0.00381607240950856,-0.0142414864405735,-0.00765795318197332));
#7311=CARTESIAN_POINT('',(-0.0071208156395553,-0.0123334696405037,-0.00782461984863999));
#7312=CARTESIAN_POINT('',(-0.010425558869602,-0.010425452840434,-0.00799128651530665));
#7313=CARTESIAN_POINT('',(-0.0123335420597723,-0.0071206902057027,-0.00815795318197333));
#7314=CARTESIAN_POINT('',(-0.0142415252499425,-0.00381592757097144,-0.00832461984863999));
#7315=CARTESIAN_POINT('',(-0.014241505845258,7.24192685748952E-8,-0.00849128651530666));
#7316=CARTESIAN_POINT('',(-0.0142414864405735,0.00381607240950856,-0.00865795318197332));
#7317=CARTESIAN_POINT('',(-0.0123334696405037,0.0071208156395553,-0.00882461984863999));
#7318=CARTESIAN_POINT('',(-0.010425452840434,0.010425558869602,-0.00899128651530665));
#7319=CARTESIAN_POINT('',(-0.0071206902057027,0.0123335420597723,-0.00915795318197333));
#7320=CARTESIAN_POINT('',(-0.00381592757097144,0.0142415252499425,-0.00932461984863998));
#7321=CARTESIAN_POINT('',(7.24192685775114E-8,0.014241505845258,-0.00949128651530665));
#7322=CARTESIAN_POINT('',(0.00381607240950856,0.0142414864405735,-0.00965795318197333));
#7323=CARTESIAN_POINT('',(0.00712081563955531,0.0123334696405037,-0.00982461984863999));
#7324=CARTESIAN_POINT('',(0.010425558869602,0.010425452840434,-0.00999128651530666));
#7325=CARTESIAN_POINT('',(0.0123335420597723,0.0071206902057027,-0.0101579531819733));
#7326=CARTESIAN_POINT('',(0.0142415252499425,0.00381592757097143,-0.01032461984864));
#7327=CARTESIAN_POINT('',(0.014241505845258,-7.24192685639903E-8,-0.0104912865153067));
#7328=CARTESIAN_POINT('',(0.0142414864405735,-0.00381607240950856,-0.0106579531819733));
#7329=CARTESIAN_POINT('',(0.0123334696405037,-0.00712081563955531,-0.01082461984864));
#7330=CARTESIAN_POINT('',(0.010425452840434,-0.010425558869602,-0.0109912865153067));
#7331=CARTESIAN_POINT('',(0.0071206902057027,-0.0123335420597723,-0.0111579531819733));
#7332=CARTESIAN_POINT('',(0.00381592757097144,-0.0142415252499425,-0.01132461984864));
#7333=CARTESIAN_POINT('',(-7.24192685757672E-8,-0.014241505845258,-0.0114912865153067));
#7334=CARTESIAN_POINT('',(-0.00381607240950856,-0.0142414864405735,-0.0116579531819733));
#7335=CARTESIAN_POINT('',(-0.0071208156395553,-0.0123334696405037,-0.01182461984864));
#7336=CARTESIAN_POINT('',(-0.010425558869602,-0.010425452840434,-0.0119912865153067));
#7337=CARTESIAN_POINT('',(-0.0123335420597723,-0.0071206902057027,-0.0121579531819733));
#7338=CARTESIAN_POINT('',(-0.0142415252499425,-0.00381592757097144,-0.01232461984864));
#7339=CARTESIAN_POINT('',(-0.014241505845258,7.24192685748952E-8,-0.0124912865153067));
#7340=CARTESIAN_POINT('',(-0.0142414864405735,0.00381607240950856,-0.0126579531819733));
#7341=CARTESIAN_POINT('',(-0.0123334696405037,0.0071208156395553,-0.01282461984864));
#7342=CARTESIAN_POINT('',(-0.010425452840434,0.010425558869602,-0.0129912865153067));
#7343=CARTESIAN_POINT('',(-0.0071206902057027,0.0123335420597723,-0.0131579531819733));
#7344=CARTESIAN_POINT('',(-0.00381592757097144,0.0142415252499425,-0.01332461984864));
#7345=CARTESIAN_POINT('',(7.24192685775114E-8,0.014241505845258,-0.0134912865153067));
#7346=CARTESIAN_POINT('',(0.00381607240950856,0.0142414864405735,-0.0136579531819733));
#7347=CARTESIAN_POINT('',(0.00712081563955531,0.0123334696405037,-0.01382461984864));
#7348=CARTESIAN_POINT('',(0.010425558869602,0.010425452840434,-0.0139912865153067));
#7349=CARTESIAN_POINT('',(0.0123335420597723,0.0071206902057027,-0.0141579531819733));
#7350=CARTESIAN_POINT('',(0.0142415252499425,0.00381592757097143,-0.01432461984864));
#7351=CARTESIAN_POINT('',(0.014241505845258,-7.24192685639903E-8,-0.0144912865153067));
#7352=CARTESIAN_POINT('',(0.0142414864405735,-0.00381607240950856,-0.0146579531819733));
#7353=CARTESIAN_POINT('',(0.0123334696405037,-0.00712081563955531,-0.01482461984864));
#7354=CARTESIAN_POINT('',(0.010425452840434,-0.010425558869602,-0.0149912865153067));
#7355=CARTESIAN_POINT('',(0.0071206902057027,-0.0123335420597723,-0.0151579531819733));
#7356=CARTESIAN_POINT('',(0.00381592757097144,-0.0142415252499425,-0.01532461984864));
#7357=CARTESIAN_POINT('',(-7.24192685757672E-8,-0.014241505845258,-0.0154912865153067));
#7358=CARTESIAN_POINT('',(-0.00381607240950856,-0.0142414864405735,-0.0156579531819733));
#7359=CARTESIAN_POINT('',(-0.0071208156395553,-0.0123334696405037,-0.01582461984864));
#7360=CARTESIAN_POINT('',(-0.010425558869602,-0.010425452840434,-0.0159912865153067));
#7361=CARTESIAN_POINT('',(-0.0123335420597723,-0.0071206902057027,-0.0161579531819733));
#7362=CARTESIAN_POINT('',(-0.0142415252499425,-0.00381592757097144,-0.01632461984864));
#7363=CARTESIAN_POINT('',(-0.014241505845258,7.24192685748952E-8,-0.0164912865153067));
#7364=CARTESIAN_POINT('',(-0.0142414864405735,0.00381607240950856,-0.0166579531819733));
#7365=CARTESIAN_POINT('',(-0.0123334696405037,0.0071208156395553,-0.01682461984864));
#7366=CARTESIAN_POINT('',(-0.010425452840434,0.010425558869602,-0.0169912865153066));
#7367=CARTESIAN_POINT('',(-0.0071206902057027,0.0123335420597723,-0.0171579531819733));
#7368=CARTESIAN_POINT('',(-0.00415417614430109,0.0140462396384346,-0.0173075612067789));
#7369=CARTESIAN_POINT('',(-0.000733294602336518,0.0142226146601793,-0.0174590350388722));
#7370=CARTESIAN_POINT('',(0.0154587691199276,8.86539674571461E-7,-0.00216508296247863));
#7371=CARTESIAN_POINT('',(0.0154587691476025,4.03965259688996E-7,-0.00216510237996207));
#7372=CARTESIAN_POINT('',(0.0154587691451487,-7.86091559807919E-8,-0.00216512179712071));
#7373=CARTESIAN_POINT('',(0.0154587480818888,-0.00414224331757772,-0.00233178846378738));
#7374=CARTESIAN_POINT('',(0.0133876474863598,-0.00772945265010037,-0.00249845513045404));
#7375=CARTESIAN_POINT('',(0.0113165468908308,-0.011316661982623,-0.00266512179712071));
#7376=CARTESIAN_POINT('',(0.00772931649504828,-0.0133877260955158,-0.00283178846378737));
#7377=CARTESIAN_POINT('',(0.00414208609926576,-0.0154587902084085,-0.00299845513045404));
#7378=CARTESIAN_POINT('',(-7.86091559935755E-8,-0.0154587691451487,-0.00316512179712071));
#7379=CARTESIAN_POINT('',(-0.00414224331757772,-0.0154587480818888,-0.00333178846378738));
#7380=CARTESIAN_POINT('',(-0.00772945265010037,-0.0133876474863598,-0.00349845513045404));
#7381=CARTESIAN_POINT('',(-0.011316661982623,-0.0113165468908308,-0.00366512179712071));
#7382=CARTESIAN_POINT('',(-0.0133877260955158,-0.00772931649504828,-0.00383178846378737));
#7383=CARTESIAN_POINT('',(-0.0154587902084085,-0.00414208609926576,-0.00399845513045404));
#7384=CARTESIAN_POINT('',(-0.0154587691451487,7.86091559926289E-8,-0.00416512179712071));
#7385=CARTESIAN_POINT('',(-0.0154587480818888,0.00414224331757772,-0.00433178846378738));
#7386=CARTESIAN_POINT('',(-0.0133876474863598,0.00772945265010037,-0.00449845513045404));
#7387=CARTESIAN_POINT('',(-0.0113165468908308,0.011316661982623,-0.00466512179712071));
#7388=CARTESIAN_POINT('',(-0.00772931649504828,0.0133877260955158,-0.00483178846378738));
#7389=CARTESIAN_POINT('',(-0.00414208609926577,0.0154587902084085,-0.00499845513045404));
#7390=CARTESIAN_POINT('',(7.86091559954687E-8,0.0154587691451487,-0.00516512179712071));
#7391=CARTESIAN_POINT('',(0.00414224331757772,0.0154587480818888,-0.00533178846378738));
#7392=CARTESIAN_POINT('',(0.00772945265010037,0.0133876474863598,-0.00549845513045404));
#7393=CARTESIAN_POINT('',(0.011316661982623,0.0113165468908308,-0.00566512179712071));
#7394=CARTESIAN_POINT('',(0.0133877260955158,0.00772931649504826,-0.00583178846378738));
#7395=CARTESIAN_POINT('',(0.0154587902084085,0.00414208609926575,-0.00599845513045404));
#7396=CARTESIAN_POINT('',(0.0154587691451487,-7.86091559807919E-8,-0.00616512179712071));
#7397=CARTESIAN_POINT('',(0.0154587480818888,-0.00414224331757772,-0.00633178846378738));
#7398=CARTESIAN_POINT('',(0.0133876474863598,-0.00772945265010037,-0.00649845513045404));
#7399=CARTESIAN_POINT('',(0.0113165468908308,-0.011316661982623,-0.00666512179712071));
#7400=CARTESIAN_POINT('',(0.00772931649504828,-0.0133877260955158,-0.00683178846378738));
#7401=CARTESIAN_POINT('',(0.00414208609926576,-0.0154587902084085,-0.00699845513045404));
#7402=CARTESIAN_POINT('',(-7.86091559935755E-8,-0.0154587691451487,-0.00716512179712071));
#7403=CARTESIAN_POINT('',(-0.00414224331757772,-0.0154587480818888,-0.00733178846378738));
#7404=CARTESIAN_POINT('',(-0.00772945265010037,-0.0133876474863598,-0.00749845513045404));
#7405=CARTESIAN_POINT('',(-0.011316661982623,-0.0113165468908308,-0.00766512179712071));
#7406=CARTESIAN_POINT('',(-0.0133877260955158,-0.00772931649504828,-0.00783178846378738));
#7407=CARTESIAN_POINT('',(-0.0154587902084085,-0.00414208609926576,-0.00799845513045405));
#7408=CARTESIAN_POINT('',(-0.0154587691451487,7.86091559926289E-8,-0.00816512179712071));
#7409=CARTESIAN_POINT('',(-0.0154587480818888,0.00414224331757772,-0.00833178846378738));
#7410=CARTESIAN_POINT('',(-0.0133876474863598,0.00772945265010037,-0.00849845513045404));
#7411=CARTESIAN_POINT('',(-0.0113165468908308,0.011316661982623,-0.00866512179712071));
#7412=CARTESIAN_POINT('',(-0.00772931649504828,0.0133877260955158,-0.00883178846378737));
#7413=CARTESIAN_POINT('',(-0.00414208609926577,0.0154587902084085,-0.00899845513045405));
#7414=CARTESIAN_POINT('',(7.86091559954687E-8,0.0154587691451487,-0.00916512179712071));
#7415=CARTESIAN_POINT('',(0.00414224331757772,0.0154587480818888,-0.00933178846378737));
#7416=CARTESIAN_POINT('',(0.00772945265010037,0.0133876474863598,-0.00949845513045404));
#7417=CARTESIAN_POINT('',(0.011316661982623,0.0113165468908308,-0.0096651217971207));
#7418=CARTESIAN_POINT('',(0.0133877260955158,0.00772931649504826,-0.00983178846378737));
#7419=CARTESIAN_POINT('',(0.0154587902084085,0.00414208609926575,-0.00999845513045405));
#7420=CARTESIAN_POINT('',(0.0154587691451487,-7.86091559807919E-8,-0.0101651217971207));
#7421=CARTESIAN_POINT('',(0.0154587480818888,-0.00414224331757772,-0.0103317884637874));
#7422=CARTESIAN_POINT('',(0.0133876474863598,-0.00772945265010037,-0.010498455130454));
#7423=CARTESIAN_POINT('',(0.0113165468908308,-0.011316661982623,-0.0106651217971207));
#7424=CARTESIAN_POINT('',(0.00772931649504828,-0.0133877260955158,-0.0108317884637874));
#7425=CARTESIAN_POINT('',(0.00414208609926576,-0.0154587902084085,-0.010998455130454));
#7426=CARTESIAN_POINT('',(-7.86091559935755E-8,-0.0154587691451487,-0.0111651217971207));
#7427=CARTESIAN_POINT('',(-0.00414224331757772,-0.0154587480818888,-0.0113317884637874));
#7428=CARTESIAN_POINT('',(-0.00772945265010037,-0.0133876474863598,-0.011498455130454));
#7429=CARTESIAN_POINT('',(-0.011316661982623,-0.0113165468908308,-0.0116651217971207));
#7430=CARTESIAN_POINT('',(-0.0133877260955158,-0.00772931649504828,-0.0118317884637874));
#7431=CARTESIAN_POINT('',(-0.0154587902084085,-0.00414208609926576,-0.011998455130454));
#7432=CARTESIAN_POINT('',(-0.0154587691451487,7.86091559926289E-8,-0.0121651217971207));
#7433=CARTESIAN_POINT('',(-0.0154587480818888,0.00414224331757772,-0.0123317884637874));
#7434=CARTESIAN_POINT('',(-0.0133876474863598,0.00772945265010037,-0.012498455130454));
#7435=CARTESIAN_POINT('',(-0.0113165468908308,0.011316661982623,-0.0126651217971207));
#7436=CARTESIAN_POINT('',(-0.00772931649504828,0.0133877260955158,-0.0128317884637874));
#7437=CARTESIAN_POINT('',(-0.00414208609926577,0.0154587902084085,-0.012998455130454));
#7438=CARTESIAN_POINT('',(7.86091559954687E-8,0.0154587691451487,-0.0131651217971207));
#7439=CARTESIAN_POINT('',(0.00414224331757772,0.0154587480818888,-0.0133317884637874));
#7440=CARTESIAN_POINT('',(0.00772945265010037,0.0133876474863598,-0.013498455130454));
#7441=CARTESIAN_POINT('',(0.011316661982623,0.0113165468908308,-0.0136651217971207));
#7442=CARTESIAN_POINT('',(0.0133877260955158,0.00772931649504826,-0.0138317884637874));
#7443=CARTESIAN_POINT('',(0.0154587902084085,0.00414208609926575,-0.013998455130454));
#7444=CARTESIAN_POINT('',(0.0154587691451487,-7.86091559807919E-8,-0.0141651217971207));
#7445=CARTESIAN_POINT('',(0.0154587480818888,-0.00414224331757772,-0.0143317884637874));
#7446=CARTESIAN_POINT('',(0.0133876474863598,-0.00772945265010037,-0.014498455130454));
#7447=CARTESIAN_POINT('',(0.0113165468908308,-0.011316661982623,-0.0146651217971207));
#7448=CARTESIAN_POINT('',(0.00772931649504828,-0.0133877260955158,-0.0148317884637874));
#7449=CARTESIAN_POINT('',(0.00414208609926576,-0.0154587902084085,-0.014998455130454));
#7450=CARTESIAN_POINT('',(-7.86091559935755E-8,-0.0154587691451487,-0.0151651217971207));
#7451=CARTESIAN_POINT('',(-0.00414224331757772,-0.0154587480818888,-0.0153317884637874));
#7452=CARTESIAN_POINT('',(-0.00772945265010037,-0.0133876474863598,-0.015498455130454));
#7453=CARTESIAN_POINT('',(-0.011316661982623,-0.0113165468908308,-0.0156651217971207));
#7454=CARTESIAN_POINT('',(-0.0133877260955158,-0.00772931649504828,-0.0158317884637873));
#7455=CARTESIAN_POINT('',(-0.0154587902084085,-0.00414208609926576,-0.015998455130454));
#7456=CARTESIAN_POINT('',(-0.0154587691451487,7.86091559926289E-8,-0.0161651217971207));
#7457=CARTESIAN_POINT('',(-0.0154587480818888,0.00414224331757772,-0.0163317884637874));
#7458=CARTESIAN_POINT('',(-0.0133876474863598,0.00772945265010037,-0.016498455130454));
#7459=CARTESIAN_POINT('',(-0.0113165468908308,0.011316661982623,-0.0166651217971207));
#7460=CARTESIAN_POINT('',(-0.00772931649504828,0.0133877260955158,-0.0168317884637873));
#7461=CARTESIAN_POINT('',(-0.00450924577083379,0.01524681296257,-0.016981396488593));
#7462=CARTESIAN_POINT('',(-0.000795971444036468,0.0154382632750403,-0.0171328703206863));
#7463=CARTESIAN_POINT('',(0.0146987301802916,-0.000926876249962927,-0.00316083509781308));
#7464=CARTESIAN_POINT('',(0.0146982418165823,-0.00093470187797004,-0.0029655982466021));
#7465=CARTESIAN_POINT('',(0.0147778629768034,-0.000949195764267762,-0.00273534534795067));
#7466=CARTESIAN_POINT('',(0.0149068482692981,-0.000963710103090126,-0.00254879670784672));
#7467=CARTESIAN_POINT('',(0.0149532914025232,-0.00096849911668453,-0.00249139286644488));
#7468=CARTESIAN_POINT('',(0.0150935827526972,-0.000982941897227516,-0.00236176596712056));
#7469=CARTESIAN_POINT('',(0.0152449398741422,-0.000996882067515299,-0.00226791939489174));
#7470=CARTESIAN_POINT('',(0.015373359350343,-0.00100720842511186,-0.0022203803597853));
#7471=CARTESIAN_POINT('',(0.0154256705600947,-0.00101107501685765,-0.00220616262122682));
#7472=CARTESIAN_POINT('',(0.0146980003729861,-0.000926831195918043,-0.00316083511745695));
#7473=CARTESIAN_POINT('',(0.0154304962874337,-0.000934542258913805,-0.0041155544239974));
#7474=CARTESIAN_POINT('',(0.0153862830354022,-0.000932240697318674,-0.00410355439757529));
#7475=CARTESIAN_POINT('',(0.0152896003827202,-0.000926431602710592,-0.00407459358867171));
#7476=CARTESIAN_POINT('',(0.0151336707668256,-0.000921517828461031,-0.00398183918519826));
#7477=CARTESIAN_POINT('',(0.0150454656616503,-0.000919366707168049,-0.00391453736086974));
#7478=CARTESIAN_POINT('',(0.0149615023285293,-0.000917682987202218,-0.0038325526965032));
#7479=CARTESIAN_POINT('',(0.0149447023125868,-0.000917283415075224,-0.00381240155771499));
#7480=CARTESIAN_POINT('',(0.0148876560090808,-0.000916058258670773,-0.00374427205547567));
#7481=CARTESIAN_POINT('',(0.0147849900774356,-0.000914777334279435,-0.00359124420194254));
#7482=CARTESIAN_POINT('',(0.0146992192069956,-0.000919039998924685,-0.00335633447992668));
#7483=CARTESIAN_POINT('',(0.0146987301802925,-0.000926876249949119,-0.00316083509781206));
#7484=CARTESIAN_POINT('',(0.0149790550572843,8.5902871650722E-7,-0.00378353158821015));
#7485=CARTESIAN_POINT('',(0.0160749999735657,9.21879687492737E-7,-0.00303847267234685));
#7486=CARTESIAN_POINT('',(0.02045,0.,0.));
#7487=CARTESIAN_POINT('',(0.,0.,0.));
#7488=CARTESIAN_POINT('',(0.,-0.02045,0.));
#7489=CARTESIAN_POINT('',(0.,0.,0.));
#7490=CARTESIAN_POINT('',(0.,0.,0.));
#7491=CARTESIAN_POINT('',(0.,0.,0.));
#7492=CARTESIAN_POINT('',(0.,0.,0.));
#7493=CARTESIAN_POINT('',(0.,0.,0.));
#7494=CARTESIAN_POINT('',(0.,0.,0.));
#7495=CARTESIAN_POINT('',(0.,0.,0.));
#7496=CARTESIAN_POINT('',(0.,0.,0.));
#7497=CARTESIAN_POINT('',(0.,0.,0.));
#7498=CARTESIAN_POINT('',(0.0191,0.,-0.006));
#7499=CARTESIAN_POINT('',(0.,0.,-0.006));
#7500=CARTESIAN_POINT('',(0.,-0.02045,-0.006));
#7501=CARTESIAN_POINT('',(-3.67394039744206E-19,-0.0202,-0.006));
#7502=CARTESIAN_POINT('',(0.0142835569799682,0.0142835569799683,-0.006));
#7503=CARTESIAN_POINT('',(0.0123978278785467,0.0145159913923345,-0.006));
#7504=CARTESIAN_POINT('',(0.0118732620963079,0.016342143286374,-0.006));
#7505=CARTESIAN_POINT('',(0.00997438869635745,0.0162767230222295,-0.006));
#7506=CARTESIAN_POINT('',(0.00917060809473874,0.0179983317886051,-0.006));
#7507=CARTESIAN_POINT('',(0.00730534696136571,0.0176366677119705,-0.006));
#7508=CARTESIAN_POINT('',(0.00624214328637381,0.0192113416291621,-0.006));
#7509=CARTESIAN_POINT('',(0.00445642333912861,0.0185623391098985,-0.006));
#7510=CARTESIAN_POINT('',(0.00315997619381254,0.0199513044800218,-0.006));
#7511=CARTESIAN_POINT('',(0.00149776778426111,0.0190309441140692,-0.006));
#7512=CARTESIAN_POINT('',(3.67394039744206E-19,0.0202,-0.006));
#7513=CARTESIAN_POINT('',(-0.00149776778426125,0.0190309441140693,-0.006));
#7514=CARTESIAN_POINT('',(-0.00315997619381281,0.0199513044800218,-0.006));
#7515=CARTESIAN_POINT('',(-0.00445642333912887,0.0185623391098984,-0.006));
#7516=CARTESIAN_POINT('',(-0.00624214328637409,0.019211341629162,-0.006));
#7517=CARTESIAN_POINT('',(-0.00730534696136596,0.0176366677119704,-0.006));
#7518=CARTESIAN_POINT('',(-0.009170608094739,0.017998331788605,-0.006));
#7519=CARTESIAN_POINT('',(-0.00997438869635769,0.0162767230222293,-0.006));
#7520=CARTESIAN_POINT('',(-0.0118732620963081,0.0163421432863738,-0.006));
#7521=CARTESIAN_POINT('',(-0.0123978278785469,0.0145159913923343,-0.006));
#7522=CARTESIAN_POINT('',(-0.0142835569799684,0.0142835569799681,-0.006));
#7523=CARTESIAN_POINT('',(0.013225,0.,-0.0196));
#7524=CARTESIAN_POINT('',(0.0055,1.22464679914735E-19,-0.0196));
#7525=CARTESIAN_POINT('',(0.0055,-0.002,-0.0196));
#7526=CARTESIAN_POINT('',(-0.0055,-5.51091059616309E-19,-0.0196));
#7527=CARTESIAN_POINT('',(-0.0055,-0.002,-0.0196));
#7528=CARTESIAN_POINT('',(0.,0.,-0.0196));
#7529=CARTESIAN_POINT('',(0.,-0.013225,-0.0196));
#7530=CARTESIAN_POINT('',(-3.67394039744206E-19,-0.0202,-0.0218));
#7531=CARTESIAN_POINT('',(0.00149776778426063,-0.0190309441140686,-0.0200018155237583));
#7532=CARTESIAN_POINT('',(0.0014672598124741,-0.0189918579952141,-0.0204095953612817));
#7533=CARTESIAN_POINT('',(0.00122086597003656,-0.0186264101504731,-0.0211797916624624));
#7534=CARTESIAN_POINT('',(1.43168125763186E-6,-0.0181373570756177,-0.0215093588710876));
#7535=CARTESIAN_POINT('',(-0.00121841974719065,-0.018624164476753,-0.0211827704277818));
#7536=CARTESIAN_POINT('',(-0.00146724290549025,-0.0189918363343711,-0.0204098213457071));
#7537=CARTESIAN_POINT('',(-0.00149776778425999,-0.0190309441140675,-0.0200018155237701));
#7538=CARTESIAN_POINT('',(0.002,0.,-0.0218));
#7539=CARTESIAN_POINT('',(0.0055,1.22464679914735E-19,-0.0218));
#7540=CARTESIAN_POINT('',(0.0055,0.002,-0.0218));
#7541=CARTESIAN_POINT('',(-0.0055,-5.51091059616309E-19,-0.0218));
#7542=CARTESIAN_POINT('',(-0.0055,0.002,-0.0218));
#7543=CARTESIAN_POINT('',(0.,0.,-0.0218));
#7544=CARTESIAN_POINT('',(0.,-0.0171,-0.0218));
#7545=CARTESIAN_POINT('',(0.,0.,-0.0218));
#7546=CARTESIAN_POINT('',(0.,-0.002,-0.0218));
#7547=CARTESIAN_POINT('',(0.,0.,-0.0198));
#7548=CARTESIAN_POINT('',(-0.0145159913923326,0.0123978278785464,-0.0200018155237667));
#7549=CARTESIAN_POINT('',(-0.014466780698338,0.0123917621829319,-0.0204095973547592));
#7550=CARTESIAN_POINT('',(-0.0140316277359768,0.0123078497261628,-0.0211819617862328));
#7551=CARTESIAN_POINT('',(-0.012825674780216,0.012824774827611,-0.0215089989441117));
#7552=CARTESIAN_POINT('',(-0.0123076170806418,0.0140317564997218,-0.0211820422469244));
#7553=CARTESIAN_POINT('',(-0.0123917613970092,0.0144667743221832,-0.0204096501903969));
#7554=CARTESIAN_POINT('',(-0.0123978278785464,0.0145159913923305,-0.0200018155237822));
#7555=CARTESIAN_POINT('',(-0.012397827878545,0.0145159913923338,-0.0200018155237825));
#7556=CARTESIAN_POINT('',(-0.0123978278785432,0.0145159913923332,-0.0200018155237822));
#7557=CARTESIAN_POINT('',(-0.0123501740065915,0.01450230272235,-0.0204095796174543));
#7558=CARTESIAN_POINT('',(-0.0119343023764401,0.0143514791711354,-0.0211811822104396));
#7559=CARTESIAN_POINT('',(-0.01066211933246,0.0146727202787235,-0.0215091322273886));
#7560=CARTESIAN_POINT('',(-0.00996101374419997,0.0157840948303389,-0.0211822875086995));
#7561=CARTESIAN_POINT('',(-0.00997609660383049,0.0162271496964118,-0.0204097587540929));
#7562=CARTESIAN_POINT('',(-0.00997438869635781,0.0162767230222258,-0.0200018155237801));
#7563=CARTESIAN_POINT('',(-0.00997438869635608,0.0162767230222286,-0.0200018155237803));
#7564=CARTESIAN_POINT('',(-0.00997438869635447,0.0162767230222278,-0.0200018155237801));
#7565=CARTESIAN_POINT('',(-0.0099294404269409,0.0162557376812279,-0.0204097836136088));
#7566=CARTESIAN_POINT('',(-0.00954318263425683,0.0160418881356173,-0.021180352332846));
#7567=CARTESIAN_POINT('',(-0.00823540962346973,0.0161598302751955,-0.0215094531750596));
#7568=CARTESIAN_POINT('',(-0.00736905834052053,0.0171483933404902,-0.0211818334695538));
#7569=CARTESIAN_POINT('',(-0.00731479300099701,0.017587950319986,-0.0204099394680593));
#7570=CARTESIAN_POINT('',(-0.00730534696136626,0.0176366677119687,-0.0200018155237659));
#7571=CARTESIAN_POINT('',(-0.00730534696136521,0.0176366677119699,-0.020001815523766));
#7572=CARTESIAN_POINT('',(-0.00730534696136446,0.0176366677119693,-0.0200018155237659));
#7573=CARTESIAN_POINT('',(-0.00726426611119062,0.0176089303433626,-0.0204094739974385));
#7574=CARTESIAN_POINT('',(-0.00691783368731547,0.017337484970939,-0.0211795052256477));
#7575=CARTESIAN_POINT('',(-0.0056047854829135,0.0172497415527111,-0.021509212277102));
#7576=CARTESIAN_POINT('',(-0.00459742484766165,0.0180881469058922,-0.021183644911838));
#7577=CARTESIAN_POINT('',(-0.00447336824411472,0.0185157154775717,-0.0204097969957482));
#7578=CARTESIAN_POINT('',(-0.00445642333912958,0.0185623391098965,-0.020001815523768));
#7579=CARTESIAN_POINT('',(-0.00445642333912811,0.0185623391098977,-0.0200018155237682));
#7580=CARTESIAN_POINT('',(-0.00445642333912735,0.018562339109897,-0.020001815523768));
#7581=CARTESIAN_POINT('',(-0.00442018741876578,0.0185285168444028,-0.0204094731429097));
#7582=CARTESIAN_POINT('',(-0.00412004858947763,0.0182063419383773,-0.0211794331223911));
#7583=CARTESIAN_POINT('',(-0.00283886010655698,0.0179137263675642,-0.0215094565459169));
#7584=CARTESIAN_POINT('',(-0.00170999026106683,0.0185855145521691,-0.0211827376961414));
#7585=CARTESIAN_POINT('',(-0.00152179780794403,0.0189875449098828,-0.020409800316908));
#7586=CARTESIAN_POINT('',(-0.00149776778426251,0.019030944114067,-0.0200018155237713));
#7587=CARTESIAN_POINT('',(-0.00149776778426046,0.0190309441140683,-0.0200018155237714));
#7588=CARTESIAN_POINT('',(-0.00149776778425966,0.0190309441140673,-0.0200018155237713));
#7589=CARTESIAN_POINT('',(-0.00146725981247131,0.0189918579952106,-0.020409595361292));
#7590=CARTESIAN_POINT('',(-0.00122086597003063,0.0186264101504692,-0.021179791662465));
#7591=CARTESIAN_POINT('',(-1.43168125827773E-6,0.0181373570756198,-0.0215093588710861));
#7592=CARTESIAN_POINT('',(0.0012184197471838,0.0186241644767483,-0.0211827704277851));
#7593=CARTESIAN_POINT('',(0.00146724290548714,0.0189918363343672,-0.0204098213457187));
#7594=CARTESIAN_POINT('',(0.00149776778425891,0.019030944114066,-0.0200018155237844));
#7595=CARTESIAN_POINT('',(0.00149776778426206,0.0190309441140674,-0.0200018155237847));
#7596=CARTESIAN_POINT('',(0.00149776778426302,0.0190309441140657,-0.0200018155237844));
#7597=CARTESIAN_POINT('',(0.00152177419683153,0.018987587552516,-0.0204093994444188));
#7598=CARTESIAN_POINT('',(0.00170807438395653,0.0185885246686482,-0.0211792470520777));
#7599=CARTESIAN_POINT('',(0.00283356650914206,0.0179145809595868,-0.0215094097706838));
#7600=CARTESIAN_POINT('',(0.00411722843474448,0.0182040266538865,-0.0211831031873709));
#7601=CARTESIAN_POINT('',(0.00442017358365312,0.0185285039308398,-0.0204096287892726));
#7602=CARTESIAN_POINT('',(0.00445642333912736,0.0185623391098973,-0.0200018155237651));
#7603=CARTESIAN_POINT('',(0.00445642333912889,0.0185623391098977,-0.0200018155237652));
#7604=CARTESIAN_POINT('',(0.00445642333912919,0.0185623391098969,-0.0200018155237651));
#7605=CARTESIAN_POINT('',(0.00447335878153355,0.0185157415137102,-0.0204095691657555));
#7606=CARTESIAN_POINT('',(0.00459501297187525,0.0180920816915399,-0.021179641962175));
#7607=CARTESIAN_POINT('',(0.00560229790197162,0.0172502277069394,-0.0215096348287472));
#7608=CARTESIAN_POINT('',(0.00691540651958935,0.0173364155420151,-0.0211818143336008));
#7609=CARTESIAN_POINT('',(0.00726423879022446,0.0176089118965269,-0.0204097451121395));
#7610=CARTESIAN_POINT('',(0.00730534696136321,0.0176366677119688,-0.0200018155237759));
#7611=CARTESIAN_POINT('',(0.007305346961366,0.017636667711969,-0.020001815523776));
#7612=CARTESIAN_POINT('',(0.00730534696136628,0.0176366677119675,-0.0200018155237759));
#7613=CARTESIAN_POINT('',(0.00731478608767785,0.0175879859750207,-0.0204096407723822));
#7614=CARTESIAN_POINT('',(0.00736858555017588,0.0171503417007937,-0.0211798786262923));
#7615=CARTESIAN_POINT('',(0.00823261443917391,0.0161612015710083,-0.0215094843570016));
#7616=CARTESIAN_POINT('',(0.00954163224147829,0.0160411837672489,-0.0211821813848462));
#7617=CARTESIAN_POINT('',(0.00992944149855142,0.016255738181539,-0.0204097738872732));
#7618=CARTESIAN_POINT('',(0.00997438869635552,0.0162767230222285,-0.0200018155237695));
#7619=CARTESIAN_POINT('',(0.00997438869635749,0.0162767230222284,-0.0200018155237696));
#7620=CARTESIAN_POINT('',(0.00997438869635753,0.0162767230222272,-0.0200018155237694));
#7621=CARTESIAN_POINT('',(0.00997609605694711,0.0162271655701141,-0.0204096281280333));
#7622=CARTESIAN_POINT('',(0.00996084468147837,0.0157865192352811,-0.0211797944782637));
#7623=CARTESIAN_POINT('',(0.0106591075228891,0.0146744360348859,-0.0215096591904085));
#7624=CARTESIAN_POINT('',(0.0119343828312624,0.0143510111548993,-0.0211815659119808));
#7625=CARTESIAN_POINT('',(0.0123501531207982,0.0145022967228643,-0.0204097583327968));
#7626=CARTESIAN_POINT('',(0.0123978278785448,0.0145159913923339,-0.0200018155237666));
#7627=CARTESIAN_POINT('',(0.0123978278785465,0.0145159913923335,-0.0200018155237667));
#7628=CARTESIAN_POINT('',(0.0123978278785464,0.0145159913923326,-0.0200018155237666));
#7629=CARTESIAN_POINT('',(0.0123917627988964,0.0144667856956278,-0.0204095559449796));
#7630=CARTESIAN_POINT('',(0.0123076504350348,0.0140341331532733,-0.0211797463412487));
#7631=CARTESIAN_POINT('',(0.0128236820709566,0.012826637894955,-0.0215091443330898));
#7632=CARTESIAN_POINT('',(0.0140298365726322,0.0123077572900355,-0.0211836715460474));
#7633=CARTESIAN_POINT('',(0.0144667486165645,0.0123917582285422,-0.0204098631986709));
#7634=CARTESIAN_POINT('',(0.0145159913923314,0.0123978278785465,-0.0200018155237753));
#7635=CARTESIAN_POINT('',(0.,0.,0.));
#7636=CARTESIAN_POINT('',(0.,0.,-0.018));
#7637=CARTESIAN_POINT('',(0.,0.,-0.018));
#7638=CARTESIAN_POINT('',(0.,0.,0.));
#7639=CARTESIAN_POINT('',(0.,0.,-0.0181));
#7640=CARTESIAN_POINT('',(0.,-0.014725,-0.0181));
#7641=CARTESIAN_POINT('',(0.,0.,-0.0181));
#7642=CARTESIAN_POINT('',(4.98732999343332E-18,0.,-0.0239));
#7643=CARTESIAN_POINT('',(0.,0.,0.));
#7644=CARTESIAN_POINT('',(0.0156867727686207,-0.00098910038624151,-0.00316085773083622));
#7645=CARTESIAN_POINT('',(3.67394039744206E-19,0.0202,-0.0218));
#7646=CARTESIAN_POINT('',(-0.00149776778426125,0.0190309441140693,-0.0139));
#7647=CARTESIAN_POINT('',(0.00149776778426111,0.0190309441140692,-0.0139));
#7648=CARTESIAN_POINT('',(0.0142835569799682,0.0142835569799683,-0.0218));
#7649=CARTESIAN_POINT('',(0.0123978278785467,0.0145159913923345,-0.0139));
#7650=CARTESIAN_POINT('',(0.0118732620963079,0.016342143286374,-0.0218));
#7651=CARTESIAN_POINT('',(0.00997438869635745,0.0162767230222295,-0.0139));
#7652=CARTESIAN_POINT('',(0.00917060809473874,0.0179983317886051,-0.0218));
#7653=CARTESIAN_POINT('',(0.00730534696136571,0.0176366677119705,-0.0139));
#7654=CARTESIAN_POINT('',(0.00624214328637381,0.0192113416291621,-0.0218));
#7655=CARTESIAN_POINT('',(0.0044564233391286,0.0185623391098985,-0.0139));
#7656=CARTESIAN_POINT('',(0.00315997619381254,0.0199513044800218,-0.0218));
#7657=CARTESIAN_POINT('',(-0.00315997619381281,0.0199513044800218,-0.0218));
#7658=CARTESIAN_POINT('',(-0.00445642333912887,0.0185623391098984,-0.0139));
#7659=CARTESIAN_POINT('',(-0.0118732620963081,0.0163421432863738,-0.0218));
#7660=CARTESIAN_POINT('',(-0.0123978278785469,0.0145159913923343,-0.0139));
#7661=CARTESIAN_POINT('',(-0.00997438869635769,0.0162767230222293,-0.0139));
#7662=CARTESIAN_POINT('',(-0.00624214328637409,0.019211341629162,-0.0218));
#7663=CARTESIAN_POINT('',(-0.00730534696136596,0.0176366677119704,-0.0139));
#7664=CARTESIAN_POINT('',(-0.009170608094739,0.017998331788605,-0.0218));
#7665=CARTESIAN_POINT('',(-0.0142835569799684,0.0142835569799681,-0.0218));
#7666=CARTESIAN_POINT('',(0.,0.,-0.001));
#7667=CARTESIAN_POINT('',(-0.0055,-5.51091059616309E-19,0.0032));
#7668=CARTESIAN_POINT('',(0.0055,1.22464679914735E-19,0.0032));
#7669=MECHANICAL_DESIGN_GEOMETRIC_PRESENTATION_REPRESENTATION('',(#1878),
#7670);
#7670=(
GEOMETRIC_REPRESENTATION_CONTEXT(3)
GLOBAL_UNCERTAINTY_ASSIGNED_CONTEXT((#7671))
GLOBAL_UNIT_ASSIGNED_CONTEXT((#7674,#7673,#7672))
REPRESENTATION_CONTEXT('Duran 29239107','TOP_LEVEL_ASSEMBLY_PART')
);
#7671=UNCERTAINTY_MEASURE_WITH_UNIT(LENGTH_MEASURE(2.E-5),#7674,
'DISTANCE_ACCURACY_VALUE','Maximum Tolerance applied to model');
#7672=(
NAMED_UNIT(*)
SI_UNIT($,.STERADIAN.)
SOLID_ANGLE_UNIT()
);
#7673=(
NAMED_UNIT(*)
PLANE_ANGLE_UNIT()
SI_UNIT($,.RADIAN.)
);
#7674=(
LENGTH_UNIT()
NAMED_UNIT(*)
SI_UNIT($,.METRE.)
);
#7675=PRODUCT_DEFINITION_SHAPE('','',#7676);
#7676=PRODUCT_DEFINITION('','',#7678,#7677);
#7677=PRODUCT_DEFINITION_CONTEXT('',#7684,'design');
#7678=PRODUCT_DEFINITION_FORMATION_WITH_SPECIFIED_SOURCE('','',#7680,
 .NOT_KNOWN.);
#7679=PRODUCT_RELATED_PRODUCT_CATEGORY('','',(#7680));
#7680=PRODUCT('Duran 29239107','Duran 29239107','Duran 29239107',(#7682));
#7681=PRODUCT_CATEGORY('','');
#7682=PRODUCT_CONTEXT('',#7684,'mechanical');
#7683=APPLICATION_PROTOCOL_DEFINITION('international standard',
'ap242_managed_model_based_3d_engineering',2020,#7684);
#7684=APPLICATION_CONTEXT('managed model based 3d engineering');
ENDSEC;
END-ISO-10303-21;
